tool,scope,type,file,line,commit,location_fingerprint,triage_group
Gitleaks,tree,generic-api-key,.env.example,35,,artifacts/security/source/.env.example:generic-api-key:35,FP-SECRET-FIXTURES
Gitleaks,tree,generic-api-key,Docs/CONTROL_CENTER.md,45,,artifacts/security/source/Docs/CONTROL_CENTER.md:generic-api-key:45,FP-SECRET-FIXTURES
Gitleaks,tree,generic-api-key,tests/test_control_center_log_authorization.py,56,,artifacts/security/source/tests/test_control_center_log_authorization.py:generic-api-key:56,FP-SECRET-FIXTURES
Gitleaks,tree,generic-api-key,tests/test_control_center_observability_ui.py,215,,artifacts/security/source/tests/test_control_center_observability_ui.py:generic-api-key:215,FP-SECRET-FIXTURES
Gitleaks,tree,private-key,tests/test_control_center.py,393,,artifacts/security/source/tests/test_control_center.py:private-key:393,FP-SECRET-FIXTURES
Gitleaks,tree,generic-api-key,tests/test_qa_observability_nexa_integration.py,26,,artifacts/security/source/tests/test_qa_observability_nexa_integration.py:generic-api-key:26,FP-SECRET-FIXTURES
Gitleaks,tree,generic-api-key,tests/test_qa_environment_script.py,179,,artifacts/security/source/tests/test_qa_environment_script.py:generic-api-key:179,FP-SECRET-FIXTURES
Gitleaks,history,generic-api-key,.env.example,35,0fb8e2fa1691c5d71a05ccf806aef79757aa62d9,0fb8e2fa1691c5d71a05ccf806aef79757aa62d9:.env.example:generic-api-key:35,FP-SECRET-FIXTURES
Gitleaks,history,generic-api-key,Docs/CONTROL_CENTER.md,41,0fb8e2fa1691c5d71a05ccf806aef79757aa62d9,0fb8e2fa1691c5d71a05ccf806aef79757aa62d9:Docs/CONTROL_CENTER.md:generic-api-key:41,FP-SECRET-FIXTURES
Gitleaks,history,generic-api-key,tests/test_control_center_log_authorization.py,49,0fb8e2fa1691c5d71a05ccf806aef79757aa62d9,0fb8e2fa1691c5d71a05ccf806aef79757aa62d9:tests/test_control_center_log_authorization.py:generic-api-key:49,FP-SECRET-FIXTURES
Gitleaks,history,private-key,tests/test_control_center.py,383,0fb8e2fa1691c5d71a05ccf806aef79757aa62d9,0fb8e2fa1691c5d71a05ccf806aef79757aa62d9:tests/test_control_center.py:private-key:383,FP-SECRET-FIXTURES
Gitleaks,history,generic-api-key,tests/test_control_center_observability_ui.py,208,0fb8e2fa1691c5d71a05ccf806aef79757aa62d9,0fb8e2fa1691c5d71a05ccf806aef79757aa62d9:tests/test_control_center_observability_ui.py:generic-api-key:208,FP-SECRET-FIXTURES
Gitleaks,history,generic-api-key,tests/test_qa_environment_script.py,179,0fb8e2fa1691c5d71a05ccf806aef79757aa62d9,0fb8e2fa1691c5d71a05ccf806aef79757aa62d9:tests/test_qa_environment_script.py:generic-api-key:179,FP-SECRET-FIXTURES
Gitleaks,history,generic-api-key,tests/test_qa_observability_nexa_integration.py,26,0fb8e2fa1691c5d71a05ccf806aef79757aa62d9,0fb8e2fa1691c5d71a05ccf806aef79757aa62d9:tests/test_qa_observability_nexa_integration.py:generic-api-key:26,FP-SECRET-FIXTURES
Gitleaks,history,generic-api-key,carcaça/Default/Extensions/ghbmnnjooekpmoecnnnilnnbdlolhkhi/1.109.1_1/manifest.json,24,16020ca5b0d061509545fb5a06a51f3347cafdbd,16020ca5b0d061509545fb5a06a51f3347cafdbd:carcaça/Default/Extensions/ghbmnnjooekpmoecnnnilnnbdlolhkhi/1.109.1_1/manifest.json:generic-api-key:24,SD-003/SD-004
Gitleaks,history,generic-api-key,carcaça/Default/Extensions/jmjflgjpcpepeafmmgdpfkogkghcpiha/1.2.1_1/manifest.json,10,16020ca5b0d061509545fb5a06a51f3347cafdbd,16020ca5b0d061509545fb5a06a51f3347cafdbd:carcaça/Default/Extensions/jmjflgjpcpepeafmmgdpfkogkghcpiha/1.2.1_1/manifest.json:generic-api-key:10,SD-003/SD-004
Gitleaks,history,generic-api-key,carcaça/Default/Extensions/pefhciejnkgdgoahgfeklebcbpmhnhhd/6.60.22_0/manifest.json,44,16020ca5b0d061509545fb5a06a51f3347cafdbd,16020ca5b0d061509545fb5a06a51f3347cafdbd:carcaça/Default/Extensions/pefhciejnkgdgoahgfeklebcbpmhnhhd/6.60.22_0/manifest.json:generic-api-key:44,SD-003/SD-004
Gitleaks,history,generic-api-key,carcaça/Default/Preferences,1,16020ca5b0d061509545fb5a06a51f3347cafdbd,16020ca5b0d061509545fb5a06a51f3347cafdbd:carcaça/Default/Preferences:generic-api-key:1,SD-003/SD-004
Gitleaks,history,generic-api-key,carcaça/Default/Preferences,1,16020ca5b0d061509545fb5a06a51f3347cafdbd,16020ca5b0d061509545fb5a06a51f3347cafdbd:carcaça/Default/Preferences:generic-api-key:1,SD-003/SD-004
Gitleaks,history,generic-api-key,carcaça/Default/Secure Preferences,1,16020ca5b0d061509545fb5a06a51f3347cafdbd,16020ca5b0d061509545fb5a06a51f3347cafdbd:carcaça/Default/Secure Preferences:generic-api-key:1,SD-003/SD-004
Gitleaks,history,generic-api-key,carcaça/Default/Secure Preferences,1,16020ca5b0d061509545fb5a06a51f3347cafdbd,16020ca5b0d061509545fb5a06a51f3347cafdbd:carcaça/Default/Secure Preferences:generic-api-key:1,SD-003/SD-004
Gitleaks,history,generic-api-key,carcaça/Default/Secure Preferences,1,16020ca5b0d061509545fb5a06a51f3347cafdbd,16020ca5b0d061509545fb5a06a51f3347cafdbd:carcaça/Default/Secure Preferences:generic-api-key:1,SD-003/SD-004
Gitleaks,history,generic-api-key,carcaça/Default/Secure Preferences,1,16020ca5b0d061509545fb5a06a51f3347cafdbd,16020ca5b0d061509545fb5a06a51f3347cafdbd:carcaça/Default/Secure Preferences:generic-api-key:1,SD-003/SD-004
Gitleaks,history,generic-api-key,carcaça/Default/Secure Preferences,1,16020ca5b0d061509545fb5a06a51f3347cafdbd,16020ca5b0d061509545fb5a06a51f3347cafdbd:carcaça/Default/Secure Preferences:generic-api-key:1,SD-003/SD-004
Gitleaks,history,generic-api-key,carcaça/Default/Secure Preferences,1,16020ca5b0d061509545fb5a06a51f3347cafdbd,16020ca5b0d061509545fb5a06a51f3347cafdbd:carcaça/Default/Secure Preferences:generic-api-key:1,SD-003/SD-004
Gitleaks,history,generic-api-key,carcaça/Default/Secure Preferences,1,16020ca5b0d061509545fb5a06a51f3347cafdbd,16020ca5b0d061509545fb5a06a51f3347cafdbd:carcaça/Default/Secure Preferences:generic-api-key:1,SD-003/SD-004
Gitleaks,history,generic-api-key,carcaça/Default/Secure Preferences,1,16020ca5b0d061509545fb5a06a51f3347cafdbd,16020ca5b0d061509545fb5a06a51f3347cafdbd:carcaça/Default/Secure Preferences:generic-api-key:1,SD-003/SD-004
Gitleaks,history,generic-api-key,carcaça/Default/Secure Preferences,1,16020ca5b0d061509545fb5a06a51f3347cafdbd,16020ca5b0d061509545fb5a06a51f3347cafdbd:carcaça/Default/Secure Preferences:generic-api-key:1,SD-003/SD-004
Gitleaks,history,generic-api-key,carcaça/Default/Secure Preferences,1,16020ca5b0d061509545fb5a06a51f3347cafdbd,16020ca5b0d061509545fb5a06a51f3347cafdbd:carcaça/Default/Secure Preferences:generic-api-key:1,SD-003/SD-004
Gitleaks,history,generic-api-key,carcaça/Default/Secure Preferences,1,16020ca5b0d061509545fb5a06a51f3347cafdbd,16020ca5b0d061509545fb5a06a51f3347cafdbd:carcaça/Default/Secure Preferences:generic-api-key:1,SD-003/SD-004
Gitleaks,history,generic-api-key,carcaça/Default/Secure Preferences,1,16020ca5b0d061509545fb5a06a51f3347cafdbd,16020ca5b0d061509545fb5a06a51f3347cafdbd:carcaça/Default/Secure Preferences:generic-api-key:1,SD-003/SD-004
Gitleaks,history,generic-api-key,carcaça/Default/Secure Preferences,1,16020ca5b0d061509545fb5a06a51f3347cafdbd,16020ca5b0d061509545fb5a06a51f3347cafdbd:carcaça/Default/Secure Preferences:generic-api-key:1,SD-003/SD-004
Gitleaks,history,generic-api-key,carcaça/Default/Secure Preferences,1,16020ca5b0d061509545fb5a06a51f3347cafdbd,16020ca5b0d061509545fb5a06a51f3347cafdbd:carcaça/Default/Secure Preferences:generic-api-key:1,SD-003/SD-004
Gitleaks,history,generic-api-key,carcaça/Local State,1,16020ca5b0d061509545fb5a06a51f3347cafdbd,16020ca5b0d061509545fb5a06a51f3347cafdbd:carcaça/Local State:generic-api-key:1,SD-003/SD-004
Gitleaks,history,generic-api-key,carcaça/SmartScreen/RemoteData/edgeSettings_2.0-a82cb2897a8bf9445d68dcc2be05af89ad4b2fda1fddb2952693be7cd5353ad3,46,16020ca5b0d061509545fb5a06a51f3347cafdbd,16020ca5b0d061509545fb5a06a51f3347cafdbd:carcaça/SmartScreen/RemoteData/edgeSettings_2.0-a82cb2897a8bf9445d68dcc2be05af89ad4b2fda1fddb2952693be7cd5353ad3:generic-api-key:46,SD-003/SD-004
Gitleaks,history,generic-api-key,carcaça/SmartScreen/RemoteData/edgeSettings_2.0-a82cb2897a8bf9445d68dcc2be05af89ad4b2fda1fddb2952693be7cd5353ad3,54,16020ca5b0d061509545fb5a06a51f3347cafdbd,16020ca5b0d061509545fb5a06a51f3347cafdbd:carcaça/SmartScreen/RemoteData/edgeSettings_2.0-a82cb2897a8bf9445d68dcc2be05af89ad4b2fda1fddb2952693be7cd5353ad3:generic-api-key:54,SD-003/SD-004
Gitleaks,history,generic-api-key,carcaça/SmartScreen/RemoteData/edgeSettings_2.0-a82cb2897a8bf9445d68dcc2be05af89ad4b2fda1fddb2952693be7cd5353ad3,58,16020ca5b0d061509545fb5a06a51f3347cafdbd,16020ca5b0d061509545fb5a06a51f3347cafdbd:carcaça/SmartScreen/RemoteData/edgeSettings_2.0-a82cb2897a8bf9445d68dcc2be05af89ad4b2fda1fddb2952693be7cd5353ad3:generic-api-key:58,SD-003/SD-004
Gitleaks,history,generic-api-key,carcaça/SmartScreen/RemoteData/edgeSettings_2.0-a82cb2897a8bf9445d68dcc2be05af89ad4b2fda1fddb2952693be7cd5353ad3,62,16020ca5b0d061509545fb5a06a51f3347cafdbd,16020ca5b0d061509545fb5a06a51f3347cafdbd:carcaça/SmartScreen/RemoteData/edgeSettings_2.0-a82cb2897a8bf9445d68dcc2be05af89ad4b2fda1fddb2952693be7cd5353ad3:generic-api-key:62,SD-003/SD-004
Gitleaks,history,generic-api-key,carcaça/SmartScreen/RemoteData/edgeSettings_2.0-a82cb2897a8bf9445d68dcc2be05af89ad4b2fda1fddb2952693be7cd5353ad3,66,16020ca5b0d061509545fb5a06a51f3347cafdbd,16020ca5b0d061509545fb5a06a51f3347cafdbd:carcaça/SmartScreen/RemoteData/edgeSettings_2.0-a82cb2897a8bf9445d68dcc2be05af89ad4b2fda1fddb2952693be7cd5353ad3:generic-api-key:66,SD-003/SD-004
Gitleaks,history,generic-api-key,carcaça/SmartScreen/RemoteData/edgeSettings_2.0-a82cb2897a8bf9445d68dcc2be05af89ad4b2fda1fddb2952693be7cd5353ad3,70,16020ca5b0d061509545fb5a06a51f3347cafdbd,16020ca5b0d061509545fb5a06a51f3347cafdbd:carcaça/SmartScreen/RemoteData/edgeSettings_2.0-a82cb2897a8bf9445d68dcc2be05af89ad4b2fda1fddb2952693be7cd5353ad3:generic-api-key:70,SD-003/SD-004
Gitleaks,history,generic-api-key,carcaça/SmartScreen/RemoteData/edgeSettings_2.0-a82cb2897a8bf9445d68dcc2be05af89ad4b2fda1fddb2952693be7cd5353ad3,74,16020ca5b0d061509545fb5a06a51f3347cafdbd,16020ca5b0d061509545fb5a06a51f3347cafdbd:carcaça/SmartScreen/RemoteData/edgeSettings_2.0-a82cb2897a8bf9445d68dcc2be05af89ad4b2fda1fddb2952693be7cd5353ad3:generic-api-key:74,SD-003/SD-004
Gitleaks,history,generic-api-key,carcaça/SmartScreen/RemoteData/edgeSettings_2.0-a82cb2897a8bf9445d68dcc2be05af89ad4b2fda1fddb2952693be7cd5353ad3,78,16020ca5b0d061509545fb5a06a51f3347cafdbd,16020ca5b0d061509545fb5a06a51f3347cafdbd:carcaça/SmartScreen/RemoteData/edgeSettings_2.0-a82cb2897a8bf9445d68dcc2be05af89ad4b2fda1fddb2952693be7cd5353ad3:generic-api-key:78,SD-003/SD-004
Gitleaks,history,generic-api-key,carcaça/SmartScreen/RemoteData/edgeSettings_2.0-a82cb2897a8bf9445d68dcc2be05af89ad4b2fda1fddb2952693be7cd5353ad3,82,16020ca5b0d061509545fb5a06a51f3347cafdbd,16020ca5b0d061509545fb5a06a51f3347cafdbd:carcaça/SmartScreen/RemoteData/edgeSettings_2.0-a82cb2897a8bf9445d68dcc2be05af89ad4b2fda1fddb2952693be7cd5353ad3:generic-api-key:82,SD-003/SD-004
Gitleaks,history,generic-api-key,carcaça/SmartScreen/RemoteData/edgeSettings_2.0-a82cb2897a8bf9445d68dcc2be05af89ad4b2fda1fddb2952693be7cd5353ad3,86,16020ca5b0d061509545fb5a06a51f3347cafdbd,16020ca5b0d061509545fb5a06a51f3347cafdbd:carcaça/SmartScreen/RemoteData/edgeSettings_2.0-a82cb2897a8bf9445d68dcc2be05af89ad4b2fda1fddb2952693be7cd5353ad3:generic-api-key:86,SD-003/SD-004
Gitleaks,history,generic-api-key,carcaça/SmartScreen/RemoteData/edgeSettings_2.0-a82cb2897a8bf9445d68dcc2be05af89ad4b2fda1fddb2952693be7cd5353ad3,90,16020ca5b0d061509545fb5a06a51f3347cafdbd,16020ca5b0d061509545fb5a06a51f3347cafdbd:carcaça/SmartScreen/RemoteData/edgeSettings_2.0-a82cb2897a8bf9445d68dcc2be05af89ad4b2fda1fddb2952693be7cd5353ad3:generic-api-key:90,SD-003/SD-004
Gitleaks,history,generic-api-key,carcaça/SmartScreen/RemoteData/edgeSettings_2.0-a82cb2897a8bf9445d68dcc2be05af89ad4b2fda1fddb2952693be7cd5353ad3,94,16020ca5b0d061509545fb5a06a51f3347cafdbd,16020ca5b0d061509545fb5a06a51f3347cafdbd:carcaça/SmartScreen/RemoteData/edgeSettings_2.0-a82cb2897a8bf9445d68dcc2be05af89ad4b2fda1fddb2952693be7cd5353ad3:generic-api-key:94,SD-003/SD-004
Gitleaks,history,generic-api-key,carcaça/SmartScreen/RemoteData/edgeSettings_2.0-a82cb2897a8bf9445d68dcc2be05af89ad4b2fda1fddb2952693be7cd5353ad3,106,16020ca5b0d061509545fb5a06a51f3347cafdbd,16020ca5b0d061509545fb5a06a51f3347cafdbd:carcaça/SmartScreen/RemoteData/edgeSettings_2.0-a82cb2897a8bf9445d68dcc2be05af89ad4b2fda1fddb2952693be7cd5353ad3:generic-api-key:106,SD-003/SD-004
Gitleaks,history,generic-api-key,carcaça/SmartScreen/RemoteData/edgeSettings_2.0-a82cb2897a8bf9445d68dcc2be05af89ad4b2fda1fddb2952693be7cd5353ad3,110,16020ca5b0d061509545fb5a06a51f3347cafdbd,16020ca5b0d061509545fb5a06a51f3347cafdbd:carcaça/SmartScreen/RemoteData/edgeSettings_2.0-a82cb2897a8bf9445d68dcc2be05af89ad4b2fda1fddb2952693be7cd5353ad3:generic-api-key:110,SD-003/SD-004
Gitleaks,history,generic-api-key,carcaça/SmartScreen/RemoteData/edgeSettings_2.0-a82cb2897a8bf9445d68dcc2be05af89ad4b2fda1fddb2952693be7cd5353ad3,118,16020ca5b0d061509545fb5a06a51f3347cafdbd,16020ca5b0d061509545fb5a06a51f3347cafdbd:carcaça/SmartScreen/RemoteData/edgeSettings_2.0-a82cb2897a8bf9445d68dcc2be05af89ad4b2fda1fddb2952693be7cd5353ad3:generic-api-key:118,SD-003/SD-004
Gitleaks,history,generic-api-key,carcaça/SmartScreen/RemoteData/edgeSettings_2.0-a82cb2897a8bf9445d68dcc2be05af89ad4b2fda1fddb2952693be7cd5353ad3,122,16020ca5b0d061509545fb5a06a51f3347cafdbd,16020ca5b0d061509545fb5a06a51f3347cafdbd:carcaça/SmartScreen/RemoteData/edgeSettings_2.0-a82cb2897a8bf9445d68dcc2be05af89ad4b2fda1fddb2952693be7cd5353ad3:generic-api-key:122,SD-003/SD-004
Gitleaks,history,generic-api-key,carcaça/SmartScreen/RemoteData/edgeSettings_2.0-a82cb2897a8bf9445d68dcc2be05af89ad4b2fda1fddb2952693be7cd5353ad3,130,16020ca5b0d061509545fb5a06a51f3347cafdbd,16020ca5b0d061509545fb5a06a51f3347cafdbd:carcaça/SmartScreen/RemoteData/edgeSettings_2.0-a82cb2897a8bf9445d68dcc2be05af89ad4b2fda1fddb2952693be7cd5353ad3:generic-api-key:130,SD-003/SD-004
Gitleaks,history,generic-api-key,carcaça/SmartScreen/RemoteData/edgeSettings_2.0-a82cb2897a8bf9445d68dcc2be05af89ad4b2fda1fddb2952693be7cd5353ad3,134,16020ca5b0d061509545fb5a06a51f3347cafdbd,16020ca5b0d061509545fb5a06a51f3347cafdbd:carcaça/SmartScreen/RemoteData/edgeSettings_2.0-a82cb2897a8bf9445d68dcc2be05af89ad4b2fda1fddb2952693be7cd5353ad3:generic-api-key:134,SD-003/SD-004
Gitleaks,history,generic-api-key,carcaça/SmartScreen/RemoteData/edgeSettings_2.0-a82cb2897a8bf9445d68dcc2be05af89ad4b2fda1fddb2952693be7cd5353ad3,142,16020ca5b0d061509545fb5a06a51f3347cafdbd,16020ca5b0d061509545fb5a06a51f3347cafdbd:carcaça/SmartScreen/RemoteData/edgeSettings_2.0-a82cb2897a8bf9445d68dcc2be05af89ad4b2fda1fddb2952693be7cd5353ad3:generic-api-key:142,SD-003/SD-004
Gitleaks,history,generic-api-key,carcaça/SmartScreen/RemoteData/edgeSettings_2.0-a82cb2897a8bf9445d68dcc2be05af89ad4b2fda1fddb2952693be7cd5353ad3,146,16020ca5b0d061509545fb5a06a51f3347cafdbd,16020ca5b0d061509545fb5a06a51f3347cafdbd:carcaça/SmartScreen/RemoteData/edgeSettings_2.0-a82cb2897a8bf9445d68dcc2be05af89ad4b2fda1fddb2952693be7cd5353ad3:generic-api-key:146,SD-003/SD-004
Gitleaks,history,generic-api-key,carcaça/SmartScreen/RemoteData/edgeSettings_2.0-a82cb2897a8bf9445d68dcc2be05af89ad4b2fda1fddb2952693be7cd5353ad3,154,16020ca5b0d061509545fb5a06a51f3347cafdbd,16020ca5b0d061509545fb5a06a51f3347cafdbd:carcaça/SmartScreen/RemoteData/edgeSettings_2.0-a82cb2897a8bf9445d68dcc2be05af89ad4b2fda1fddb2952693be7cd5353ad3:generic-api-key:154,SD-003/SD-004
Gitleaks,history,generic-api-key,carcaça/SmartScreen/RemoteData/edgeSettings_2.0-a82cb2897a8bf9445d68dcc2be05af89ad4b2fda1fddb2952693be7cd5353ad3,158,16020ca5b0d061509545fb5a06a51f3347cafdbd,16020ca5b0d061509545fb5a06a51f3347cafdbd:carcaça/SmartScreen/RemoteData/edgeSettings_2.0-a82cb2897a8bf9445d68dcc2be05af89ad4b2fda1fddb2952693be7cd5353ad3:generic-api-key:158,SD-003/SD-004
Gitleaks,history,generic-api-key,carcaça/SmartScreen/RemoteData/edgeSettings_2.0-a82cb2897a8bf9445d68dcc2be05af89ad4b2fda1fddb2952693be7cd5353ad3,162,16020ca5b0d061509545fb5a06a51f3347cafdbd,16020ca5b0d061509545fb5a06a51f3347cafdbd:carcaça/SmartScreen/RemoteData/edgeSettings_2.0-a82cb2897a8bf9445d68dcc2be05af89ad4b2fda1fddb2952693be7cd5353ad3:generic-api-key:162,SD-003/SD-004
Gitleaks,history,generic-api-key,carcaça/SmartScreen/RemoteData/edgeSettings_2.0-a82cb2897a8bf9445d68dcc2be05af89ad4b2fda1fddb2952693be7cd5353ad3,170,16020ca5b0d061509545fb5a06a51f3347cafdbd,16020ca5b0d061509545fb5a06a51f3347cafdbd:carcaça/SmartScreen/RemoteData/edgeSettings_2.0-a82cb2897a8bf9445d68dcc2be05af89ad4b2fda1fddb2952693be7cd5353ad3:generic-api-key:170,SD-003/SD-004
Gitleaks,history,generic-api-key,carcaça/SmartScreen/RemoteData/edgeSettings_2.0-a82cb2897a8bf9445d68dcc2be05af89ad4b2fda1fddb2952693be7cd5353ad3,174,16020ca5b0d061509545fb5a06a51f3347cafdbd,16020ca5b0d061509545fb5a06a51f3347cafdbd:carcaça/SmartScreen/RemoteData/edgeSettings_2.0-a82cb2897a8bf9445d68dcc2be05af89ad4b2fda1fddb2952693be7cd5353ad3:generic-api-key:174,SD-003/SD-004
Gitleaks,history,generic-api-key,carcaça/SmartScreen/RemoteData/edgeSettings_2.0-a82cb2897a8bf9445d68dcc2be05af89ad4b2fda1fddb2952693be7cd5353ad3,182,16020ca5b0d061509545fb5a06a51f3347cafdbd,16020ca5b0d061509545fb5a06a51f3347cafdbd:carcaça/SmartScreen/RemoteData/edgeSettings_2.0-a82cb2897a8bf9445d68dcc2be05af89ad4b2fda1fddb2952693be7cd5353ad3:generic-api-key:182,SD-003/SD-004
Gitleaks,history,generic-api-key,carcaça/SmartScreen/RemoteData/edgeSettings_2.0-a82cb2897a8bf9445d68dcc2be05af89ad4b2fda1fddb2952693be7cd5353ad3,190,16020ca5b0d061509545fb5a06a51f3347cafdbd,16020ca5b0d061509545fb5a06a51f3347cafdbd:carcaça/SmartScreen/RemoteData/edgeSettings_2.0-a82cb2897a8bf9445d68dcc2be05af89ad4b2fda1fddb2952693be7cd5353ad3:generic-api-key:190,SD-003/SD-004
Gitleaks,history,generic-api-key,carcaça/SmartScreen/RemoteData/edgeSettings_2.0-a82cb2897a8bf9445d68dcc2be05af89ad4b2fda1fddb2952693be7cd5353ad3,198,16020ca5b0d061509545fb5a06a51f3347cafdbd,16020ca5b0d061509545fb5a06a51f3347cafdbd:carcaça/SmartScreen/RemoteData/edgeSettings_2.0-a82cb2897a8bf9445d68dcc2be05af89ad4b2fda1fddb2952693be7cd5353ad3:generic-api-key:198,SD-003/SD-004
Gitleaks,history,generic-api-key,carcaça/SmartScreen/RemoteData/edgeSettings_2.0-a82cb2897a8bf9445d68dcc2be05af89ad4b2fda1fddb2952693be7cd5353ad3,202,16020ca5b0d061509545fb5a06a51f3347cafdbd,16020ca5b0d061509545fb5a06a51f3347cafdbd:carcaça/SmartScreen/RemoteData/edgeSettings_2.0-a82cb2897a8bf9445d68dcc2be05af89ad4b2fda1fddb2952693be7cd5353ad3:generic-api-key:202,SD-003/SD-004
Gitleaks,history,generic-api-key,carcaça/SmartScreen/RemoteData/edgeSettings_2.0-a82cb2897a8bf9445d68dcc2be05af89ad4b2fda1fddb2952693be7cd5353ad3,206,16020ca5b0d061509545fb5a06a51f3347cafdbd,16020ca5b0d061509545fb5a06a51f3347cafdbd:carcaça/SmartScreen/RemoteData/edgeSettings_2.0-a82cb2897a8bf9445d68dcc2be05af89ad4b2fda1fddb2952693be7cd5353ad3:generic-api-key:206,SD-003/SD-004
Gitleaks,history,generic-api-key,carcaça/SmartScreen/RemoteData/edgeSettings_2.0-a82cb2897a8bf9445d68dcc2be05af89ad4b2fda1fddb2952693be7cd5353ad3,210,16020ca5b0d061509545fb5a06a51f3347cafdbd,16020ca5b0d061509545fb5a06a51f3347cafdbd:carcaça/SmartScreen/RemoteData/edgeSettings_2.0-a82cb2897a8bf9445d68dcc2be05af89ad4b2fda1fddb2952693be7cd5353ad3:generic-api-key:210,SD-003/SD-004
Gitleaks,history,generic-api-key,carcaça/SmartScreen/RemoteData/edgeSettings_2.0-a82cb2897a8bf9445d68dcc2be05af89ad4b2fda1fddb2952693be7cd5353ad3,214,16020ca5b0d061509545fb5a06a51f3347cafdbd,16020ca5b0d061509545fb5a06a51f3347cafdbd:carcaça/SmartScreen/RemoteData/edgeSettings_2.0-a82cb2897a8bf9445d68dcc2be05af89ad4b2fda1fddb2952693be7cd5353ad3:generic-api-key:214,SD-003/SD-004
Gitleaks,history,generic-api-key,carcaça/SmartScreen/RemoteData/edgeSettings_2.0-a82cb2897a8bf9445d68dcc2be05af89ad4b2fda1fddb2952693be7cd5353ad3,222,16020ca5b0d061509545fb5a06a51f3347cafdbd,16020ca5b0d061509545fb5a06a51f3347cafdbd:carcaça/SmartScreen/RemoteData/edgeSettings_2.0-a82cb2897a8bf9445d68dcc2be05af89ad4b2fda1fddb2952693be7cd5353ad3:generic-api-key:222,SD-003/SD-004
Gitleaks,history,generic-api-key,carcaça/SmartScreen/RemoteData/edgeSettings_2.0-a82cb2897a8bf9445d68dcc2be05af89ad4b2fda1fddb2952693be7cd5353ad3,226,16020ca5b0d061509545fb5a06a51f3347cafdbd,16020ca5b0d061509545fb5a06a51f3347cafdbd:carcaça/SmartScreen/RemoteData/edgeSettings_2.0-a82cb2897a8bf9445d68dcc2be05af89ad4b2fda1fddb2952693be7cd5353ad3:generic-api-key:226,SD-003/SD-004
Gitleaks,history,generic-api-key,carcaça/SmartScreen/RemoteData/edgeSettings_2.0-a82cb2897a8bf9445d68dcc2be05af89ad4b2fda1fddb2952693be7cd5353ad3,230,16020ca5b0d061509545fb5a06a51f3347cafdbd,16020ca5b0d061509545fb5a06a51f3347cafdbd:carcaça/SmartScreen/RemoteData/edgeSettings_2.0-a82cb2897a8bf9445d68dcc2be05af89ad4b2fda1fddb2952693be7cd5353ad3:generic-api-key:230,SD-003/SD-004
Gitleaks,history,generic-api-key,carcaça/SmartScreen/RemoteData/edgeSettings_2.0-a82cb2897a8bf9445d68dcc2be05af89ad4b2fda1fddb2952693be7cd5353ad3,234,16020ca5b0d061509545fb5a06a51f3347cafdbd,16020ca5b0d061509545fb5a06a51f3347cafdbd:carcaça/SmartScreen/RemoteData/edgeSettings_2.0-a82cb2897a8bf9445d68dcc2be05af89ad4b2fda1fddb2952693be7cd5353ad3:generic-api-key:234,SD-003/SD-004
Gitleaks,history,generic-api-key,carcaça/SmartScreen/RemoteData/edgeSettings_2.0-a82cb2897a8bf9445d68dcc2be05af89ad4b2fda1fddb2952693be7cd5353ad3,238,16020ca5b0d061509545fb5a06a51f3347cafdbd,16020ca5b0d061509545fb5a06a51f3347cafdbd:carcaça/SmartScreen/RemoteData/edgeSettings_2.0-a82cb2897a8bf9445d68dcc2be05af89ad4b2fda1fddb2952693be7cd5353ad3:generic-api-key:238,SD-003/SD-004
Gitleaks,history,generic-api-key,carcaça/SmartScreen/RemoteData/edgeSettings_2.0-a82cb2897a8bf9445d68dcc2be05af89ad4b2fda1fddb2952693be7cd5353ad3,246,16020ca5b0d061509545fb5a06a51f3347cafdbd,16020ca5b0d061509545fb5a06a51f3347cafdbd:carcaça/SmartScreen/RemoteData/edgeSettings_2.0-a82cb2897a8bf9445d68dcc2be05af89ad4b2fda1fddb2952693be7cd5353ad3:generic-api-key:246,SD-003/SD-004
Gitleaks,history,generic-api-key,carcaça/SmartScreen/RemoteData/edgeSettings_2.0-a82cb2897a8bf9445d68dcc2be05af89ad4b2fda1fddb2952693be7cd5353ad3,254,16020ca5b0d061509545fb5a06a51f3347cafdbd,16020ca5b0d061509545fb5a06a51f3347cafdbd:carcaça/SmartScreen/RemoteData/edgeSettings_2.0-a82cb2897a8bf9445d68dcc2be05af89ad4b2fda1fddb2952693be7cd5353ad3:generic-api-key:254,SD-003/SD-004
Gitleaks,history,generic-api-key,carcaça/SmartScreen/RemoteData/edgeSettings_2.0-a82cb2897a8bf9445d68dcc2be05af89ad4b2fda1fddb2952693be7cd5353ad3,258,16020ca5b0d061509545fb5a06a51f3347cafdbd,16020ca5b0d061509545fb5a06a51f3347cafdbd:carcaça/SmartScreen/RemoteData/edgeSettings_2.0-a82cb2897a8bf9445d68dcc2be05af89ad4b2fda1fddb2952693be7cd5353ad3:generic-api-key:258,SD-003/SD-004
Gitleaks,history,generic-api-key,carcaça/SmartScreen/RemoteData/edgeSettings_2.0-a82cb2897a8bf9445d68dcc2be05af89ad4b2fda1fddb2952693be7cd5353ad3,262,16020ca5b0d061509545fb5a06a51f3347cafdbd,16020ca5b0d061509545fb5a06a51f3347cafdbd:carcaça/SmartScreen/RemoteData/edgeSettings_2.0-a82cb2897a8bf9445d68dcc2be05af89ad4b2fda1fddb2952693be7cd5353ad3:generic-api-key:262,SD-003/SD-004
Gitleaks,history,generic-api-key,carcaça/SmartScreen/RemoteData/edgeSettings_2.0-a82cb2897a8bf9445d68dcc2be05af89ad4b2fda1fddb2952693be7cd5353ad3,266,16020ca5b0d061509545fb5a06a51f3347cafdbd,16020ca5b0d061509545fb5a06a51f3347cafdbd:carcaça/SmartScreen/RemoteData/edgeSettings_2.0-a82cb2897a8bf9445d68dcc2be05af89ad4b2fda1fddb2952693be7cd5353ad3:generic-api-key:266,SD-003/SD-004
Gitleaks,history,generic-api-key,carcaça/SmartScreen/RemoteData/edgeSettings_2.0-a82cb2897a8bf9445d68dcc2be05af89ad4b2fda1fddb2952693be7cd5353ad3,270,16020ca5b0d061509545fb5a06a51f3347cafdbd,16020ca5b0d061509545fb5a06a51f3347cafdbd:carcaça/SmartScreen/RemoteData/edgeSettings_2.0-a82cb2897a8bf9445d68dcc2be05af89ad4b2fda1fddb2952693be7cd5353ad3:generic-api-key:270,SD-003/SD-004
Gitleaks,history,generic-api-key,carcaça/SmartScreen/RemoteData/edgeSettings_2.0-a82cb2897a8bf9445d68dcc2be05af89ad4b2fda1fddb2952693be7cd5353ad3,274,16020ca5b0d061509545fb5a06a51f3347cafdbd,16020ca5b0d061509545fb5a06a51f3347cafdbd:carcaça/SmartScreen/RemoteData/edgeSettings_2.0-a82cb2897a8bf9445d68dcc2be05af89ad4b2fda1fddb2952693be7cd5353ad3:generic-api-key:274,SD-003/SD-004
Gitleaks,history,generic-api-key,carcaça/SmartScreen/RemoteData/edgeSettings_2.0-a82cb2897a8bf9445d68dcc2be05af89ad4b2fda1fddb2952693be7cd5353ad3,278,16020ca5b0d061509545fb5a06a51f3347cafdbd,16020ca5b0d061509545fb5a06a51f3347cafdbd:carcaça/SmartScreen/RemoteData/edgeSettings_2.0-a82cb2897a8bf9445d68dcc2be05af89ad4b2fda1fddb2952693be7cd5353ad3:generic-api-key:278,SD-003/SD-004
Gitleaks,history,generic-api-key,carcaça/SmartScreen/RemoteData/edgeSettings_2.0-a82cb2897a8bf9445d68dcc2be05af89ad4b2fda1fddb2952693be7cd5353ad3,282,16020ca5b0d061509545fb5a06a51f3347cafdbd,16020ca5b0d061509545fb5a06a51f3347cafdbd:carcaça/SmartScreen/RemoteData/edgeSettings_2.0-a82cb2897a8bf9445d68dcc2be05af89ad4b2fda1fddb2952693be7cd5353ad3:generic-api-key:282,SD-003/SD-004
Gitleaks,history,generic-api-key,carcaça/SmartScreen/RemoteData/edgeSettings_2.0-a82cb2897a8bf9445d68dcc2be05af89ad4b2fda1fddb2952693be7cd5353ad3,286,16020ca5b0d061509545fb5a06a51f3347cafdbd,16020ca5b0d061509545fb5a06a51f3347cafdbd:carcaça/SmartScreen/RemoteData/edgeSettings_2.0-a82cb2897a8bf9445d68dcc2be05af89ad4b2fda1fddb2952693be7cd5353ad3:generic-api-key:286,SD-003/SD-004
Gitleaks,history,generic-api-key,carcaça/SmartScreen/RemoteData/edgeSettings_2.0-a82cb2897a8bf9445d68dcc2be05af89ad4b2fda1fddb2952693be7cd5353ad3,290,16020ca5b0d061509545fb5a06a51f3347cafdbd,16020ca5b0d061509545fb5a06a51f3347cafdbd:carcaça/SmartScreen/RemoteData/edgeSettings_2.0-a82cb2897a8bf9445d68dcc2be05af89ad4b2fda1fddb2952693be7cd5353ad3:generic-api-key:290,SD-003/SD-004
Gitleaks,history,generic-api-key,carcaça/SmartScreen/RemoteData/edgeSettings_2.0-a82cb2897a8bf9445d68dcc2be05af89ad4b2fda1fddb2952693be7cd5353ad3,294,16020ca5b0d061509545fb5a06a51f3347cafdbd,16020ca5b0d061509545fb5a06a51f3347cafdbd:carcaça/SmartScreen/RemoteData/edgeSettings_2.0-a82cb2897a8bf9445d68dcc2be05af89ad4b2fda1fddb2952693be7cd5353ad3:generic-api-key:294,SD-003/SD-004
Gitleaks,history,generic-api-key,carcaça/SmartScreen/RemoteData/edgeSettings_2.0-a82cb2897a8bf9445d68dcc2be05af89ad4b2fda1fddb2952693be7cd5353ad3,298,16020ca5b0d061509545fb5a06a51f3347cafdbd,16020ca5b0d061509545fb5a06a51f3347cafdbd:carcaça/SmartScreen/RemoteData/edgeSettings_2.0-a82cb2897a8bf9445d68dcc2be05af89ad4b2fda1fddb2952693be7cd5353ad3:generic-api-key:298,SD-003/SD-004
Gitleaks,history,generic-api-key,carcaça/SmartScreen/RemoteData/edgeSettings_2.0-a82cb2897a8bf9445d68dcc2be05af89ad4b2fda1fddb2952693be7cd5353ad3,306,16020ca5b0d061509545fb5a06a51f3347cafdbd,16020ca5b0d061509545fb5a06a51f3347cafdbd:carcaça/SmartScreen/RemoteData/edgeSettings_2.0-a82cb2897a8bf9445d68dcc2be05af89ad4b2fda1fddb2952693be7cd5353ad3:generic-api-key:306,SD-003/SD-004
Gitleaks,history,generic-api-key,carcaça/SmartScreen/RemoteData/edgeSettings_2.0-a82cb2897a8bf9445d68dcc2be05af89ad4b2fda1fddb2952693be7cd5353ad3,310,16020ca5b0d061509545fb5a06a51f3347cafdbd,16020ca5b0d061509545fb5a06a51f3347cafdbd:carcaça/SmartScreen/RemoteData/edgeSettings_2.0-a82cb2897a8bf9445d68dcc2be05af89ad4b2fda1fddb2952693be7cd5353ad3:generic-api-key:310,SD-003/SD-004
Gitleaks,history,generic-api-key,carcaça/SmartScreen/RemoteData/edgeSettings_2.0-a82cb2897a8bf9445d68dcc2be05af89ad4b2fda1fddb2952693be7cd5353ad3,314,16020ca5b0d061509545fb5a06a51f3347cafdbd,16020ca5b0d061509545fb5a06a51f3347cafdbd:carcaça/SmartScreen/RemoteData/edgeSettings_2.0-a82cb2897a8bf9445d68dcc2be05af89ad4b2fda1fddb2952693be7cd5353ad3:generic-api-key:314,SD-003/SD-004
Gitleaks,history,generic-api-key,carcaça/SmartScreen/RemoteData/edgeSettings_2.0-a82cb2897a8bf9445d68dcc2be05af89ad4b2fda1fddb2952693be7cd5353ad3,318,16020ca5b0d061509545fb5a06a51f3347cafdbd,16020ca5b0d061509545fb5a06a51f3347cafdbd:carcaça/SmartScreen/RemoteData/edgeSettings_2.0-a82cb2897a8bf9445d68dcc2be05af89ad4b2fda1fddb2952693be7cd5353ad3:generic-api-key:318,SD-003/SD-004
Gitleaks,history,generic-api-key,carcaça/SmartScreen/RemoteData/edgeSettings_2.0-a82cb2897a8bf9445d68dcc2be05af89ad4b2fda1fddb2952693be7cd5353ad3,322,16020ca5b0d061509545fb5a06a51f3347cafdbd,16020ca5b0d061509545fb5a06a51f3347cafdbd:carcaça/SmartScreen/RemoteData/edgeSettings_2.0-a82cb2897a8bf9445d68dcc2be05af89ad4b2fda1fddb2952693be7cd5353ad3:generic-api-key:322,SD-003/SD-004
Gitleaks,history,generic-api-key,carcaça/SmartScreen/RemoteData/edgeSettings_2.0-a82cb2897a8bf9445d68dcc2be05af89ad4b2fda1fddb2952693be7cd5353ad3,326,16020ca5b0d061509545fb5a06a51f3347cafdbd,16020ca5b0d061509545fb5a06a51f3347cafdbd:carcaça/SmartScreen/RemoteData/edgeSettings_2.0-a82cb2897a8bf9445d68dcc2be05af89ad4b2fda1fddb2952693be7cd5353ad3:generic-api-key:326,SD-003/SD-004
Gitleaks,history,generic-api-key,carcaça/SmartScreen/RemoteData/edgeSettings_2.0-a82cb2897a8bf9445d68dcc2be05af89ad4b2fda1fddb2952693be7cd5353ad3,334,16020ca5b0d061509545fb5a06a51f3347cafdbd,16020ca5b0d061509545fb5a06a51f3347cafdbd:carcaça/SmartScreen/RemoteData/edgeSettings_2.0-a82cb2897a8bf9445d68dcc2be05af89ad4b2fda1fddb2952693be7cd5353ad3:generic-api-key:334,SD-003/SD-004
Gitleaks,history,generic-api-key,carcaça/SmartScreen/RemoteData/edgeSettings_2.0-a82cb2897a8bf9445d68dcc2be05af89ad4b2fda1fddb2952693be7cd5353ad3,338,16020ca5b0d061509545fb5a06a51f3347cafdbd,16020ca5b0d061509545fb5a06a51f3347cafdbd:carcaça/SmartScreen/RemoteData/edgeSettings_2.0-a82cb2897a8bf9445d68dcc2be05af89ad4b2fda1fddb2952693be7cd5353ad3:generic-api-key:338,SD-003/SD-004
Gitleaks,history,generic-api-key,carcaça/SmartScreen/RemoteData/edgeSettings_2.0-a82cb2897a8bf9445d68dcc2be05af89ad4b2fda1fddb2952693be7cd5353ad3,342,16020ca5b0d061509545fb5a06a51f3347cafdbd,16020ca5b0d061509545fb5a06a51f3347cafdbd:carcaça/SmartScreen/RemoteData/edgeSettings_2.0-a82cb2897a8bf9445d68dcc2be05af89ad4b2fda1fddb2952693be7cd5353ad3:generic-api-key:342,SD-003/SD-004
Gitleaks,history,generic-api-key,carcaça/SmartScreen/RemoteData/edgeSettings_2.0-a82cb2897a8bf9445d68dcc2be05af89ad4b2fda1fddb2952693be7cd5353ad3,346,16020ca5b0d061509545fb5a06a51f3347cafdbd,16020ca5b0d061509545fb5a06a51f3347cafdbd:carcaça/SmartScreen/RemoteData/edgeSettings_2.0-a82cb2897a8bf9445d68dcc2be05af89ad4b2fda1fddb2952693be7cd5353ad3:generic-api-key:346,SD-003/SD-004
Gitleaks,history,generic-api-key,carcaça/SmartScreen/RemoteData/edgeSettings_2.0-a82cb2897a8bf9445d68dcc2be05af89ad4b2fda1fddb2952693be7cd5353ad3,350,16020ca5b0d061509545fb5a06a51f3347cafdbd,16020ca5b0d061509545fb5a06a51f3347cafdbd:carcaça/SmartScreen/RemoteData/edgeSettings_2.0-a82cb2897a8bf9445d68dcc2be05af89ad4b2fda1fddb2952693be7cd5353ad3:generic-api-key:350,SD-003/SD-004
Gitleaks,history,generic-api-key,carcaça/SmartScreen/RemoteData/edgeSettings_2.0-a82cb2897a8bf9445d68dcc2be05af89ad4b2fda1fddb2952693be7cd5353ad3,354,16020ca5b0d061509545fb5a06a51f3347cafdbd,16020ca5b0d061509545fb5a06a51f3347cafdbd:carcaça/SmartScreen/RemoteData/edgeSettings_2.0-a82cb2897a8bf9445d68dcc2be05af89ad4b2fda1fddb2952693be7cd5353ad3:generic-api-key:354,SD-003/SD-004
Gitleaks,history,generic-api-key,carcaça/SmartScreen/RemoteData/edgeSettings_2.0-a82cb2897a8bf9445d68dcc2be05af89ad4b2fda1fddb2952693be7cd5353ad3,362,16020ca5b0d061509545fb5a06a51f3347cafdbd,16020ca5b0d061509545fb5a06a51f3347cafdbd:carcaça/SmartScreen/RemoteData/edgeSettings_2.0-a82cb2897a8bf9445d68dcc2be05af89ad4b2fda1fddb2952693be7cd5353ad3:generic-api-key:362,SD-003/SD-004
Gitleaks,history,generic-api-key,carcaça/SmartScreen/RemoteData/edgeSettings_2.0-a82cb2897a8bf9445d68dcc2be05af89ad4b2fda1fddb2952693be7cd5353ad3,366,16020ca5b0d061509545fb5a06a51f3347cafdbd,16020ca5b0d061509545fb5a06a51f3347cafdbd:carcaça/SmartScreen/RemoteData/edgeSettings_2.0-a82cb2897a8bf9445d68dcc2be05af89ad4b2fda1fddb2952693be7cd5353ad3:generic-api-key:366,SD-003/SD-004
Gitleaks,history,generic-api-key,carcaça/SmartScreen/RemoteData/edgeSettings_2.0-a82cb2897a8bf9445d68dcc2be05af89ad4b2fda1fddb2952693be7cd5353ad3,370,16020ca5b0d061509545fb5a06a51f3347cafdbd,16020ca5b0d061509545fb5a06a51f3347cafdbd:carcaça/SmartScreen/RemoteData/edgeSettings_2.0-a82cb2897a8bf9445d68dcc2be05af89ad4b2fda1fddb2952693be7cd5353ad3:generic-api-key:370,SD-003/SD-004
Gitleaks,history,generic-api-key,carcaça/SmartScreen/RemoteData/edgeSettings_2.0-a82cb2897a8bf9445d68dcc2be05af89ad4b2fda1fddb2952693be7cd5353ad3,374,16020ca5b0d061509545fb5a06a51f3347cafdbd,16020ca5b0d061509545fb5a06a51f3347cafdbd:carcaça/SmartScreen/RemoteData/edgeSettings_2.0-a82cb2897a8bf9445d68dcc2be05af89ad4b2fda1fddb2952693be7cd5353ad3:generic-api-key:374,SD-003/SD-004
Gitleaks,history,generic-api-key,carcaça/SmartScreen/RemoteData/edgeSettings_2.0-a82cb2897a8bf9445d68dcc2be05af89ad4b2fda1fddb2952693be7cd5353ad3,378,16020ca5b0d061509545fb5a06a51f3347cafdbd,16020ca5b0d061509545fb5a06a51f3347cafdbd:carcaça/SmartScreen/RemoteData/edgeSettings_2.0-a82cb2897a8bf9445d68dcc2be05af89ad4b2fda1fddb2952693be7cd5353ad3:generic-api-key:378,SD-003/SD-004
Gitleaks,history,generic-api-key,carcaça/SmartScreen/RemoteData/edgeSettings_2.0-a82cb2897a8bf9445d68dcc2be05af89ad4b2fda1fddb2952693be7cd5353ad3,382,16020ca5b0d061509545fb5a06a51f3347cafdbd,16020ca5b0d061509545fb5a06a51f3347cafdbd:carcaça/SmartScreen/RemoteData/edgeSettings_2.0-a82cb2897a8bf9445d68dcc2be05af89ad4b2fda1fddb2952693be7cd5353ad3:generic-api-key:382,SD-003/SD-004
Gitleaks,history,generic-api-key,carcaça/SmartScreen/RemoteData/edgeSettings_2.0-a82cb2897a8bf9445d68dcc2be05af89ad4b2fda1fddb2952693be7cd5353ad3,386,16020ca5b0d061509545fb5a06a51f3347cafdbd,16020ca5b0d061509545fb5a06a51f3347cafdbd:carcaça/SmartScreen/RemoteData/edgeSettings_2.0-a82cb2897a8bf9445d68dcc2be05af89ad4b2fda1fddb2952693be7cd5353ad3:generic-api-key:386,SD-003/SD-004
Gitleaks,history,generic-api-key,carcaça/SmartScreen/RemoteData/edgeSettings_2.0-a82cb2897a8bf9445d68dcc2be05af89ad4b2fda1fddb2952693be7cd5353ad3,390,16020ca5b0d061509545fb5a06a51f3347cafdbd,16020ca5b0d061509545fb5a06a51f3347cafdbd:carcaça/SmartScreen/RemoteData/edgeSettings_2.0-a82cb2897a8bf9445d68dcc2be05af89ad4b2fda1fddb2952693be7cd5353ad3:generic-api-key:390,SD-003/SD-004
Gitleaks,history,generic-api-key,carcaça/SmartScreen/RemoteData/edgeSettings_2.0-a82cb2897a8bf9445d68dcc2be05af89ad4b2fda1fddb2952693be7cd5353ad3,398,16020ca5b0d061509545fb5a06a51f3347cafdbd,16020ca5b0d061509545fb5a06a51f3347cafdbd:carcaça/SmartScreen/RemoteData/edgeSettings_2.0-a82cb2897a8bf9445d68dcc2be05af89ad4b2fda1fddb2952693be7cd5353ad3:generic-api-key:398,SD-003/SD-004
Gitleaks,history,generic-api-key,carcaça/SmartScreen/RemoteData/edgeSettings_2.0-a82cb2897a8bf9445d68dcc2be05af89ad4b2fda1fddb2952693be7cd5353ad3,402,16020ca5b0d061509545fb5a06a51f3347cafdbd,16020ca5b0d061509545fb5a06a51f3347cafdbd:carcaça/SmartScreen/RemoteData/edgeSettings_2.0-a82cb2897a8bf9445d68dcc2be05af89ad4b2fda1fddb2952693be7cd5353ad3:generic-api-key:402,SD-003/SD-004
Gitleaks,history,generic-api-key,carcaça/SmartScreen/RemoteData/edgeSettings_2.0-a82cb2897a8bf9445d68dcc2be05af89ad4b2fda1fddb2952693be7cd5353ad3,414,16020ca5b0d061509545fb5a06a51f3347cafdbd,16020ca5b0d061509545fb5a06a51f3347cafdbd:carcaça/SmartScreen/RemoteData/edgeSettings_2.0-a82cb2897a8bf9445d68dcc2be05af89ad4b2fda1fddb2952693be7cd5353ad3:generic-api-key:414,SD-003/SD-004
Gitleaks,history,generic-api-key,carcaça/SmartScreen/RemoteData/edgeSettings_2.0-a82cb2897a8bf9445d68dcc2be05af89ad4b2fda1fddb2952693be7cd5353ad3,422,16020ca5b0d061509545fb5a06a51f3347cafdbd,16020ca5b0d061509545fb5a06a51f3347cafdbd:carcaça/SmartScreen/RemoteData/edgeSettings_2.0-a82cb2897a8bf9445d68dcc2be05af89ad4b2fda1fddb2952693be7cd5353ad3:generic-api-key:422,SD-003/SD-004
Gitleaks,history,generic-api-key,carcaça/SmartScreen/RemoteData/edgeSettings_2.0-a82cb2897a8bf9445d68dcc2be05af89ad4b2fda1fddb2952693be7cd5353ad3,426,16020ca5b0d061509545fb5a06a51f3347cafdbd,16020ca5b0d061509545fb5a06a51f3347cafdbd:carcaça/SmartScreen/RemoteData/edgeSettings_2.0-a82cb2897a8bf9445d68dcc2be05af89ad4b2fda1fddb2952693be7cd5353ad3:generic-api-key:426,SD-003/SD-004
Gitleaks,history,generic-api-key,carcaça/SmartScreen/RemoteData/edgeSettings_2.0-a82cb2897a8bf9445d68dcc2be05af89ad4b2fda1fddb2952693be7cd5353ad3,434,16020ca5b0d061509545fb5a06a51f3347cafdbd,16020ca5b0d061509545fb5a06a51f3347cafdbd:carcaça/SmartScreen/RemoteData/edgeSettings_2.0-a82cb2897a8bf9445d68dcc2be05af89ad4b2fda1fddb2952693be7cd5353ad3:generic-api-key:434,SD-003/SD-004
Gitleaks,history,generic-api-key,carcaça/SmartScreen/RemoteData/edgeSettings_2.0-a82cb2897a8bf9445d68dcc2be05af89ad4b2fda1fddb2952693be7cd5353ad3,438,16020ca5b0d061509545fb5a06a51f3347cafdbd,16020ca5b0d061509545fb5a06a51f3347cafdbd:carcaça/SmartScreen/RemoteData/edgeSettings_2.0-a82cb2897a8bf9445d68dcc2be05af89ad4b2fda1fddb2952693be7cd5353ad3:generic-api-key:438,SD-003/SD-004
Gitleaks,history,generic-api-key,carcaça/SmartScreen/RemoteData/edgeSettings_2.0-a82cb2897a8bf9445d68dcc2be05af89ad4b2fda1fddb2952693be7cd5353ad3,442,16020ca5b0d061509545fb5a06a51f3347cafdbd,16020ca5b0d061509545fb5a06a51f3347cafdbd:carcaça/SmartScreen/RemoteData/edgeSettings_2.0-a82cb2897a8bf9445d68dcc2be05af89ad4b2fda1fddb2952693be7cd5353ad3:generic-api-key:442,SD-003/SD-004
Gitleaks,history,generic-api-key,carcaça/SmartScreen/RemoteData/edgeSettings_2.0-a82cb2897a8bf9445d68dcc2be05af89ad4b2fda1fddb2952693be7cd5353ad3,446,16020ca5b0d061509545fb5a06a51f3347cafdbd,16020ca5b0d061509545fb5a06a51f3347cafdbd:carcaça/SmartScreen/RemoteData/edgeSettings_2.0-a82cb2897a8bf9445d68dcc2be05af89ad4b2fda1fddb2952693be7cd5353ad3:generic-api-key:446,SD-003/SD-004
Gitleaks,history,generic-api-key,carcaça/SmartScreen/RemoteData/edgeSettings_2.0-a82cb2897a8bf9445d68dcc2be05af89ad4b2fda1fddb2952693be7cd5353ad3,450,16020ca5b0d061509545fb5a06a51f3347cafdbd,16020ca5b0d061509545fb5a06a51f3347cafdbd:carcaça/SmartScreen/RemoteData/edgeSettings_2.0-a82cb2897a8bf9445d68dcc2be05af89ad4b2fda1fddb2952693be7cd5353ad3:generic-api-key:450,SD-003/SD-004
Gitleaks,history,generic-api-key,carcaça/SmartScreen/RemoteData/edgeSettings_2.0-a82cb2897a8bf9445d68dcc2be05af89ad4b2fda1fddb2952693be7cd5353ad3,454,16020ca5b0d061509545fb5a06a51f3347cafdbd,16020ca5b0d061509545fb5a06a51f3347cafdbd:carcaça/SmartScreen/RemoteData/edgeSettings_2.0-a82cb2897a8bf9445d68dcc2be05af89ad4b2fda1fddb2952693be7cd5353ad3:generic-api-key:454,SD-003/SD-004
Gitleaks,history,generic-api-key,carcaça/SmartScreen/RemoteData/edgeSettings_2.0-a82cb2897a8bf9445d68dcc2be05af89ad4b2fda1fddb2952693be7cd5353ad3,462,16020ca5b0d061509545fb5a06a51f3347cafdbd,16020ca5b0d061509545fb5a06a51f3347cafdbd:carcaça/SmartScreen/RemoteData/edgeSettings_2.0-a82cb2897a8bf9445d68dcc2be05af89ad4b2fda1fddb2952693be7cd5353ad3:generic-api-key:462,SD-003/SD-004
Gitleaks,history,generic-api-key,carcaça/SmartScreen/RemoteData/edgeSettings_2.0-a82cb2897a8bf9445d68dcc2be05af89ad4b2fda1fddb2952693be7cd5353ad3,474,16020ca5b0d061509545fb5a06a51f3347cafdbd,16020ca5b0d061509545fb5a06a51f3347cafdbd:carcaça/SmartScreen/RemoteData/edgeSettings_2.0-a82cb2897a8bf9445d68dcc2be05af89ad4b2fda1fddb2952693be7cd5353ad3:generic-api-key:474,SD-003/SD-004
Gitleaks,history,generic-api-key,carcaça/SmartScreen/RemoteData/edgeSettings_2.0-a82cb2897a8bf9445d68dcc2be05af89ad4b2fda1fddb2952693be7cd5353ad3,478,16020ca5b0d061509545fb5a06a51f3347cafdbd,16020ca5b0d061509545fb5a06a51f3347cafdbd:carcaça/SmartScreen/RemoteData/edgeSettings_2.0-a82cb2897a8bf9445d68dcc2be05af89ad4b2fda1fddb2952693be7cd5353ad3:generic-api-key:478,SD-003/SD-004
Gitleaks,history,generic-api-key,carcaça/SmartScreen/RemoteData/edgeSettings_2.0-a82cb2897a8bf9445d68dcc2be05af89ad4b2fda1fddb2952693be7cd5353ad3,490,16020ca5b0d061509545fb5a06a51f3347cafdbd,16020ca5b0d061509545fb5a06a51f3347cafdbd:carcaça/SmartScreen/RemoteData/edgeSettings_2.0-a82cb2897a8bf9445d68dcc2be05af89ad4b2fda1fddb2952693be7cd5353ad3:generic-api-key:490,SD-003/SD-004
Gitleaks,history,generic-api-key,carcaça/SmartScreen/RemoteData/edgeSettings_2.0-a82cb2897a8bf9445d68dcc2be05af89ad4b2fda1fddb2952693be7cd5353ad3,494,16020ca5b0d061509545fb5a06a51f3347cafdbd,16020ca5b0d061509545fb5a06a51f3347cafdbd:carcaça/SmartScreen/RemoteData/edgeSettings_2.0-a82cb2897a8bf9445d68dcc2be05af89ad4b2fda1fddb2952693be7cd5353ad3:generic-api-key:494,SD-003/SD-004
Gitleaks,history,generic-api-key,carcaça/SmartScreen/RemoteData/edgeSettings_2.0-a82cb2897a8bf9445d68dcc2be05af89ad4b2fda1fddb2952693be7cd5353ad3,498,16020ca5b0d061509545fb5a06a51f3347cafdbd,16020ca5b0d061509545fb5a06a51f3347cafdbd:carcaça/SmartScreen/RemoteData/edgeSettings_2.0-a82cb2897a8bf9445d68dcc2be05af89ad4b2fda1fddb2952693be7cd5353ad3:generic-api-key:498,SD-003/SD-004
Gitleaks,history,generic-api-key,carcaça/SmartScreen/RemoteData/edgeSettings_2.0-a82cb2897a8bf9445d68dcc2be05af89ad4b2fda1fddb2952693be7cd5353ad3,502,16020ca5b0d061509545fb5a06a51f3347cafdbd,16020ca5b0d061509545fb5a06a51f3347cafdbd:carcaça/SmartScreen/RemoteData/edgeSettings_2.0-a82cb2897a8bf9445d68dcc2be05af89ad4b2fda1fddb2952693be7cd5353ad3:generic-api-key:502,SD-003/SD-004
Gitleaks,history,generic-api-key,carcaça/SmartScreen/RemoteData/edgeSettings_2.0-a82cb2897a8bf9445d68dcc2be05af89ad4b2fda1fddb2952693be7cd5353ad3,506,16020ca5b0d061509545fb5a06a51f3347cafdbd,16020ca5b0d061509545fb5a06a51f3347cafdbd:carcaça/SmartScreen/RemoteData/edgeSettings_2.0-a82cb2897a8bf9445d68dcc2be05af89ad4b2fda1fddb2952693be7cd5353ad3:generic-api-key:506,SD-003/SD-004
Gitleaks,history,generic-api-key,carcaça/SmartScreen/RemoteData/edgeSettings_2.0-a82cb2897a8bf9445d68dcc2be05af89ad4b2fda1fddb2952693be7cd5353ad3,514,16020ca5b0d061509545fb5a06a51f3347cafdbd,16020ca5b0d061509545fb5a06a51f3347cafdbd:carcaça/SmartScreen/RemoteData/edgeSettings_2.0-a82cb2897a8bf9445d68dcc2be05af89ad4b2fda1fddb2952693be7cd5353ad3:generic-api-key:514,SD-003/SD-004
Gitleaks,history,generic-api-key,carcaça/SmartScreen/RemoteData/edgeSettings_2.0-a82cb2897a8bf9445d68dcc2be05af89ad4b2fda1fddb2952693be7cd5353ad3,518,16020ca5b0d061509545fb5a06a51f3347cafdbd,16020ca5b0d061509545fb5a06a51f3347cafdbd:carcaça/SmartScreen/RemoteData/edgeSettings_2.0-a82cb2897a8bf9445d68dcc2be05af89ad4b2fda1fddb2952693be7cd5353ad3:generic-api-key:518,SD-003/SD-004
Gitleaks,history,generic-api-key,carcaça/SmartScreen/RemoteData/edgeSettings_2.0-a82cb2897a8bf9445d68dcc2be05af89ad4b2fda1fddb2952693be7cd5353ad3,522,16020ca5b0d061509545fb5a06a51f3347cafdbd,16020ca5b0d061509545fb5a06a51f3347cafdbd:carcaça/SmartScreen/RemoteData/edgeSettings_2.0-a82cb2897a8bf9445d68dcc2be05af89ad4b2fda1fddb2952693be7cd5353ad3:generic-api-key:522,SD-003/SD-004
Gitleaks,history,generic-api-key,carcaça/SmartScreen/RemoteData/edgeSettings_2.0-a82cb2897a8bf9445d68dcc2be05af89ad4b2fda1fddb2952693be7cd5353ad3,526,16020ca5b0d061509545fb5a06a51f3347cafdbd,16020ca5b0d061509545fb5a06a51f3347cafdbd:carcaça/SmartScreen/RemoteData/edgeSettings_2.0-a82cb2897a8bf9445d68dcc2be05af89ad4b2fda1fddb2952693be7cd5353ad3:generic-api-key:526,SD-003/SD-004
Gitleaks,history,generic-api-key,carcaça/SmartScreen/RemoteData/edgeSettings_2.0-a82cb2897a8bf9445d68dcc2be05af89ad4b2fda1fddb2952693be7cd5353ad3,530,16020ca5b0d061509545fb5a06a51f3347cafdbd,16020ca5b0d061509545fb5a06a51f3347cafdbd:carcaça/SmartScreen/RemoteData/edgeSettings_2.0-a82cb2897a8bf9445d68dcc2be05af89ad4b2fda1fddb2952693be7cd5353ad3:generic-api-key:530,SD-003/SD-004
Gitleaks,history,generic-api-key,carcaça/SmartScreen/RemoteData/edgeSettings_2.0-a82cb2897a8bf9445d68dcc2be05af89ad4b2fda1fddb2952693be7cd5353ad3,534,16020ca5b0d061509545fb5a06a51f3347cafdbd,16020ca5b0d061509545fb5a06a51f3347cafdbd:carcaça/SmartScreen/RemoteData/edgeSettings_2.0-a82cb2897a8bf9445d68dcc2be05af89ad4b2fda1fddb2952693be7cd5353ad3:generic-api-key:534,SD-003/SD-004
Gitleaks,history,generic-api-key,carcaça/SmartScreen/RemoteData/edgeSettings_2.0-a82cb2897a8bf9445d68dcc2be05af89ad4b2fda1fddb2952693be7cd5353ad3,542,16020ca5b0d061509545fb5a06a51f3347cafdbd,16020ca5b0d061509545fb5a06a51f3347cafdbd:carcaça/SmartScreen/RemoteData/edgeSettings_2.0-a82cb2897a8bf9445d68dcc2be05af89ad4b2fda1fddb2952693be7cd5353ad3:generic-api-key:542,SD-003/SD-004
Gitleaks,history,generic-api-key,carcaça/SmartScreen/RemoteData/edgeSettings_2.0-a82cb2897a8bf9445d68dcc2be05af89ad4b2fda1fddb2952693be7cd5353ad3,550,16020ca5b0d061509545fb5a06a51f3347cafdbd,16020ca5b0d061509545fb5a06a51f3347cafdbd:carcaça/SmartScreen/RemoteData/edgeSettings_2.0-a82cb2897a8bf9445d68dcc2be05af89ad4b2fda1fddb2952693be7cd5353ad3:generic-api-key:550,SD-003/SD-004
Gitleaks,history,generic-api-key,carcaça/SmartScreen/RemoteData/edgeSettings_2.0-a82cb2897a8bf9445d68dcc2be05af89ad4b2fda1fddb2952693be7cd5353ad3,554,16020ca5b0d061509545fb5a06a51f3347cafdbd,16020ca5b0d061509545fb5a06a51f3347cafdbd:carcaça/SmartScreen/RemoteData/edgeSettings_2.0-a82cb2897a8bf9445d68dcc2be05af89ad4b2fda1fddb2952693be7cd5353ad3:generic-api-key:554,SD-003/SD-004
Gitleaks,history,generic-api-key,carcaça/SmartScreen/RemoteData/edgeSettings_2.0-a82cb2897a8bf9445d68dcc2be05af89ad4b2fda1fddb2952693be7cd5353ad3,558,16020ca5b0d061509545fb5a06a51f3347cafdbd,16020ca5b0d061509545fb5a06a51f3347cafdbd:carcaça/SmartScreen/RemoteData/edgeSettings_2.0-a82cb2897a8bf9445d68dcc2be05af89ad4b2fda1fddb2952693be7cd5353ad3:generic-api-key:558,SD-003/SD-004
Gitleaks,history,generic-api-key,carcaça/SmartScreen/RemoteData/edgeSettings_2.0-a82cb2897a8bf9445d68dcc2be05af89ad4b2fda1fddb2952693be7cd5353ad3,562,16020ca5b0d061509545fb5a06a51f3347cafdbd,16020ca5b0d061509545fb5a06a51f3347cafdbd:carcaça/SmartScreen/RemoteData/edgeSettings_2.0-a82cb2897a8bf9445d68dcc2be05af89ad4b2fda1fddb2952693be7cd5353ad3:generic-api-key:562,SD-003/SD-004
Gitleaks,history,generic-api-key,carcaça/SmartScreen/RemoteData/edgeSettings_2.0-a82cb2897a8bf9445d68dcc2be05af89ad4b2fda1fddb2952693be7cd5353ad3,570,16020ca5b0d061509545fb5a06a51f3347cafdbd,16020ca5b0d061509545fb5a06a51f3347cafdbd:carcaça/SmartScreen/RemoteData/edgeSettings_2.0-a82cb2897a8bf9445d68dcc2be05af89ad4b2fda1fddb2952693be7cd5353ad3:generic-api-key:570,SD-003/SD-004
Gitleaks,history,generic-api-key,carcaça/SmartScreen/RemoteData/edgeSettings_2.0-a82cb2897a8bf9445d68dcc2be05af89ad4b2fda1fddb2952693be7cd5353ad3,574,16020ca5b0d061509545fb5a06a51f3347cafdbd,16020ca5b0d061509545fb5a06a51f3347cafdbd:carcaça/SmartScreen/RemoteData/edgeSettings_2.0-a82cb2897a8bf9445d68dcc2be05af89ad4b2fda1fddb2952693be7cd5353ad3:generic-api-key:574,SD-003/SD-004
Gitleaks,history,generic-api-key,carcaça/SmartScreen/RemoteData/edgeSettings_2.0-a82cb2897a8bf9445d68dcc2be05af89ad4b2fda1fddb2952693be7cd5353ad3,578,16020ca5b0d061509545fb5a06a51f3347cafdbd,16020ca5b0d061509545fb5a06a51f3347cafdbd:carcaça/SmartScreen/RemoteData/edgeSettings_2.0-a82cb2897a8bf9445d68dcc2be05af89ad4b2fda1fddb2952693be7cd5353ad3:generic-api-key:578,SD-003/SD-004
Gitleaks,history,generic-api-key,carcaça/SmartScreen/RemoteData/edgeSettings_2.0-a82cb2897a8bf9445d68dcc2be05af89ad4b2fda1fddb2952693be7cd5353ad3,582,16020ca5b0d061509545fb5a06a51f3347cafdbd,16020ca5b0d061509545fb5a06a51f3347cafdbd:carcaça/SmartScreen/RemoteData/edgeSettings_2.0-a82cb2897a8bf9445d68dcc2be05af89ad4b2fda1fddb2952693be7cd5353ad3:generic-api-key:582,SD-003/SD-004
Gitleaks,history,generic-api-key,carcaça/SmartScreen/RemoteData/edgeSettings_2.0-a82cb2897a8bf9445d68dcc2be05af89ad4b2fda1fddb2952693be7cd5353ad3,586,16020ca5b0d061509545fb5a06a51f3347cafdbd,16020ca5b0d061509545fb5a06a51f3347cafdbd:carcaça/SmartScreen/RemoteData/edgeSettings_2.0-a82cb2897a8bf9445d68dcc2be05af89ad4b2fda1fddb2952693be7cd5353ad3:generic-api-key:586,SD-003/SD-004
Gitleaks,history,generic-api-key,carcaça/SmartScreen/RemoteData/edgeSettings_2.0-a82cb2897a8bf9445d68dcc2be05af89ad4b2fda1fddb2952693be7cd5353ad3,594,16020ca5b0d061509545fb5a06a51f3347cafdbd,16020ca5b0d061509545fb5a06a51f3347cafdbd:carcaça/SmartScreen/RemoteData/edgeSettings_2.0-a82cb2897a8bf9445d68dcc2be05af89ad4b2fda1fddb2952693be7cd5353ad3:generic-api-key:594,SD-003/SD-004
Gitleaks,history,generic-api-key,carcaça/SmartScreen/RemoteData/edgeSettings_2.0-a82cb2897a8bf9445d68dcc2be05af89ad4b2fda1fddb2952693be7cd5353ad3,598,16020ca5b0d061509545fb5a06a51f3347cafdbd,16020ca5b0d061509545fb5a06a51f3347cafdbd:carcaça/SmartScreen/RemoteData/edgeSettings_2.0-a82cb2897a8bf9445d68dcc2be05af89ad4b2fda1fddb2952693be7cd5353ad3:generic-api-key:598,SD-003/SD-004
Gitleaks,history,generic-api-key,carcaça/SmartScreen/RemoteData/edgeSettings_2.0-a82cb2897a8bf9445d68dcc2be05af89ad4b2fda1fddb2952693be7cd5353ad3,602,16020ca5b0d061509545fb5a06a51f3347cafdbd,16020ca5b0d061509545fb5a06a51f3347cafdbd:carcaça/SmartScreen/RemoteData/edgeSettings_2.0-a82cb2897a8bf9445d68dcc2be05af89ad4b2fda1fddb2952693be7cd5353ad3:generic-api-key:602,SD-003/SD-004
Gitleaks,history,generic-api-key,carcaça/SmartScreen/RemoteData/edgeSettings_2.0-a82cb2897a8bf9445d68dcc2be05af89ad4b2fda1fddb2952693be7cd5353ad3,606,16020ca5b0d061509545fb5a06a51f3347cafdbd,16020ca5b0d061509545fb5a06a51f3347cafdbd:carcaça/SmartScreen/RemoteData/edgeSettings_2.0-a82cb2897a8bf9445d68dcc2be05af89ad4b2fda1fddb2952693be7cd5353ad3:generic-api-key:606,SD-003/SD-004
Gitleaks,history,generic-api-key,carcaça/SmartScreen/RemoteData/edgeSettings_2.0-a82cb2897a8bf9445d68dcc2be05af89ad4b2fda1fddb2952693be7cd5353ad3,610,16020ca5b0d061509545fb5a06a51f3347cafdbd,16020ca5b0d061509545fb5a06a51f3347cafdbd:carcaça/SmartScreen/RemoteData/edgeSettings_2.0-a82cb2897a8bf9445d68dcc2be05af89ad4b2fda1fddb2952693be7cd5353ad3:generic-api-key:610,SD-003/SD-004
Gitleaks,history,generic-api-key,carcaça/SmartScreen/RemoteData/edgeSettings_2.0-a82cb2897a8bf9445d68dcc2be05af89ad4b2fda1fddb2952693be7cd5353ad3,618,16020ca5b0d061509545fb5a06a51f3347cafdbd,16020ca5b0d061509545fb5a06a51f3347cafdbd:carcaça/SmartScreen/RemoteData/edgeSettings_2.0-a82cb2897a8bf9445d68dcc2be05af89ad4b2fda1fddb2952693be7cd5353ad3:generic-api-key:618,SD-003/SD-004
Gitleaks,history,generic-api-key,carcaça/SmartScreen/RemoteData/edgeSettings_2.0-a82cb2897a8bf9445d68dcc2be05af89ad4b2fda1fddb2952693be7cd5353ad3,622,16020ca5b0d061509545fb5a06a51f3347cafdbd,16020ca5b0d061509545fb5a06a51f3347cafdbd:carcaça/SmartScreen/RemoteData/edgeSettings_2.0-a82cb2897a8bf9445d68dcc2be05af89ad4b2fda1fddb2952693be7cd5353ad3:generic-api-key:622,SD-003/SD-004
Gitleaks,history,generic-api-key,carcaça/SmartScreen/RemoteData/edgeSettings_2.0-a82cb2897a8bf9445d68dcc2be05af89ad4b2fda1fddb2952693be7cd5353ad3,626,16020ca5b0d061509545fb5a06a51f3347cafdbd,16020ca5b0d061509545fb5a06a51f3347cafdbd:carcaça/SmartScreen/RemoteData/edgeSettings_2.0-a82cb2897a8bf9445d68dcc2be05af89ad4b2fda1fddb2952693be7cd5353ad3:generic-api-key:626,SD-003/SD-004
Gitleaks,history,generic-api-key,carcaça/SmartScreen/RemoteData/edgeSettings_2.0-a82cb2897a8bf9445d68dcc2be05af89ad4b2fda1fddb2952693be7cd5353ad3,630,16020ca5b0d061509545fb5a06a51f3347cafdbd,16020ca5b0d061509545fb5a06a51f3347cafdbd:carcaça/SmartScreen/RemoteData/edgeSettings_2.0-a82cb2897a8bf9445d68dcc2be05af89ad4b2fda1fddb2952693be7cd5353ad3:generic-api-key:630,SD-003/SD-004
Gitleaks,history,generic-api-key,carcaça/SmartScreen/RemoteData/edgeSettings_2.0-a82cb2897a8bf9445d68dcc2be05af89ad4b2fda1fddb2952693be7cd5353ad3,634,16020ca5b0d061509545fb5a06a51f3347cafdbd,16020ca5b0d061509545fb5a06a51f3347cafdbd:carcaça/SmartScreen/RemoteData/edgeSettings_2.0-a82cb2897a8bf9445d68dcc2be05af89ad4b2fda1fddb2952693be7cd5353ad3:generic-api-key:634,SD-003/SD-004
Gitleaks,history,generic-api-key,carcaça/SmartScreen/RemoteData/edgeSettings_2.0-a82cb2897a8bf9445d68dcc2be05af89ad4b2fda1fddb2952693be7cd5353ad3,638,16020ca5b0d061509545fb5a06a51f3347cafdbd,16020ca5b0d061509545fb5a06a51f3347cafdbd:carcaça/SmartScreen/RemoteData/edgeSettings_2.0-a82cb2897a8bf9445d68dcc2be05af89ad4b2fda1fddb2952693be7cd5353ad3:generic-api-key:638,SD-003/SD-004
Gitleaks,history,generic-api-key,carcaça/SmartScreen/RemoteData/edgeSettings_2.0-a82cb2897a8bf9445d68dcc2be05af89ad4b2fda1fddb2952693be7cd5353ad3,646,16020ca5b0d061509545fb5a06a51f3347cafdbd,16020ca5b0d061509545fb5a06a51f3347cafdbd:carcaça/SmartScreen/RemoteData/edgeSettings_2.0-a82cb2897a8bf9445d68dcc2be05af89ad4b2fda1fddb2952693be7cd5353ad3:generic-api-key:646,SD-003/SD-004
Gitleaks,history,generic-api-key,carcaça/SmartScreen/RemoteData/edgeSettings_2.0-a82cb2897a8bf9445d68dcc2be05af89ad4b2fda1fddb2952693be7cd5353ad3,650,16020ca5b0d061509545fb5a06a51f3347cafdbd,16020ca5b0d061509545fb5a06a51f3347cafdbd:carcaça/SmartScreen/RemoteData/edgeSettings_2.0-a82cb2897a8bf9445d68dcc2be05af89ad4b2fda1fddb2952693be7cd5353ad3:generic-api-key:650,SD-003/SD-004
Gitleaks,history,generic-api-key,carcaça/SmartScreen/RemoteData/edgeSettings_2.0-a82cb2897a8bf9445d68dcc2be05af89ad4b2fda1fddb2952693be7cd5353ad3,654,16020ca5b0d061509545fb5a06a51f3347cafdbd,16020ca5b0d061509545fb5a06a51f3347cafdbd:carcaça/SmartScreen/RemoteData/edgeSettings_2.0-a82cb2897a8bf9445d68dcc2be05af89ad4b2fda1fddb2952693be7cd5353ad3:generic-api-key:654,SD-003/SD-004
Gitleaks,history,generic-api-key,carcaça/SmartScreen/RemoteData/edgeSettings_2.0-a82cb2897a8bf9445d68dcc2be05af89ad4b2fda1fddb2952693be7cd5353ad3,658,16020ca5b0d061509545fb5a06a51f3347cafdbd,16020ca5b0d061509545fb5a06a51f3347cafdbd:carcaça/SmartScreen/RemoteData/edgeSettings_2.0-a82cb2897a8bf9445d68dcc2be05af89ad4b2fda1fddb2952693be7cd5353ad3:generic-api-key:658,SD-003/SD-004
Gitleaks,history,generic-api-key,carcaça/SmartScreen/RemoteData/edgeSettings_2.0-a82cb2897a8bf9445d68dcc2be05af89ad4b2fda1fddb2952693be7cd5353ad3,662,16020ca5b0d061509545fb5a06a51f3347cafdbd,16020ca5b0d061509545fb5a06a51f3347cafdbd:carcaça/SmartScreen/RemoteData/edgeSettings_2.0-a82cb2897a8bf9445d68dcc2be05af89ad4b2fda1fddb2952693be7cd5353ad3:generic-api-key:662,SD-003/SD-004
Gitleaks,history,generic-api-key,carcaça/SmartScreen/RemoteData/edgeSettings_2.0-a82cb2897a8bf9445d68dcc2be05af89ad4b2fda1fddb2952693be7cd5353ad3,666,16020ca5b0d061509545fb5a06a51f3347cafdbd,16020ca5b0d061509545fb5a06a51f3347cafdbd:carcaça/SmartScreen/RemoteData/edgeSettings_2.0-a82cb2897a8bf9445d68dcc2be05af89ad4b2fda1fddb2952693be7cd5353ad3:generic-api-key:666,SD-003/SD-004
Gitleaks,history,generic-api-key,carcaça/SmartScreen/RemoteData/edgeSettings_2.0-a82cb2897a8bf9445d68dcc2be05af89ad4b2fda1fddb2952693be7cd5353ad3,674,16020ca5b0d061509545fb5a06a51f3347cafdbd,16020ca5b0d061509545fb5a06a51f3347cafdbd:carcaça/SmartScreen/RemoteData/edgeSettings_2.0-a82cb2897a8bf9445d68dcc2be05af89ad4b2fda1fddb2952693be7cd5353ad3:generic-api-key:674,SD-003/SD-004
Gitleaks,history,generic-api-key,carcaça/SmartScreen/RemoteData/edgeSettings_2.0-a82cb2897a8bf9445d68dcc2be05af89ad4b2fda1fddb2952693be7cd5353ad3,678,16020ca5b0d061509545fb5a06a51f3347cafdbd,16020ca5b0d061509545fb5a06a51f3347cafdbd:carcaça/SmartScreen/RemoteData/edgeSettings_2.0-a82cb2897a8bf9445d68dcc2be05af89ad4b2fda1fddb2952693be7cd5353ad3:generic-api-key:678,SD-003/SD-004
Gitleaks,history,generic-api-key,carcaça/SmartScreen/RemoteData/edgeSettings_2.0-a82cb2897a8bf9445d68dcc2be05af89ad4b2fda1fddb2952693be7cd5353ad3,682,16020ca5b0d061509545fb5a06a51f3347cafdbd,16020ca5b0d061509545fb5a06a51f3347cafdbd:carcaça/SmartScreen/RemoteData/edgeSettings_2.0-a82cb2897a8bf9445d68dcc2be05af89ad4b2fda1fddb2952693be7cd5353ad3:generic-api-key:682,SD-003/SD-004
Gitleaks,history,generic-api-key,carcaça/SmartScreen/RemoteData/edgeSettings_2.0-a82cb2897a8bf9445d68dcc2be05af89ad4b2fda1fddb2952693be7cd5353ad3,686,16020ca5b0d061509545fb5a06a51f3347cafdbd,16020ca5b0d061509545fb5a06a51f3347cafdbd:carcaça/SmartScreen/RemoteData/edgeSettings_2.0-a82cb2897a8bf9445d68dcc2be05af89ad4b2fda1fddb2952693be7cd5353ad3:generic-api-key:686,SD-003/SD-004
Gitleaks,history,generic-api-key,carcaça/SmartScreen/RemoteData/edgeSettings_2.0-a82cb2897a8bf9445d68dcc2be05af89ad4b2fda1fddb2952693be7cd5353ad3,690,16020ca5b0d061509545fb5a06a51f3347cafdbd,16020ca5b0d061509545fb5a06a51f3347cafdbd:carcaça/SmartScreen/RemoteData/edgeSettings_2.0-a82cb2897a8bf9445d68dcc2be05af89ad4b2fda1fddb2952693be7cd5353ad3:generic-api-key:690,SD-003/SD-004
Gitleaks,history,generic-api-key,carcaça/SmartScreen/RemoteData/edgeSettings_2.0-a82cb2897a8bf9445d68dcc2be05af89ad4b2fda1fddb2952693be7cd5353ad3,694,16020ca5b0d061509545fb5a06a51f3347cafdbd,16020ca5b0d061509545fb5a06a51f3347cafdbd:carcaça/SmartScreen/RemoteData/edgeSettings_2.0-a82cb2897a8bf9445d68dcc2be05af89ad4b2fda1fddb2952693be7cd5353ad3:generic-api-key:694,SD-003/SD-004
Gitleaks,history,generic-api-key,carcaça/SmartScreen/RemoteData/edgeSettings_2.0-a82cb2897a8bf9445d68dcc2be05af89ad4b2fda1fddb2952693be7cd5353ad3,698,16020ca5b0d061509545fb5a06a51f3347cafdbd,16020ca5b0d061509545fb5a06a51f3347cafdbd:carcaça/SmartScreen/RemoteData/edgeSettings_2.0-a82cb2897a8bf9445d68dcc2be05af89ad4b2fda1fddb2952693be7cd5353ad3:generic-api-key:698,SD-003/SD-004
Gitleaks,history,generic-api-key,carcaça/SmartScreen/RemoteData/edgeSettings_2.0-a82cb2897a8bf9445d68dcc2be05af89ad4b2fda1fddb2952693be7cd5353ad3,714,16020ca5b0d061509545fb5a06a51f3347cafdbd,16020ca5b0d061509545fb5a06a51f3347cafdbd:carcaça/SmartScreen/RemoteData/edgeSettings_2.0-a82cb2897a8bf9445d68dcc2be05af89ad4b2fda1fddb2952693be7cd5353ad3:generic-api-key:714,SD-003/SD-004
Gitleaks,history,generic-api-key,carcaça/SmartScreen/RemoteData/edgeSettings_2.0-a82cb2897a8bf9445d68dcc2be05af89ad4b2fda1fddb2952693be7cd5353ad3,718,16020ca5b0d061509545fb5a06a51f3347cafdbd,16020ca5b0d061509545fb5a06a51f3347cafdbd:carcaça/SmartScreen/RemoteData/edgeSettings_2.0-a82cb2897a8bf9445d68dcc2be05af89ad4b2fda1fddb2952693be7cd5353ad3:generic-api-key:718,SD-003/SD-004
Gitleaks,history,generic-api-key,carcaça/SmartScreen/RemoteData/edgeSettings_2.0-a82cb2897a8bf9445d68dcc2be05af89ad4b2fda1fddb2952693be7cd5353ad3,722,16020ca5b0d061509545fb5a06a51f3347cafdbd,16020ca5b0d061509545fb5a06a51f3347cafdbd:carcaça/SmartScreen/RemoteData/edgeSettings_2.0-a82cb2897a8bf9445d68dcc2be05af89ad4b2fda1fddb2952693be7cd5353ad3:generic-api-key:722,SD-003/SD-004
Gitleaks,history,generic-api-key,carcaça/SmartScreen/RemoteData/edgeSettings_2.0-a82cb2897a8bf9445d68dcc2be05af89ad4b2fda1fddb2952693be7cd5353ad3,726,16020ca5b0d061509545fb5a06a51f3347cafdbd,16020ca5b0d061509545fb5a06a51f3347cafdbd:carcaça/SmartScreen/RemoteData/edgeSettings_2.0-a82cb2897a8bf9445d68dcc2be05af89ad4b2fda1fddb2952693be7cd5353ad3:generic-api-key:726,SD-003/SD-004
Gitleaks,history,generic-api-key,carcaça/SmartScreen/RemoteData/edgeSettings_2.0-a82cb2897a8bf9445d68dcc2be05af89ad4b2fda1fddb2952693be7cd5353ad3,730,16020ca5b0d061509545fb5a06a51f3347cafdbd,16020ca5b0d061509545fb5a06a51f3347cafdbd:carcaça/SmartScreen/RemoteData/edgeSettings_2.0-a82cb2897a8bf9445d68dcc2be05af89ad4b2fda1fddb2952693be7cd5353ad3:generic-api-key:730,SD-003/SD-004
Gitleaks,history,generic-api-key,carcaça/SmartScreen/RemoteData/edgeSettings_2.0-a82cb2897a8bf9445d68dcc2be05af89ad4b2fda1fddb2952693be7cd5353ad3,738,16020ca5b0d061509545fb5a06a51f3347cafdbd,16020ca5b0d061509545fb5a06a51f3347cafdbd:carcaça/SmartScreen/RemoteData/edgeSettings_2.0-a82cb2897a8bf9445d68dcc2be05af89ad4b2fda1fddb2952693be7cd5353ad3:generic-api-key:738,SD-003/SD-004
Gitleaks,history,generic-api-key,carcaça/SmartScreen/RemoteData/edgeSettings_2.0-a82cb2897a8bf9445d68dcc2be05af89ad4b2fda1fddb2952693be7cd5353ad3,750,16020ca5b0d061509545fb5a06a51f3347cafdbd,16020ca5b0d061509545fb5a06a51f3347cafdbd:carcaça/SmartScreen/RemoteData/edgeSettings_2.0-a82cb2897a8bf9445d68dcc2be05af89ad4b2fda1fddb2952693be7cd5353ad3:generic-api-key:750,SD-003/SD-004
Gitleaks,history,generic-api-key,carcaça/SmartScreen/RemoteData/edgeSettings_2.0-a82cb2897a8bf9445d68dcc2be05af89ad4b2fda1fddb2952693be7cd5353ad3,758,16020ca5b0d061509545fb5a06a51f3347cafdbd,16020ca5b0d061509545fb5a06a51f3347cafdbd:carcaça/SmartScreen/RemoteData/edgeSettings_2.0-a82cb2897a8bf9445d68dcc2be05af89ad4b2fda1fddb2952693be7cd5353ad3:generic-api-key:758,SD-003/SD-004
Gitleaks,history,generic-api-key,carcaça/SmartScreen/RemoteData/edgeSettings_2.0-a82cb2897a8bf9445d68dcc2be05af89ad4b2fda1fddb2952693be7cd5353ad3,762,16020ca5b0d061509545fb5a06a51f3347cafdbd,16020ca5b0d061509545fb5a06a51f3347cafdbd:carcaça/SmartScreen/RemoteData/edgeSettings_2.0-a82cb2897a8bf9445d68dcc2be05af89ad4b2fda1fddb2952693be7cd5353ad3:generic-api-key:762,SD-003/SD-004
Gitleaks,history,generic-api-key,carcaça/SmartScreen/RemoteData/edgeSettings_2.0-a82cb2897a8bf9445d68dcc2be05af89ad4b2fda1fddb2952693be7cd5353ad3,766,16020ca5b0d061509545fb5a06a51f3347cafdbd,16020ca5b0d061509545fb5a06a51f3347cafdbd:carcaça/SmartScreen/RemoteData/edgeSettings_2.0-a82cb2897a8bf9445d68dcc2be05af89ad4b2fda1fddb2952693be7cd5353ad3:generic-api-key:766,SD-003/SD-004
Gitleaks,history,generic-api-key,carcaça/SmartScreen/RemoteData/edgeSettings_2.0-a82cb2897a8bf9445d68dcc2be05af89ad4b2fda1fddb2952693be7cd5353ad3,774,16020ca5b0d061509545fb5a06a51f3347cafdbd,16020ca5b0d061509545fb5a06a51f3347cafdbd:carcaça/SmartScreen/RemoteData/edgeSettings_2.0-a82cb2897a8bf9445d68dcc2be05af89ad4b2fda1fddb2952693be7cd5353ad3:generic-api-key:774,SD-003/SD-004
Gitleaks,history,generic-api-key,carcaça/SmartScreen/RemoteData/edgeSettings_2.0-a82cb2897a8bf9445d68dcc2be05af89ad4b2fda1fddb2952693be7cd5353ad3,782,16020ca5b0d061509545fb5a06a51f3347cafdbd,16020ca5b0d061509545fb5a06a51f3347cafdbd:carcaça/SmartScreen/RemoteData/edgeSettings_2.0-a82cb2897a8bf9445d68dcc2be05af89ad4b2fda1fddb2952693be7cd5353ad3:generic-api-key:782,SD-003/SD-004
Gitleaks,history,generic-api-key,carcaça/SmartScreen/RemoteData/edgeSettings_2.0-a82cb2897a8bf9445d68dcc2be05af89ad4b2fda1fddb2952693be7cd5353ad3,786,16020ca5b0d061509545fb5a06a51f3347cafdbd,16020ca5b0d061509545fb5a06a51f3347cafdbd:carcaça/SmartScreen/RemoteData/edgeSettings_2.0-a82cb2897a8bf9445d68dcc2be05af89ad4b2fda1fddb2952693be7cd5353ad3:generic-api-key:786,SD-003/SD-004
Gitleaks,history,generic-api-key,carcaça/SmartScreen/RemoteData/edgeSettings_2.0-a82cb2897a8bf9445d68dcc2be05af89ad4b2fda1fddb2952693be7cd5353ad3,790,16020ca5b0d061509545fb5a06a51f3347cafdbd,16020ca5b0d061509545fb5a06a51f3347cafdbd:carcaça/SmartScreen/RemoteData/edgeSettings_2.0-a82cb2897a8bf9445d68dcc2be05af89ad4b2fda1fddb2952693be7cd5353ad3:generic-api-key:790,SD-003/SD-004
Gitleaks,history,generic-api-key,carcaça/SmartScreen/RemoteData/edgeSettings_2.0-a82cb2897a8bf9445d68dcc2be05af89ad4b2fda1fddb2952693be7cd5353ad3,794,16020ca5b0d061509545fb5a06a51f3347cafdbd,16020ca5b0d061509545fb5a06a51f3347cafdbd:carcaça/SmartScreen/RemoteData/edgeSettings_2.0-a82cb2897a8bf9445d68dcc2be05af89ad4b2fda1fddb2952693be7cd5353ad3:generic-api-key:794,SD-003/SD-004
Gitleaks,history,generic-api-key,carcaça/SmartScreen/RemoteData/edgeSettings_2.0-a82cb2897a8bf9445d68dcc2be05af89ad4b2fda1fddb2952693be7cd5353ad3,798,16020ca5b0d061509545fb5a06a51f3347cafdbd,16020ca5b0d061509545fb5a06a51f3347cafdbd:carcaça/SmartScreen/RemoteData/edgeSettings_2.0-a82cb2897a8bf9445d68dcc2be05af89ad4b2fda1fddb2952693be7cd5353ad3:generic-api-key:798,SD-003/SD-004
Gitleaks,history,generic-api-key,carcaça/SmartScreen/RemoteData/edgeSettings_2.0-a82cb2897a8bf9445d68dcc2be05af89ad4b2fda1fddb2952693be7cd5353ad3,802,16020ca5b0d061509545fb5a06a51f3347cafdbd,16020ca5b0d061509545fb5a06a51f3347cafdbd:carcaça/SmartScreen/RemoteData/edgeSettings_2.0-a82cb2897a8bf9445d68dcc2be05af89ad4b2fda1fddb2952693be7cd5353ad3:generic-api-key:802,SD-003/SD-004
Gitleaks,history,generic-api-key,carcaça/SmartScreen/RemoteData/edgeSettings_2.0-a82cb2897a8bf9445d68dcc2be05af89ad4b2fda1fddb2952693be7cd5353ad3,806,16020ca5b0d061509545fb5a06a51f3347cafdbd,16020ca5b0d061509545fb5a06a51f3347cafdbd:carcaça/SmartScreen/RemoteData/edgeSettings_2.0-a82cb2897a8bf9445d68dcc2be05af89ad4b2fda1fddb2952693be7cd5353ad3:generic-api-key:806,SD-003/SD-004
Gitleaks,history,generic-api-key,carcaça/SmartScreen/RemoteData/edgeSettings_2.0-a82cb2897a8bf9445d68dcc2be05af89ad4b2fda1fddb2952693be7cd5353ad3,810,16020ca5b0d061509545fb5a06a51f3347cafdbd,16020ca5b0d061509545fb5a06a51f3347cafdbd:carcaça/SmartScreen/RemoteData/edgeSettings_2.0-a82cb2897a8bf9445d68dcc2be05af89ad4b2fda1fddb2952693be7cd5353ad3:generic-api-key:810,SD-003/SD-004
Gitleaks,history,generic-api-key,carcaça/SmartScreen/RemoteData/edgeSettings_2.0-a82cb2897a8bf9445d68dcc2be05af89ad4b2fda1fddb2952693be7cd5353ad3,814,16020ca5b0d061509545fb5a06a51f3347cafdbd,16020ca5b0d061509545fb5a06a51f3347cafdbd:carcaça/SmartScreen/RemoteData/edgeSettings_2.0-a82cb2897a8bf9445d68dcc2be05af89ad4b2fda1fddb2952693be7cd5353ad3:generic-api-key:814,SD-003/SD-004
Gitleaks,history,generic-api-key,carcaça/SmartScreen/RemoteData/edgeSettings_2.0-a82cb2897a8bf9445d68dcc2be05af89ad4b2fda1fddb2952693be7cd5353ad3,818,16020ca5b0d061509545fb5a06a51f3347cafdbd,16020ca5b0d061509545fb5a06a51f3347cafdbd:carcaça/SmartScreen/RemoteData/edgeSettings_2.0-a82cb2897a8bf9445d68dcc2be05af89ad4b2fda1fddb2952693be7cd5353ad3:generic-api-key:818,SD-003/SD-004
Gitleaks,history,generic-api-key,carcaça/SmartScreen/RemoteData/edgeSettings_2.0-a82cb2897a8bf9445d68dcc2be05af89ad4b2fda1fddb2952693be7cd5353ad3,822,16020ca5b0d061509545fb5a06a51f3347cafdbd,16020ca5b0d061509545fb5a06a51f3347cafdbd:carcaça/SmartScreen/RemoteData/edgeSettings_2.0-a82cb2897a8bf9445d68dcc2be05af89ad4b2fda1fddb2952693be7cd5353ad3:generic-api-key:822,SD-003/SD-004
Gitleaks,history,generic-api-key,carcaça/SmartScreen/RemoteData/edgeSettings_2.0-a82cb2897a8bf9445d68dcc2be05af89ad4b2fda1fddb2952693be7cd5353ad3,826,16020ca5b0d061509545fb5a06a51f3347cafdbd,16020ca5b0d061509545fb5a06a51f3347cafdbd:carcaça/SmartScreen/RemoteData/edgeSettings_2.0-a82cb2897a8bf9445d68dcc2be05af89ad4b2fda1fddb2952693be7cd5353ad3:generic-api-key:826,SD-003/SD-004
Gitleaks,history,generic-api-key,carcaça/SmartScreen/RemoteData/edgeSettings_2.0-a82cb2897a8bf9445d68dcc2be05af89ad4b2fda1fddb2952693be7cd5353ad3,830,16020ca5b0d061509545fb5a06a51f3347cafdbd,16020ca5b0d061509545fb5a06a51f3347cafdbd:carcaça/SmartScreen/RemoteData/edgeSettings_2.0-a82cb2897a8bf9445d68dcc2be05af89ad4b2fda1fddb2952693be7cd5353ad3:generic-api-key:830,SD-003/SD-004
Gitleaks,history,generic-api-key,carcaça/SmartScreen/RemoteData/edgeSettings_2.0-a82cb2897a8bf9445d68dcc2be05af89ad4b2fda1fddb2952693be7cd5353ad3,838,16020ca5b0d061509545fb5a06a51f3347cafdbd,16020ca5b0d061509545fb5a06a51f3347cafdbd:carcaça/SmartScreen/RemoteData/edgeSettings_2.0-a82cb2897a8bf9445d68dcc2be05af89ad4b2fda1fddb2952693be7cd5353ad3:generic-api-key:838,SD-003/SD-004
Gitleaks,history,generic-api-key,carcaça/SmartScreen/RemoteData/edgeSettings_2.0-a82cb2897a8bf9445d68dcc2be05af89ad4b2fda1fddb2952693be7cd5353ad3,842,16020ca5b0d061509545fb5a06a51f3347cafdbd,16020ca5b0d061509545fb5a06a51f3347cafdbd:carcaça/SmartScreen/RemoteData/edgeSettings_2.0-a82cb2897a8bf9445d68dcc2be05af89ad4b2fda1fddb2952693be7cd5353ad3:generic-api-key:842,SD-003/SD-004
Gitleaks,history,generic-api-key,carcaça/SmartScreen/RemoteData/edgeSettings_2.0-a82cb2897a8bf9445d68dcc2be05af89ad4b2fda1fddb2952693be7cd5353ad3,846,16020ca5b0d061509545fb5a06a51f3347cafdbd,16020ca5b0d061509545fb5a06a51f3347cafdbd:carcaça/SmartScreen/RemoteData/edgeSettings_2.0-a82cb2897a8bf9445d68dcc2be05af89ad4b2fda1fddb2952693be7cd5353ad3:generic-api-key:846,SD-003/SD-004
Gitleaks,history,generic-api-key,carcaça/SmartScreen/RemoteData/edgeSettings_2.0-a82cb2897a8bf9445d68dcc2be05af89ad4b2fda1fddb2952693be7cd5353ad3,850,16020ca5b0d061509545fb5a06a51f3347cafdbd,16020ca5b0d061509545fb5a06a51f3347cafdbd:carcaça/SmartScreen/RemoteData/edgeSettings_2.0-a82cb2897a8bf9445d68dcc2be05af89ad4b2fda1fddb2952693be7cd5353ad3:generic-api-key:850,SD-003/SD-004
Gitleaks,history,generic-api-key,carcaça/SmartScreen/RemoteData/edgeSettings_2.0-a82cb2897a8bf9445d68dcc2be05af89ad4b2fda1fddb2952693be7cd5353ad3,854,16020ca5b0d061509545fb5a06a51f3347cafdbd,16020ca5b0d061509545fb5a06a51f3347cafdbd:carcaça/SmartScreen/RemoteData/edgeSettings_2.0-a82cb2897a8bf9445d68dcc2be05af89ad4b2fda1fddb2952693be7cd5353ad3:generic-api-key:854,SD-003/SD-004
Gitleaks,history,generic-api-key,carcaça/SmartScreen/RemoteData/edgeSettings_2.0-a82cb2897a8bf9445d68dcc2be05af89ad4b2fda1fddb2952693be7cd5353ad3,858,16020ca5b0d061509545fb5a06a51f3347cafdbd,16020ca5b0d061509545fb5a06a51f3347cafdbd:carcaça/SmartScreen/RemoteData/edgeSettings_2.0-a82cb2897a8bf9445d68dcc2be05af89ad4b2fda1fddb2952693be7cd5353ad3:generic-api-key:858,SD-003/SD-004
Gitleaks,history,generic-api-key,carcaça/SmartScreen/RemoteData/edgeSettings_2.0-a82cb2897a8bf9445d68dcc2be05af89ad4b2fda1fddb2952693be7cd5353ad3,866,16020ca5b0d061509545fb5a06a51f3347cafdbd,16020ca5b0d061509545fb5a06a51f3347cafdbd:carcaça/SmartScreen/RemoteData/edgeSettings_2.0-a82cb2897a8bf9445d68dcc2be05af89ad4b2fda1fddb2952693be7cd5353ad3:generic-api-key:866,SD-003/SD-004
Gitleaks,history,generic-api-key,carcaça/SmartScreen/RemoteData/edgeSettings_2.0-a82cb2897a8bf9445d68dcc2be05af89ad4b2fda1fddb2952693be7cd5353ad3,874,16020ca5b0d061509545fb5a06a51f3347cafdbd,16020ca5b0d061509545fb5a06a51f3347cafdbd:carcaça/SmartScreen/RemoteData/edgeSettings_2.0-a82cb2897a8bf9445d68dcc2be05af89ad4b2fda1fddb2952693be7cd5353ad3:generic-api-key:874,SD-003/SD-004
Gitleaks,history,generic-api-key,carcaça/SmartScreen/RemoteData/edgeSettings_2.0-a82cb2897a8bf9445d68dcc2be05af89ad4b2fda1fddb2952693be7cd5353ad3,882,16020ca5b0d061509545fb5a06a51f3347cafdbd,16020ca5b0d061509545fb5a06a51f3347cafdbd:carcaça/SmartScreen/RemoteData/edgeSettings_2.0-a82cb2897a8bf9445d68dcc2be05af89ad4b2fda1fddb2952693be7cd5353ad3:generic-api-key:882,SD-003/SD-004
Gitleaks,history,generic-api-key,carcaça/SmartScreen/RemoteData/edgeSettings_2.0-a82cb2897a8bf9445d68dcc2be05af89ad4b2fda1fddb2952693be7cd5353ad3,886,16020ca5b0d061509545fb5a06a51f3347cafdbd,16020ca5b0d061509545fb5a06a51f3347cafdbd:carcaça/SmartScreen/RemoteData/edgeSettings_2.0-a82cb2897a8bf9445d68dcc2be05af89ad4b2fda1fddb2952693be7cd5353ad3:generic-api-key:886,SD-003/SD-004
Gitleaks,history,generic-api-key,carcaça/SmartScreen/RemoteData/edgeSettings_2.0-a82cb2897a8bf9445d68dcc2be05af89ad4b2fda1fddb2952693be7cd5353ad3,890,16020ca5b0d061509545fb5a06a51f3347cafdbd,16020ca5b0d061509545fb5a06a51f3347cafdbd:carcaça/SmartScreen/RemoteData/edgeSettings_2.0-a82cb2897a8bf9445d68dcc2be05af89ad4b2fda1fddb2952693be7cd5353ad3:generic-api-key:890,SD-003/SD-004
Gitleaks,history,generic-api-key,carcaça/SmartScreen/RemoteData/edgeSettings_2.0-a82cb2897a8bf9445d68dcc2be05af89ad4b2fda1fddb2952693be7cd5353ad3,894,16020ca5b0d061509545fb5a06a51f3347cafdbd,16020ca5b0d061509545fb5a06a51f3347cafdbd:carcaça/SmartScreen/RemoteData/edgeSettings_2.0-a82cb2897a8bf9445d68dcc2be05af89ad4b2fda1fddb2952693be7cd5353ad3:generic-api-key:894,SD-003/SD-004
Gitleaks,history,generic-api-key,carcaça/SmartScreen/RemoteData/edgeSettings_2.0-a82cb2897a8bf9445d68dcc2be05af89ad4b2fda1fddb2952693be7cd5353ad3,902,16020ca5b0d061509545fb5a06a51f3347cafdbd,16020ca5b0d061509545fb5a06a51f3347cafdbd:carcaça/SmartScreen/RemoteData/edgeSettings_2.0-a82cb2897a8bf9445d68dcc2be05af89ad4b2fda1fddb2952693be7cd5353ad3:generic-api-key:902,SD-003/SD-004
Gitleaks,history,generic-api-key,carcaça/SmartScreen/RemoteData/edgeSettings_2.0-a82cb2897a8bf9445d68dcc2be05af89ad4b2fda1fddb2952693be7cd5353ad3,906,16020ca5b0d061509545fb5a06a51f3347cafdbd,16020ca5b0d061509545fb5a06a51f3347cafdbd:carcaça/SmartScreen/RemoteData/edgeSettings_2.0-a82cb2897a8bf9445d68dcc2be05af89ad4b2fda1fddb2952693be7cd5353ad3:generic-api-key:906,SD-003/SD-004
Gitleaks,history,generic-api-key,carcaça/SmartScreen/RemoteData/edgeSettings_2.0-a82cb2897a8bf9445d68dcc2be05af89ad4b2fda1fddb2952693be7cd5353ad3,914,16020ca5b0d061509545fb5a06a51f3347cafdbd,16020ca5b0d061509545fb5a06a51f3347cafdbd:carcaça/SmartScreen/RemoteData/edgeSettings_2.0-a82cb2897a8bf9445d68dcc2be05af89ad4b2fda1fddb2952693be7cd5353ad3:generic-api-key:914,SD-003/SD-004
Gitleaks,history,generic-api-key,carcaça/SmartScreen/RemoteData/edgeSettings_2.0-a82cb2897a8bf9445d68dcc2be05af89ad4b2fda1fddb2952693be7cd5353ad3,918,16020ca5b0d061509545fb5a06a51f3347cafdbd,16020ca5b0d061509545fb5a06a51f3347cafdbd:carcaça/SmartScreen/RemoteData/edgeSettings_2.0-a82cb2897a8bf9445d68dcc2be05af89ad4b2fda1fddb2952693be7cd5353ad3:generic-api-key:918,SD-003/SD-004
Gitleaks,history,generic-api-key,carcaça/SmartScreen/RemoteData/edgeSettings_2.0-a82cb2897a8bf9445d68dcc2be05af89ad4b2fda1fddb2952693be7cd5353ad3,922,16020ca5b0d061509545fb5a06a51f3347cafdbd,16020ca5b0d061509545fb5a06a51f3347cafdbd:carcaça/SmartScreen/RemoteData/edgeSettings_2.0-a82cb2897a8bf9445d68dcc2be05af89ad4b2fda1fddb2952693be7cd5353ad3:generic-api-key:922,SD-003/SD-004
Gitleaks,history,generic-api-key,carcaça/SmartScreen/RemoteData/edgeSettings_2.0-a82cb2897a8bf9445d68dcc2be05af89ad4b2fda1fddb2952693be7cd5353ad3,926,16020ca5b0d061509545fb5a06a51f3347cafdbd,16020ca5b0d061509545fb5a06a51f3347cafdbd:carcaça/SmartScreen/RemoteData/edgeSettings_2.0-a82cb2897a8bf9445d68dcc2be05af89ad4b2fda1fddb2952693be7cd5353ad3:generic-api-key:926,SD-003/SD-004
Gitleaks,history,generic-api-key,carcaça/SmartScreen/RemoteData/edgeSettings_2.0-a82cb2897a8bf9445d68dcc2be05af89ad4b2fda1fddb2952693be7cd5353ad3,930,16020ca5b0d061509545fb5a06a51f3347cafdbd,16020ca5b0d061509545fb5a06a51f3347cafdbd:carcaça/SmartScreen/RemoteData/edgeSettings_2.0-a82cb2897a8bf9445d68dcc2be05af89ad4b2fda1fddb2952693be7cd5353ad3:generic-api-key:930,SD-003/SD-004
Gitleaks,history,generic-api-key,carcaça/SmartScreen/RemoteData/edgeSettings_2.0-a82cb2897a8bf9445d68dcc2be05af89ad4b2fda1fddb2952693be7cd5353ad3,938,16020ca5b0d061509545fb5a06a51f3347cafdbd,16020ca5b0d061509545fb5a06a51f3347cafdbd:carcaça/SmartScreen/RemoteData/edgeSettings_2.0-a82cb2897a8bf9445d68dcc2be05af89ad4b2fda1fddb2952693be7cd5353ad3:generic-api-key:938,SD-003/SD-004
Gitleaks,history,generic-api-key,carcaça/SmartScreen/RemoteData/edgeSettings_2.0-a82cb2897a8bf9445d68dcc2be05af89ad4b2fda1fddb2952693be7cd5353ad3,946,16020ca5b0d061509545fb5a06a51f3347cafdbd,16020ca5b0d061509545fb5a06a51f3347cafdbd:carcaça/SmartScreen/RemoteData/edgeSettings_2.0-a82cb2897a8bf9445d68dcc2be05af89ad4b2fda1fddb2952693be7cd5353ad3:generic-api-key:946,SD-003/SD-004
Gitleaks,history,generic-api-key,carcaça/SmartScreen/RemoteData/edgeSettings_2.0-a82cb2897a8bf9445d68dcc2be05af89ad4b2fda1fddb2952693be7cd5353ad3,950,16020ca5b0d061509545fb5a06a51f3347cafdbd,16020ca5b0d061509545fb5a06a51f3347cafdbd:carcaça/SmartScreen/RemoteData/edgeSettings_2.0-a82cb2897a8bf9445d68dcc2be05af89ad4b2fda1fddb2952693be7cd5353ad3:generic-api-key:950,SD-003/SD-004
Gitleaks,history,generic-api-key,carcaça/SmartScreen/RemoteData/edgeSettings_2.0-a82cb2897a8bf9445d68dcc2be05af89ad4b2fda1fddb2952693be7cd5353ad3,954,16020ca5b0d061509545fb5a06a51f3347cafdbd,16020ca5b0d061509545fb5a06a51f3347cafdbd:carcaça/SmartScreen/RemoteData/edgeSettings_2.0-a82cb2897a8bf9445d68dcc2be05af89ad4b2fda1fddb2952693be7cd5353ad3:generic-api-key:954,SD-003/SD-004
Gitleaks,history,generic-api-key,carcaça/SmartScreen/RemoteData/edgeSettings_2.0-a82cb2897a8bf9445d68dcc2be05af89ad4b2fda1fddb2952693be7cd5353ad3,958,16020ca5b0d061509545fb5a06a51f3347cafdbd,16020ca5b0d061509545fb5a06a51f3347cafdbd:carcaça/SmartScreen/RemoteData/edgeSettings_2.0-a82cb2897a8bf9445d68dcc2be05af89ad4b2fda1fddb2952693be7cd5353ad3:generic-api-key:958,SD-003/SD-004
Gitleaks,history,generic-api-key,carcaça/SmartScreen/RemoteData/edgeSettings_2.0-a82cb2897a8bf9445d68dcc2be05af89ad4b2fda1fddb2952693be7cd5353ad3,966,16020ca5b0d061509545fb5a06a51f3347cafdbd,16020ca5b0d061509545fb5a06a51f3347cafdbd:carcaça/SmartScreen/RemoteData/edgeSettings_2.0-a82cb2897a8bf9445d68dcc2be05af89ad4b2fda1fddb2952693be7cd5353ad3:generic-api-key:966,SD-003/SD-004
Gitleaks,history,generic-api-key,carcaça/SmartScreen/RemoteData/edgeSettings_2.0-a82cb2897a8bf9445d68dcc2be05af89ad4b2fda1fddb2952693be7cd5353ad3,970,16020ca5b0d061509545fb5a06a51f3347cafdbd,16020ca5b0d061509545fb5a06a51f3347cafdbd:carcaça/SmartScreen/RemoteData/edgeSettings_2.0-a82cb2897a8bf9445d68dcc2be05af89ad4b2fda1fddb2952693be7cd5353ad3:generic-api-key:970,SD-003/SD-004
Gitleaks,history,generic-api-key,carcaça/SmartScreen/RemoteData/edgeSettings_2.0-a82cb2897a8bf9445d68dcc2be05af89ad4b2fda1fddb2952693be7cd5353ad3,974,16020ca5b0d061509545fb5a06a51f3347cafdbd,16020ca5b0d061509545fb5a06a51f3347cafdbd:carcaça/SmartScreen/RemoteData/edgeSettings_2.0-a82cb2897a8bf9445d68dcc2be05af89ad4b2fda1fddb2952693be7cd5353ad3:generic-api-key:974,SD-003/SD-004
Gitleaks,history,generic-api-key,carcaça/SmartScreen/RemoteData/edgeSettings_2.0-a82cb2897a8bf9445d68dcc2be05af89ad4b2fda1fddb2952693be7cd5353ad3,986,16020ca5b0d061509545fb5a06a51f3347cafdbd,16020ca5b0d061509545fb5a06a51f3347cafdbd:carcaça/SmartScreen/RemoteData/edgeSettings_2.0-a82cb2897a8bf9445d68dcc2be05af89ad4b2fda1fddb2952693be7cd5353ad3:generic-api-key:986,SD-003/SD-004
Gitleaks,history,generic-api-key,carcaça/SmartScreen/RemoteData/edgeSettings_2.0-a82cb2897a8bf9445d68dcc2be05af89ad4b2fda1fddb2952693be7cd5353ad3,990,16020ca5b0d061509545fb5a06a51f3347cafdbd,16020ca5b0d061509545fb5a06a51f3347cafdbd:carcaça/SmartScreen/RemoteData/edgeSettings_2.0-a82cb2897a8bf9445d68dcc2be05af89ad4b2fda1fddb2952693be7cd5353ad3:generic-api-key:990,SD-003/SD-004
Gitleaks,history,generic-api-key,carcaça/SmartScreen/RemoteData/edgeSettings_2.0-a82cb2897a8bf9445d68dcc2be05af89ad4b2fda1fddb2952693be7cd5353ad3,994,16020ca5b0d061509545fb5a06a51f3347cafdbd,16020ca5b0d061509545fb5a06a51f3347cafdbd:carcaça/SmartScreen/RemoteData/edgeSettings_2.0-a82cb2897a8bf9445d68dcc2be05af89ad4b2fda1fddb2952693be7cd5353ad3:generic-api-key:994,SD-003/SD-004
Gitleaks,history,generic-api-key,carcaça/SmartScreen/RemoteData/edgeSettings_2.0-a82cb2897a8bf9445d68dcc2be05af89ad4b2fda1fddb2952693be7cd5353ad3,998,16020ca5b0d061509545fb5a06a51f3347cafdbd,16020ca5b0d061509545fb5a06a51f3347cafdbd:carcaça/SmartScreen/RemoteData/edgeSettings_2.0-a82cb2897a8bf9445d68dcc2be05af89ad4b2fda1fddb2952693be7cd5353ad3:generic-api-key:998,SD-003/SD-004
Gitleaks,history,generic-api-key,carcaça/SmartScreen/RemoteData/edgeSettings_2.0-a82cb2897a8bf9445d68dcc2be05af89ad4b2fda1fddb2952693be7cd5353ad3,1002,16020ca5b0d061509545fb5a06a51f3347cafdbd,16020ca5b0d061509545fb5a06a51f3347cafdbd:carcaça/SmartScreen/RemoteData/edgeSettings_2.0-a82cb2897a8bf9445d68dcc2be05af89ad4b2fda1fddb2952693be7cd5353ad3:generic-api-key:1002,SD-003/SD-004
Gitleaks,history,generic-api-key,carcaça/SmartScreen/RemoteData/edgeSettings_2.0-a82cb2897a8bf9445d68dcc2be05af89ad4b2fda1fddb2952693be7cd5353ad3,1006,16020ca5b0d061509545fb5a06a51f3347cafdbd,16020ca5b0d061509545fb5a06a51f3347cafdbd:carcaça/SmartScreen/RemoteData/edgeSettings_2.0-a82cb2897a8bf9445d68dcc2be05af89ad4b2fda1fddb2952693be7cd5353ad3:generic-api-key:1006,SD-003/SD-004
Gitleaks,history,generic-api-key,carcaça/SmartScreen/RemoteData/edgeSettings_2.0-a82cb2897a8bf9445d68dcc2be05af89ad4b2fda1fddb2952693be7cd5353ad3,1010,16020ca5b0d061509545fb5a06a51f3347cafdbd,16020ca5b0d061509545fb5a06a51f3347cafdbd:carcaça/SmartScreen/RemoteData/edgeSettings_2.0-a82cb2897a8bf9445d68dcc2be05af89ad4b2fda1fddb2952693be7cd5353ad3:generic-api-key:1010,SD-003/SD-004
Gitleaks,history,generic-api-key,carcaça/SmartScreen/RemoteData/edgeSettings_2.0-a82cb2897a8bf9445d68dcc2be05af89ad4b2fda1fddb2952693be7cd5353ad3,1018,16020ca5b0d061509545fb5a06a51f3347cafdbd,16020ca5b0d061509545fb5a06a51f3347cafdbd:carcaça/SmartScreen/RemoteData/edgeSettings_2.0-a82cb2897a8bf9445d68dcc2be05af89ad4b2fda1fddb2952693be7cd5353ad3:generic-api-key:1018,SD-003/SD-004
Gitleaks,history,generic-api-key,carcaça/SmartScreen/RemoteData/edgeSettings_2.0-a82cb2897a8bf9445d68dcc2be05af89ad4b2fda1fddb2952693be7cd5353ad3,1022,16020ca5b0d061509545fb5a06a51f3347cafdbd,16020ca5b0d061509545fb5a06a51f3347cafdbd:carcaça/SmartScreen/RemoteData/edgeSettings_2.0-a82cb2897a8bf9445d68dcc2be05af89ad4b2fda1fddb2952693be7cd5353ad3:generic-api-key:1022,SD-003/SD-004
Gitleaks,history,generic-api-key,carcaça/SmartScreen/RemoteData/edgeSettings_2.0-a82cb2897a8bf9445d68dcc2be05af89ad4b2fda1fddb2952693be7cd5353ad3,1026,16020ca5b0d061509545fb5a06a51f3347cafdbd,16020ca5b0d061509545fb5a06a51f3347cafdbd:carcaça/SmartScreen/RemoteData/edgeSettings_2.0-a82cb2897a8bf9445d68dcc2be05af89ad4b2fda1fddb2952693be7cd5353ad3:generic-api-key:1026,SD-003/SD-004
Gitleaks,history,generic-api-key,carcaça/SmartScreen/RemoteData/edgeSettings_2.0-a82cb2897a8bf9445d68dcc2be05af89ad4b2fda1fddb2952693be7cd5353ad3,1030,16020ca5b0d061509545fb5a06a51f3347cafdbd,16020ca5b0d061509545fb5a06a51f3347cafdbd:carcaça/SmartScreen/RemoteData/edgeSettings_2.0-a82cb2897a8bf9445d68dcc2be05af89ad4b2fda1fddb2952693be7cd5353ad3:generic-api-key:1030,SD-003/SD-004
Gitleaks,history,generic-api-key,carcaça/SmartScreen/RemoteData/edgeSettings_2.0-a82cb2897a8bf9445d68dcc2be05af89ad4b2fda1fddb2952693be7cd5353ad3,1034,16020ca5b0d061509545fb5a06a51f3347cafdbd,16020ca5b0d061509545fb5a06a51f3347cafdbd:carcaça/SmartScreen/RemoteData/edgeSettings_2.0-a82cb2897a8bf9445d68dcc2be05af89ad4b2fda1fddb2952693be7cd5353ad3:generic-api-key:1034,SD-003/SD-004
Gitleaks,history,generic-api-key,carcaça/SmartScreen/RemoteData/edgeSettings_2.0-a82cb2897a8bf9445d68dcc2be05af89ad4b2fda1fddb2952693be7cd5353ad3,1042,16020ca5b0d061509545fb5a06a51f3347cafdbd,16020ca5b0d061509545fb5a06a51f3347cafdbd:carcaça/SmartScreen/RemoteData/edgeSettings_2.0-a82cb2897a8bf9445d68dcc2be05af89ad4b2fda1fddb2952693be7cd5353ad3:generic-api-key:1042,SD-003/SD-004
Gitleaks,history,generic-api-key,carcaça/SmartScreen/RemoteData/edgeSettings_2.0-a82cb2897a8bf9445d68dcc2be05af89ad4b2fda1fddb2952693be7cd5353ad3,1046,16020ca5b0d061509545fb5a06a51f3347cafdbd,16020ca5b0d061509545fb5a06a51f3347cafdbd:carcaça/SmartScreen/RemoteData/edgeSettings_2.0-a82cb2897a8bf9445d68dcc2be05af89ad4b2fda1fddb2952693be7cd5353ad3:generic-api-key:1046,SD-003/SD-004
Gitleaks,history,generic-api-key,carcaça/SmartScreen/RemoteData/edgeSettings_2.0-a82cb2897a8bf9445d68dcc2be05af89ad4b2fda1fddb2952693be7cd5353ad3,1054,16020ca5b0d061509545fb5a06a51f3347cafdbd,16020ca5b0d061509545fb5a06a51f3347cafdbd:carcaça/SmartScreen/RemoteData/edgeSettings_2.0-a82cb2897a8bf9445d68dcc2be05af89ad4b2fda1fddb2952693be7cd5353ad3:generic-api-key:1054,SD-003/SD-004
Gitleaks,history,generic-api-key,carcaça/SmartScreen/RemoteData/edgeSettings_2.0-a82cb2897a8bf9445d68dcc2be05af89ad4b2fda1fddb2952693be7cd5353ad3,1058,16020ca5b0d061509545fb5a06a51f3347cafdbd,16020ca5b0d061509545fb5a06a51f3347cafdbd:carcaça/SmartScreen/RemoteData/edgeSettings_2.0-a82cb2897a8bf9445d68dcc2be05af89ad4b2fda1fddb2952693be7cd5353ad3:generic-api-key:1058,SD-003/SD-004
Gitleaks,history,generic-api-key,carcaça/SmartScreen/RemoteData/edgeSettings_2.0-a82cb2897a8bf9445d68dcc2be05af89ad4b2fda1fddb2952693be7cd5353ad3,1062,16020ca5b0d061509545fb5a06a51f3347cafdbd,16020ca5b0d061509545fb5a06a51f3347cafdbd:carcaça/SmartScreen/RemoteData/edgeSettings_2.0-a82cb2897a8bf9445d68dcc2be05af89ad4b2fda1fddb2952693be7cd5353ad3:generic-api-key:1062,SD-003/SD-004
Gitleaks,history,generic-api-key,carcaça/SmartScreen/RemoteData/edgeSettings_2.0-a82cb2897a8bf9445d68dcc2be05af89ad4b2fda1fddb2952693be7cd5353ad3,1066,16020ca5b0d061509545fb5a06a51f3347cafdbd,16020ca5b0d061509545fb5a06a51f3347cafdbd:carcaça/SmartScreen/RemoteData/edgeSettings_2.0-a82cb2897a8bf9445d68dcc2be05af89ad4b2fda1fddb2952693be7cd5353ad3:generic-api-key:1066,SD-003/SD-004
Gitleaks,history,generic-api-key,carcaça/SmartScreen/RemoteData/edgeSettings_2.0-a82cb2897a8bf9445d68dcc2be05af89ad4b2fda1fddb2952693be7cd5353ad3,1070,16020ca5b0d061509545fb5a06a51f3347cafdbd,16020ca5b0d061509545fb5a06a51f3347cafdbd:carcaça/SmartScreen/RemoteData/edgeSettings_2.0-a82cb2897a8bf9445d68dcc2be05af89ad4b2fda1fddb2952693be7cd5353ad3:generic-api-key:1070,SD-003/SD-004
Gitleaks,history,generic-api-key,carcaça/SmartScreen/RemoteData/edgeSettings_2.0-a82cb2897a8bf9445d68dcc2be05af89ad4b2fda1fddb2952693be7cd5353ad3,1074,16020ca5b0d061509545fb5a06a51f3347cafdbd,16020ca5b0d061509545fb5a06a51f3347cafdbd:carcaça/SmartScreen/RemoteData/edgeSettings_2.0-a82cb2897a8bf9445d68dcc2be05af89ad4b2fda1fddb2952693be7cd5353ad3:generic-api-key:1074,SD-003/SD-004
Gitleaks,history,generic-api-key,carcaça/SmartScreen/RemoteData/edgeSettings_2.0-a82cb2897a8bf9445d68dcc2be05af89ad4b2fda1fddb2952693be7cd5353ad3,1078,16020ca5b0d061509545fb5a06a51f3347cafdbd,16020ca5b0d061509545fb5a06a51f3347cafdbd:carcaça/SmartScreen/RemoteData/edgeSettings_2.0-a82cb2897a8bf9445d68dcc2be05af89ad4b2fda1fddb2952693be7cd5353ad3:generic-api-key:1078,SD-003/SD-004
Gitleaks,history,generic-api-key,carcaça/SmartScreen/RemoteData/edgeSettings_2.0-a82cb2897a8bf9445d68dcc2be05af89ad4b2fda1fddb2952693be7cd5353ad3,1082,16020ca5b0d061509545fb5a06a51f3347cafdbd,16020ca5b0d061509545fb5a06a51f3347cafdbd:carcaça/SmartScreen/RemoteData/edgeSettings_2.0-a82cb2897a8bf9445d68dcc2be05af89ad4b2fda1fddb2952693be7cd5353ad3:generic-api-key:1082,SD-003/SD-004
Gitleaks,history,generic-api-key,carcaça/SmartScreen/RemoteData/edgeSettings_2.0-a82cb2897a8bf9445d68dcc2be05af89ad4b2fda1fddb2952693be7cd5353ad3,1090,16020ca5b0d061509545fb5a06a51f3347cafdbd,16020ca5b0d061509545fb5a06a51f3347cafdbd:carcaça/SmartScreen/RemoteData/edgeSettings_2.0-a82cb2897a8bf9445d68dcc2be05af89ad4b2fda1fddb2952693be7cd5353ad3:generic-api-key:1090,SD-003/SD-004
Gitleaks,history,generic-api-key,carcaça/SmartScreen/RemoteData/edgeSettings_2.0-a82cb2897a8bf9445d68dcc2be05af89ad4b2fda1fddb2952693be7cd5353ad3,1098,16020ca5b0d061509545fb5a06a51f3347cafdbd,16020ca5b0d061509545fb5a06a51f3347cafdbd:carcaça/SmartScreen/RemoteData/edgeSettings_2.0-a82cb2897a8bf9445d68dcc2be05af89ad4b2fda1fddb2952693be7cd5353ad3:generic-api-key:1098,SD-003/SD-004
Gitleaks,history,generic-api-key,carcaça/SmartScreen/RemoteData/edgeSettings_2.0-a82cb2897a8bf9445d68dcc2be05af89ad4b2fda1fddb2952693be7cd5353ad3,1106,16020ca5b0d061509545fb5a06a51f3347cafdbd,16020ca5b0d061509545fb5a06a51f3347cafdbd:carcaça/SmartScreen/RemoteData/edgeSettings_2.0-a82cb2897a8bf9445d68dcc2be05af89ad4b2fda1fddb2952693be7cd5353ad3:generic-api-key:1106,SD-003/SD-004
Gitleaks,history,generic-api-key,carcaça/SmartScreen/RemoteData/edgeSettings_2.0-a82cb2897a8bf9445d68dcc2be05af89ad4b2fda1fddb2952693be7cd5353ad3,1110,16020ca5b0d061509545fb5a06a51f3347cafdbd,16020ca5b0d061509545fb5a06a51f3347cafdbd:carcaça/SmartScreen/RemoteData/edgeSettings_2.0-a82cb2897a8bf9445d68dcc2be05af89ad4b2fda1fddb2952693be7cd5353ad3:generic-api-key:1110,SD-003/SD-004
Gitleaks,history,generic-api-key,carcaça/SmartScreen/RemoteData/edgeSettings_2.0-a82cb2897a8bf9445d68dcc2be05af89ad4b2fda1fddb2952693be7cd5353ad3,1114,16020ca5b0d061509545fb5a06a51f3347cafdbd,16020ca5b0d061509545fb5a06a51f3347cafdbd:carcaça/SmartScreen/RemoteData/edgeSettings_2.0-a82cb2897a8bf9445d68dcc2be05af89ad4b2fda1fddb2952693be7cd5353ad3:generic-api-key:1114,SD-003/SD-004
Gitleaks,history,generic-api-key,carcaça/SmartScreen/RemoteData/edgeSettings_2.0-a82cb2897a8bf9445d68dcc2be05af89ad4b2fda1fddb2952693be7cd5353ad3,1122,16020ca5b0d061509545fb5a06a51f3347cafdbd,16020ca5b0d061509545fb5a06a51f3347cafdbd:carcaça/SmartScreen/RemoteData/edgeSettings_2.0-a82cb2897a8bf9445d68dcc2be05af89ad4b2fda1fddb2952693be7cd5353ad3:generic-api-key:1122,SD-003/SD-004
Gitleaks,history,generic-api-key,carcaça/SmartScreen/RemoteData/edgeSettings_2.0-a82cb2897a8bf9445d68dcc2be05af89ad4b2fda1fddb2952693be7cd5353ad3,1126,16020ca5b0d061509545fb5a06a51f3347cafdbd,16020ca5b0d061509545fb5a06a51f3347cafdbd:carcaça/SmartScreen/RemoteData/edgeSettings_2.0-a82cb2897a8bf9445d68dcc2be05af89ad4b2fda1fddb2952693be7cd5353ad3:generic-api-key:1126,SD-003/SD-004
Gitleaks,history,generic-api-key,carcaça/SmartScreen/RemoteData/edgeSettings_2.0-a82cb2897a8bf9445d68dcc2be05af89ad4b2fda1fddb2952693be7cd5353ad3,1130,16020ca5b0d061509545fb5a06a51f3347cafdbd,16020ca5b0d061509545fb5a06a51f3347cafdbd:carcaça/SmartScreen/RemoteData/edgeSettings_2.0-a82cb2897a8bf9445d68dcc2be05af89ad4b2fda1fddb2952693be7cd5353ad3:generic-api-key:1130,SD-003/SD-004
Gitleaks,history,generic-api-key,carcaça/SmartScreen/RemoteData/edgeSettings_2.0-a82cb2897a8bf9445d68dcc2be05af89ad4b2fda1fddb2952693be7cd5353ad3,1134,16020ca5b0d061509545fb5a06a51f3347cafdbd,16020ca5b0d061509545fb5a06a51f3347cafdbd:carcaça/SmartScreen/RemoteData/edgeSettings_2.0-a82cb2897a8bf9445d68dcc2be05af89ad4b2fda1fddb2952693be7cd5353ad3:generic-api-key:1134,SD-003/SD-004
Gitleaks,history,generic-api-key,carcaça/SmartScreen/RemoteData/edgeSettings_2.0-a82cb2897a8bf9445d68dcc2be05af89ad4b2fda1fddb2952693be7cd5353ad3,1138,16020ca5b0d061509545fb5a06a51f3347cafdbd,16020ca5b0d061509545fb5a06a51f3347cafdbd:carcaça/SmartScreen/RemoteData/edgeSettings_2.0-a82cb2897a8bf9445d68dcc2be05af89ad4b2fda1fddb2952693be7cd5353ad3:generic-api-key:1138,SD-003/SD-004
Gitleaks,history,generic-api-key,carcaça/SmartScreen/RemoteData/edgeSettings_2.0-a82cb2897a8bf9445d68dcc2be05af89ad4b2fda1fddb2952693be7cd5353ad3,1142,16020ca5b0d061509545fb5a06a51f3347cafdbd,16020ca5b0d061509545fb5a06a51f3347cafdbd:carcaça/SmartScreen/RemoteData/edgeSettings_2.0-a82cb2897a8bf9445d68dcc2be05af89ad4b2fda1fddb2952693be7cd5353ad3:generic-api-key:1142,SD-003/SD-004
Gitleaks,history,generic-api-key,carcaça/SmartScreen/RemoteData/edgeSettings_2.0-a82cb2897a8bf9445d68dcc2be05af89ad4b2fda1fddb2952693be7cd5353ad3,1146,16020ca5b0d061509545fb5a06a51f3347cafdbd,16020ca5b0d061509545fb5a06a51f3347cafdbd:carcaça/SmartScreen/RemoteData/edgeSettings_2.0-a82cb2897a8bf9445d68dcc2be05af89ad4b2fda1fddb2952693be7cd5353ad3:generic-api-key:1146,SD-003/SD-004
Gitleaks,history,generic-api-key,carcaça/SmartScreen/RemoteData/edgeSettings_2.0-a82cb2897a8bf9445d68dcc2be05af89ad4b2fda1fddb2952693be7cd5353ad3,1150,16020ca5b0d061509545fb5a06a51f3347cafdbd,16020ca5b0d061509545fb5a06a51f3347cafdbd:carcaça/SmartScreen/RemoteData/edgeSettings_2.0-a82cb2897a8bf9445d68dcc2be05af89ad4b2fda1fddb2952693be7cd5353ad3:generic-api-key:1150,SD-003/SD-004
Gitleaks,history,generic-api-key,carcaça/SmartScreen/RemoteData/edgeSettings_2.0-a82cb2897a8bf9445d68dcc2be05af89ad4b2fda1fddb2952693be7cd5353ad3,1154,16020ca5b0d061509545fb5a06a51f3347cafdbd,16020ca5b0d061509545fb5a06a51f3347cafdbd:carcaça/SmartScreen/RemoteData/edgeSettings_2.0-a82cb2897a8bf9445d68dcc2be05af89ad4b2fda1fddb2952693be7cd5353ad3:generic-api-key:1154,SD-003/SD-004
Gitleaks,history,generic-api-key,carcaça/SmartScreen/RemoteData/edgeSettings_2.0-a82cb2897a8bf9445d68dcc2be05af89ad4b2fda1fddb2952693be7cd5353ad3,1158,16020ca5b0d061509545fb5a06a51f3347cafdbd,16020ca5b0d061509545fb5a06a51f3347cafdbd:carcaça/SmartScreen/RemoteData/edgeSettings_2.0-a82cb2897a8bf9445d68dcc2be05af89ad4b2fda1fddb2952693be7cd5353ad3:generic-api-key:1158,SD-003/SD-004
Gitleaks,history,generic-api-key,carcaça/SmartScreen/RemoteData/edgeSettings_2.0-a82cb2897a8bf9445d68dcc2be05af89ad4b2fda1fddb2952693be7cd5353ad3,1162,16020ca5b0d061509545fb5a06a51f3347cafdbd,16020ca5b0d061509545fb5a06a51f3347cafdbd:carcaça/SmartScreen/RemoteData/edgeSettings_2.0-a82cb2897a8bf9445d68dcc2be05af89ad4b2fda1fddb2952693be7cd5353ad3:generic-api-key:1162,SD-003/SD-004
Gitleaks,history,generic-api-key,carcaça/SmartScreen/RemoteData/edgeSettings_2.0-a82cb2897a8bf9445d68dcc2be05af89ad4b2fda1fddb2952693be7cd5353ad3,1166,16020ca5b0d061509545fb5a06a51f3347cafdbd,16020ca5b0d061509545fb5a06a51f3347cafdbd:carcaça/SmartScreen/RemoteData/edgeSettings_2.0-a82cb2897a8bf9445d68dcc2be05af89ad4b2fda1fddb2952693be7cd5353ad3:generic-api-key:1166,SD-003/SD-004
Gitleaks,history,generic-api-key,carcaça/SmartScreen/RemoteData/edgeSettings_2.0-a82cb2897a8bf9445d68dcc2be05af89ad4b2fda1fddb2952693be7cd5353ad3,1170,16020ca5b0d061509545fb5a06a51f3347cafdbd,16020ca5b0d061509545fb5a06a51f3347cafdbd:carcaça/SmartScreen/RemoteData/edgeSettings_2.0-a82cb2897a8bf9445d68dcc2be05af89ad4b2fda1fddb2952693be7cd5353ad3:generic-api-key:1170,SD-003/SD-004
Gitleaks,history,generic-api-key,carcaça/SmartScreen/RemoteData/edgeSettings_2.0-a82cb2897a8bf9445d68dcc2be05af89ad4b2fda1fddb2952693be7cd5353ad3,1174,16020ca5b0d061509545fb5a06a51f3347cafdbd,16020ca5b0d061509545fb5a06a51f3347cafdbd:carcaça/SmartScreen/RemoteData/edgeSettings_2.0-a82cb2897a8bf9445d68dcc2be05af89ad4b2fda1fddb2952693be7cd5353ad3:generic-api-key:1174,SD-003/SD-004
Gitleaks,history,generic-api-key,carcaça/SmartScreen/RemoteData/edgeSettings_2.0-a82cb2897a8bf9445d68dcc2be05af89ad4b2fda1fddb2952693be7cd5353ad3,1190,16020ca5b0d061509545fb5a06a51f3347cafdbd,16020ca5b0d061509545fb5a06a51f3347cafdbd:carcaça/SmartScreen/RemoteData/edgeSettings_2.0-a82cb2897a8bf9445d68dcc2be05af89ad4b2fda1fddb2952693be7cd5353ad3:generic-api-key:1190,SD-003/SD-004
Gitleaks,history,generic-api-key,carcaça/SmartScreen/RemoteData/edgeSettings_2.0-a82cb2897a8bf9445d68dcc2be05af89ad4b2fda1fddb2952693be7cd5353ad3,1202,16020ca5b0d061509545fb5a06a51f3347cafdbd,16020ca5b0d061509545fb5a06a51f3347cafdbd:carcaça/SmartScreen/RemoteData/edgeSettings_2.0-a82cb2897a8bf9445d68dcc2be05af89ad4b2fda1fddb2952693be7cd5353ad3:generic-api-key:1202,SD-003/SD-004
Gitleaks,history,generic-api-key,carcaça/SmartScreen/RemoteData/edgeSettings_2.0-a82cb2897a8bf9445d68dcc2be05af89ad4b2fda1fddb2952693be7cd5353ad3,1210,16020ca5b0d061509545fb5a06a51f3347cafdbd,16020ca5b0d061509545fb5a06a51f3347cafdbd:carcaça/SmartScreen/RemoteData/edgeSettings_2.0-a82cb2897a8bf9445d68dcc2be05af89ad4b2fda1fddb2952693be7cd5353ad3:generic-api-key:1210,SD-003/SD-004
Gitleaks,history,generic-api-key,carcaça/SmartScreen/RemoteData/edgeSettings_2.0-a82cb2897a8bf9445d68dcc2be05af89ad4b2fda1fddb2952693be7cd5353ad3,1214,16020ca5b0d061509545fb5a06a51f3347cafdbd,16020ca5b0d061509545fb5a06a51f3347cafdbd:carcaça/SmartScreen/RemoteData/edgeSettings_2.0-a82cb2897a8bf9445d68dcc2be05af89ad4b2fda1fddb2952693be7cd5353ad3:generic-api-key:1214,SD-003/SD-004
Gitleaks,history,generic-api-key,carcaça/SmartScreen/RemoteData/edgeSettings_2.0-a82cb2897a8bf9445d68dcc2be05af89ad4b2fda1fddb2952693be7cd5353ad3,1218,16020ca5b0d061509545fb5a06a51f3347cafdbd,16020ca5b0d061509545fb5a06a51f3347cafdbd:carcaça/SmartScreen/RemoteData/edgeSettings_2.0-a82cb2897a8bf9445d68dcc2be05af89ad4b2fda1fddb2952693be7cd5353ad3:generic-api-key:1218,SD-003/SD-004
Gitleaks,history,generic-api-key,carcaça/SmartScreen/RemoteData/edgeSettings_2.0-a82cb2897a8bf9445d68dcc2be05af89ad4b2fda1fddb2952693be7cd5353ad3,1230,16020ca5b0d061509545fb5a06a51f3347cafdbd,16020ca5b0d061509545fb5a06a51f3347cafdbd:carcaça/SmartScreen/RemoteData/edgeSettings_2.0-a82cb2897a8bf9445d68dcc2be05af89ad4b2fda1fddb2952693be7cd5353ad3:generic-api-key:1230,SD-003/SD-004
Gitleaks,history,generic-api-key,carcaça/SmartScreen/RemoteData/edgeSettings_2.0-a82cb2897a8bf9445d68dcc2be05af89ad4b2fda1fddb2952693be7cd5353ad3,1234,16020ca5b0d061509545fb5a06a51f3347cafdbd,16020ca5b0d061509545fb5a06a51f3347cafdbd:carcaça/SmartScreen/RemoteData/edgeSettings_2.0-a82cb2897a8bf9445d68dcc2be05af89ad4b2fda1fddb2952693be7cd5353ad3:generic-api-key:1234,SD-003/SD-004
Gitleaks,history,generic-api-key,carcaça/SmartScreen/RemoteData/edgeSettings_2.0-a82cb2897a8bf9445d68dcc2be05af89ad4b2fda1fddb2952693be7cd5353ad3,1238,16020ca5b0d061509545fb5a06a51f3347cafdbd,16020ca5b0d061509545fb5a06a51f3347cafdbd:carcaça/SmartScreen/RemoteData/edgeSettings_2.0-a82cb2897a8bf9445d68dcc2be05af89ad4b2fda1fddb2952693be7cd5353ad3:generic-api-key:1238,SD-003/SD-004
Gitleaks,history,generic-api-key,carcaça/SmartScreen/RemoteData/edgeSettings_2.0-a82cb2897a8bf9445d68dcc2be05af89ad4b2fda1fddb2952693be7cd5353ad3,1242,16020ca5b0d061509545fb5a06a51f3347cafdbd,16020ca5b0d061509545fb5a06a51f3347cafdbd:carcaça/SmartScreen/RemoteData/edgeSettings_2.0-a82cb2897a8bf9445d68dcc2be05af89ad4b2fda1fddb2952693be7cd5353ad3:generic-api-key:1242,SD-003/SD-004
Gitleaks,history,generic-api-key,carcaça/SmartScreen/RemoteData/edgeSettings_2.0-a82cb2897a8bf9445d68dcc2be05af89ad4b2fda1fddb2952693be7cd5353ad3,1246,16020ca5b0d061509545fb5a06a51f3347cafdbd,16020ca5b0d061509545fb5a06a51f3347cafdbd:carcaça/SmartScreen/RemoteData/edgeSettings_2.0-a82cb2897a8bf9445d68dcc2be05af89ad4b2fda1fddb2952693be7cd5353ad3:generic-api-key:1246,SD-003/SD-004
Gitleaks,history,generic-api-key,carcaça/SmartScreen/RemoteData/edgeSettings_2.0-a82cb2897a8bf9445d68dcc2be05af89ad4b2fda1fddb2952693be7cd5353ad3,1250,16020ca5b0d061509545fb5a06a51f3347cafdbd,16020ca5b0d061509545fb5a06a51f3347cafdbd:carcaça/SmartScreen/RemoteData/edgeSettings_2.0-a82cb2897a8bf9445d68dcc2be05af89ad4b2fda1fddb2952693be7cd5353ad3:generic-api-key:1250,SD-003/SD-004
Gitleaks,history,generic-api-key,carcaça/SmartScreen/RemoteData/edgeSettings_2.0-a82cb2897a8bf9445d68dcc2be05af89ad4b2fda1fddb2952693be7cd5353ad3,1254,16020ca5b0d061509545fb5a06a51f3347cafdbd,16020ca5b0d061509545fb5a06a51f3347cafdbd:carcaça/SmartScreen/RemoteData/edgeSettings_2.0-a82cb2897a8bf9445d68dcc2be05af89ad4b2fda1fddb2952693be7cd5353ad3:generic-api-key:1254,SD-003/SD-004
Gitleaks,history,generic-api-key,carcaça/SmartScreen/RemoteData/edgeSettings_2.0-a82cb2897a8bf9445d68dcc2be05af89ad4b2fda1fddb2952693be7cd5353ad3,1258,16020ca5b0d061509545fb5a06a51f3347cafdbd,16020ca5b0d061509545fb5a06a51f3347cafdbd:carcaça/SmartScreen/RemoteData/edgeSettings_2.0-a82cb2897a8bf9445d68dcc2be05af89ad4b2fda1fddb2952693be7cd5353ad3:generic-api-key:1258,SD-003/SD-004
Gitleaks,history,generic-api-key,carcaça/SmartScreen/RemoteData/edgeSettings_2.0-a82cb2897a8bf9445d68dcc2be05af89ad4b2fda1fddb2952693be7cd5353ad3,1262,16020ca5b0d061509545fb5a06a51f3347cafdbd,16020ca5b0d061509545fb5a06a51f3347cafdbd:carcaça/SmartScreen/RemoteData/edgeSettings_2.0-a82cb2897a8bf9445d68dcc2be05af89ad4b2fda1fddb2952693be7cd5353ad3:generic-api-key:1262,SD-003/SD-004
Gitleaks,history,generic-api-key,carcaça/SmartScreen/RemoteData/edgeSettings_2.0-a82cb2897a8bf9445d68dcc2be05af89ad4b2fda1fddb2952693be7cd5353ad3,1266,16020ca5b0d061509545fb5a06a51f3347cafdbd,16020ca5b0d061509545fb5a06a51f3347cafdbd:carcaça/SmartScreen/RemoteData/edgeSettings_2.0-a82cb2897a8bf9445d68dcc2be05af89ad4b2fda1fddb2952693be7cd5353ad3:generic-api-key:1266,SD-003/SD-004
Gitleaks,history,generic-api-key,carcaça/SmartScreen/RemoteData/edgeSettings_2.0-a82cb2897a8bf9445d68dcc2be05af89ad4b2fda1fddb2952693be7cd5353ad3,1270,16020ca5b0d061509545fb5a06a51f3347cafdbd,16020ca5b0d061509545fb5a06a51f3347cafdbd:carcaça/SmartScreen/RemoteData/edgeSettings_2.0-a82cb2897a8bf9445d68dcc2be05af89ad4b2fda1fddb2952693be7cd5353ad3:generic-api-key:1270,SD-003/SD-004
Gitleaks,history,generic-api-key,carcaça/SmartScreen/RemoteData/edgeSettings_2.0-a82cb2897a8bf9445d68dcc2be05af89ad4b2fda1fddb2952693be7cd5353ad3,1274,16020ca5b0d061509545fb5a06a51f3347cafdbd,16020ca5b0d061509545fb5a06a51f3347cafdbd:carcaça/SmartScreen/RemoteData/edgeSettings_2.0-a82cb2897a8bf9445d68dcc2be05af89ad4b2fda1fddb2952693be7cd5353ad3:generic-api-key:1274,SD-003/SD-004
Gitleaks,history,generic-api-key,carcaça/SmartScreen/RemoteData/edgeSettings_2.0-a82cb2897a8bf9445d68dcc2be05af89ad4b2fda1fddb2952693be7cd5353ad3,1278,16020ca5b0d061509545fb5a06a51f3347cafdbd,16020ca5b0d061509545fb5a06a51f3347cafdbd:carcaça/SmartScreen/RemoteData/edgeSettings_2.0-a82cb2897a8bf9445d68dcc2be05af89ad4b2fda1fddb2952693be7cd5353ad3:generic-api-key:1278,SD-003/SD-004
Gitleaks,history,generic-api-key,carcaça/SmartScreen/RemoteData/edgeSettings_2.0-a82cb2897a8bf9445d68dcc2be05af89ad4b2fda1fddb2952693be7cd5353ad3,1282,16020ca5b0d061509545fb5a06a51f3347cafdbd,16020ca5b0d061509545fb5a06a51f3347cafdbd:carcaça/SmartScreen/RemoteData/edgeSettings_2.0-a82cb2897a8bf9445d68dcc2be05af89ad4b2fda1fddb2952693be7cd5353ad3:generic-api-key:1282,SD-003/SD-004
Gitleaks,history,generic-api-key,carcaça/SmartScreen/RemoteData/edgeSettings_2.0-a82cb2897a8bf9445d68dcc2be05af89ad4b2fda1fddb2952693be7cd5353ad3,1286,16020ca5b0d061509545fb5a06a51f3347cafdbd,16020ca5b0d061509545fb5a06a51f3347cafdbd:carcaça/SmartScreen/RemoteData/edgeSettings_2.0-a82cb2897a8bf9445d68dcc2be05af89ad4b2fda1fddb2952693be7cd5353ad3:generic-api-key:1286,SD-003/SD-004
Gitleaks,history,generic-api-key,carcaça/SmartScreen/RemoteData/edgeSettings_2.0-a82cb2897a8bf9445d68dcc2be05af89ad4b2fda1fddb2952693be7cd5353ad3,1290,16020ca5b0d061509545fb5a06a51f3347cafdbd,16020ca5b0d061509545fb5a06a51f3347cafdbd:carcaça/SmartScreen/RemoteData/edgeSettings_2.0-a82cb2897a8bf9445d68dcc2be05af89ad4b2fda1fddb2952693be7cd5353ad3:generic-api-key:1290,SD-003/SD-004
Gitleaks,history,generic-api-key,carcaça/SmartScreen/RemoteData/edgeSettings_2.0-a82cb2897a8bf9445d68dcc2be05af89ad4b2fda1fddb2952693be7cd5353ad3,1294,16020ca5b0d061509545fb5a06a51f3347cafdbd,16020ca5b0d061509545fb5a06a51f3347cafdbd:carcaça/SmartScreen/RemoteData/edgeSettings_2.0-a82cb2897a8bf9445d68dcc2be05af89ad4b2fda1fddb2952693be7cd5353ad3:generic-api-key:1294,SD-003/SD-004
Gitleaks,history,generic-api-key,carcaça/SmartScreen/RemoteData/edgeSettings_2.0-a82cb2897a8bf9445d68dcc2be05af89ad4b2fda1fddb2952693be7cd5353ad3,1298,16020ca5b0d061509545fb5a06a51f3347cafdbd,16020ca5b0d061509545fb5a06a51f3347cafdbd:carcaça/SmartScreen/RemoteData/edgeSettings_2.0-a82cb2897a8bf9445d68dcc2be05af89ad4b2fda1fddb2952693be7cd5353ad3:generic-api-key:1298,SD-003/SD-004
Gitleaks,history,generic-api-key,carcaça/SmartScreen/RemoteData/edgeSettings_2.0-a82cb2897a8bf9445d68dcc2be05af89ad4b2fda1fddb2952693be7cd5353ad3,1302,16020ca5b0d061509545fb5a06a51f3347cafdbd,16020ca5b0d061509545fb5a06a51f3347cafdbd:carcaça/SmartScreen/RemoteData/edgeSettings_2.0-a82cb2897a8bf9445d68dcc2be05af89ad4b2fda1fddb2952693be7cd5353ad3:generic-api-key:1302,SD-003/SD-004
Gitleaks,history,generic-api-key,carcaça/SmartScreen/RemoteData/edgeSettings_2.0-a82cb2897a8bf9445d68dcc2be05af89ad4b2fda1fddb2952693be7cd5353ad3,1306,16020ca5b0d061509545fb5a06a51f3347cafdbd,16020ca5b0d061509545fb5a06a51f3347cafdbd:carcaça/SmartScreen/RemoteData/edgeSettings_2.0-a82cb2897a8bf9445d68dcc2be05af89ad4b2fda1fddb2952693be7cd5353ad3:generic-api-key:1306,SD-003/SD-004
Gitleaks,history,generic-api-key,carcaça/SmartScreen/RemoteData/edgeSettings_2.0-a82cb2897a8bf9445d68dcc2be05af89ad4b2fda1fddb2952693be7cd5353ad3,1310,16020ca5b0d061509545fb5a06a51f3347cafdbd,16020ca5b0d061509545fb5a06a51f3347cafdbd:carcaça/SmartScreen/RemoteData/edgeSettings_2.0-a82cb2897a8bf9445d68dcc2be05af89ad4b2fda1fddb2952693be7cd5353ad3:generic-api-key:1310,SD-003/SD-004
Gitleaks,history,generic-api-key,carcaça/SmartScreen/RemoteData/edgeSettings_2.0-a82cb2897a8bf9445d68dcc2be05af89ad4b2fda1fddb2952693be7cd5353ad3,1314,16020ca5b0d061509545fb5a06a51f3347cafdbd,16020ca5b0d061509545fb5a06a51f3347cafdbd:carcaça/SmartScreen/RemoteData/edgeSettings_2.0-a82cb2897a8bf9445d68dcc2be05af89ad4b2fda1fddb2952693be7cd5353ad3:generic-api-key:1314,SD-003/SD-004
Gitleaks,history,generic-api-key,carcaça/SmartScreen/RemoteData/edgeSettings_2.0-a82cb2897a8bf9445d68dcc2be05af89ad4b2fda1fddb2952693be7cd5353ad3,1318,16020ca5b0d061509545fb5a06a51f3347cafdbd,16020ca5b0d061509545fb5a06a51f3347cafdbd:carcaça/SmartScreen/RemoteData/edgeSettings_2.0-a82cb2897a8bf9445d68dcc2be05af89ad4b2fda1fddb2952693be7cd5353ad3:generic-api-key:1318,SD-003/SD-004
Gitleaks,history,generic-api-key,carcaça/SmartScreen/RemoteData/edgeSettings_2.0-a82cb2897a8bf9445d68dcc2be05af89ad4b2fda1fddb2952693be7cd5353ad3,1326,16020ca5b0d061509545fb5a06a51f3347cafdbd,16020ca5b0d061509545fb5a06a51f3347cafdbd:carcaça/SmartScreen/RemoteData/edgeSettings_2.0-a82cb2897a8bf9445d68dcc2be05af89ad4b2fda1fddb2952693be7cd5353ad3:generic-api-key:1326,SD-003/SD-004
Gitleaks,history,generic-api-key,carcaça/SmartScreen/RemoteData/edgeSettings_2.0-a82cb2897a8bf9445d68dcc2be05af89ad4b2fda1fddb2952693be7cd5353ad3,1330,16020ca5b0d061509545fb5a06a51f3347cafdbd,16020ca5b0d061509545fb5a06a51f3347cafdbd:carcaça/SmartScreen/RemoteData/edgeSettings_2.0-a82cb2897a8bf9445d68dcc2be05af89ad4b2fda1fddb2952693be7cd5353ad3:generic-api-key:1330,SD-003/SD-004
Gitleaks,history,generic-api-key,carcaça/SmartScreen/RemoteData/edgeSettings_2.0-a82cb2897a8bf9445d68dcc2be05af89ad4b2fda1fddb2952693be7cd5353ad3,1342,16020ca5b0d061509545fb5a06a51f3347cafdbd,16020ca5b0d061509545fb5a06a51f3347cafdbd:carcaça/SmartScreen/RemoteData/edgeSettings_2.0-a82cb2897a8bf9445d68dcc2be05af89ad4b2fda1fddb2952693be7cd5353ad3:generic-api-key:1342,SD-003/SD-004
Gitleaks,history,generic-api-key,carcaça/SmartScreen/RemoteData/edgeSettings_2.0-a82cb2897a8bf9445d68dcc2be05af89ad4b2fda1fddb2952693be7cd5353ad3,1346,16020ca5b0d061509545fb5a06a51f3347cafdbd,16020ca5b0d061509545fb5a06a51f3347cafdbd:carcaça/SmartScreen/RemoteData/edgeSettings_2.0-a82cb2897a8bf9445d68dcc2be05af89ad4b2fda1fddb2952693be7cd5353ad3:generic-api-key:1346,SD-003/SD-004
Gitleaks,history,generic-api-key,carcaça/SmartScreen/RemoteData/edgeSettings_2.0-a82cb2897a8bf9445d68dcc2be05af89ad4b2fda1fddb2952693be7cd5353ad3,1354,16020ca5b0d061509545fb5a06a51f3347cafdbd,16020ca5b0d061509545fb5a06a51f3347cafdbd:carcaça/SmartScreen/RemoteData/edgeSettings_2.0-a82cb2897a8bf9445d68dcc2be05af89ad4b2fda1fddb2952693be7cd5353ad3:generic-api-key:1354,SD-003/SD-004
Gitleaks,history,generic-api-key,carcaça/SmartScreen/RemoteData/edgeSettings_2.0-a82cb2897a8bf9445d68dcc2be05af89ad4b2fda1fddb2952693be7cd5353ad3,1358,16020ca5b0d061509545fb5a06a51f3347cafdbd,16020ca5b0d061509545fb5a06a51f3347cafdbd:carcaça/SmartScreen/RemoteData/edgeSettings_2.0-a82cb2897a8bf9445d68dcc2be05af89ad4b2fda1fddb2952693be7cd5353ad3:generic-api-key:1358,SD-003/SD-004
Gitleaks,history,generic-api-key,carcaça/SmartScreen/RemoteData/edgeSettings_2.0-a82cb2897a8bf9445d68dcc2be05af89ad4b2fda1fddb2952693be7cd5353ad3,1362,16020ca5b0d061509545fb5a06a51f3347cafdbd,16020ca5b0d061509545fb5a06a51f3347cafdbd:carcaça/SmartScreen/RemoteData/edgeSettings_2.0-a82cb2897a8bf9445d68dcc2be05af89ad4b2fda1fddb2952693be7cd5353ad3:generic-api-key:1362,SD-003/SD-004
Gitleaks,history,generic-api-key,carcaça/SmartScreen/RemoteData/edgeSettings_2.0-a82cb2897a8bf9445d68dcc2be05af89ad4b2fda1fddb2952693be7cd5353ad3,1366,16020ca5b0d061509545fb5a06a51f3347cafdbd,16020ca5b0d061509545fb5a06a51f3347cafdbd:carcaça/SmartScreen/RemoteData/edgeSettings_2.0-a82cb2897a8bf9445d68dcc2be05af89ad4b2fda1fddb2952693be7cd5353ad3:generic-api-key:1366,SD-003/SD-004
Gitleaks,history,generic-api-key,carcaça/SmartScreen/RemoteData/edgeSettings_2.0-a82cb2897a8bf9445d68dcc2be05af89ad4b2fda1fddb2952693be7cd5353ad3,1370,16020ca5b0d061509545fb5a06a51f3347cafdbd,16020ca5b0d061509545fb5a06a51f3347cafdbd:carcaça/SmartScreen/RemoteData/edgeSettings_2.0-a82cb2897a8bf9445d68dcc2be05af89ad4b2fda1fddb2952693be7cd5353ad3:generic-api-key:1370,SD-003/SD-004
Gitleaks,history,generic-api-key,carcaça/SmartScreen/RemoteData/edgeSettings_2.0-a82cb2897a8bf9445d68dcc2be05af89ad4b2fda1fddb2952693be7cd5353ad3,1374,16020ca5b0d061509545fb5a06a51f3347cafdbd,16020ca5b0d061509545fb5a06a51f3347cafdbd:carcaça/SmartScreen/RemoteData/edgeSettings_2.0-a82cb2897a8bf9445d68dcc2be05af89ad4b2fda1fddb2952693be7cd5353ad3:generic-api-key:1374,SD-003/SD-004
Gitleaks,history,generic-api-key,carcaça/SmartScreen/RemoteData/edgeSettings_2.0-a82cb2897a8bf9445d68dcc2be05af89ad4b2fda1fddb2952693be7cd5353ad3,1378,16020ca5b0d061509545fb5a06a51f3347cafdbd,16020ca5b0d061509545fb5a06a51f3347cafdbd:carcaça/SmartScreen/RemoteData/edgeSettings_2.0-a82cb2897a8bf9445d68dcc2be05af89ad4b2fda1fddb2952693be7cd5353ad3:generic-api-key:1378,SD-003/SD-004
Gitleaks,history,generic-api-key,carcaça/SmartScreen/RemoteData/edgeSettings_2.0-a82cb2897a8bf9445d68dcc2be05af89ad4b2fda1fddb2952693be7cd5353ad3,1382,16020ca5b0d061509545fb5a06a51f3347cafdbd,16020ca5b0d061509545fb5a06a51f3347cafdbd:carcaça/SmartScreen/RemoteData/edgeSettings_2.0-a82cb2897a8bf9445d68dcc2be05af89ad4b2fda1fddb2952693be7cd5353ad3:generic-api-key:1382,SD-003/SD-004
Gitleaks,history,generic-api-key,carcaça/SmartScreen/RemoteData/edgeSettings_2.0-a82cb2897a8bf9445d68dcc2be05af89ad4b2fda1fddb2952693be7cd5353ad3,1386,16020ca5b0d061509545fb5a06a51f3347cafdbd,16020ca5b0d061509545fb5a06a51f3347cafdbd:carcaça/SmartScreen/RemoteData/edgeSettings_2.0-a82cb2897a8bf9445d68dcc2be05af89ad4b2fda1fddb2952693be7cd5353ad3:generic-api-key:1386,SD-003/SD-004
Gitleaks,history,generic-api-key,carcaça/SmartScreen/RemoteData/edgeSettings_2.0-a82cb2897a8bf9445d68dcc2be05af89ad4b2fda1fddb2952693be7cd5353ad3,1390,16020ca5b0d061509545fb5a06a51f3347cafdbd,16020ca5b0d061509545fb5a06a51f3347cafdbd:carcaça/SmartScreen/RemoteData/edgeSettings_2.0-a82cb2897a8bf9445d68dcc2be05af89ad4b2fda1fddb2952693be7cd5353ad3:generic-api-key:1390,SD-003/SD-004
Gitleaks,history,generic-api-key,carcaça/SmartScreen/RemoteData/edgeSettings_2.0-a82cb2897a8bf9445d68dcc2be05af89ad4b2fda1fddb2952693be7cd5353ad3,1394,16020ca5b0d061509545fb5a06a51f3347cafdbd,16020ca5b0d061509545fb5a06a51f3347cafdbd:carcaça/SmartScreen/RemoteData/edgeSettings_2.0-a82cb2897a8bf9445d68dcc2be05af89ad4b2fda1fddb2952693be7cd5353ad3:generic-api-key:1394,SD-003/SD-004
Gitleaks,history,generic-api-key,carcaça/SmartScreen/RemoteData/edgeSettings_2.0-a82cb2897a8bf9445d68dcc2be05af89ad4b2fda1fddb2952693be7cd5353ad3,1398,16020ca5b0d061509545fb5a06a51f3347cafdbd,16020ca5b0d061509545fb5a06a51f3347cafdbd:carcaça/SmartScreen/RemoteData/edgeSettings_2.0-a82cb2897a8bf9445d68dcc2be05af89ad4b2fda1fddb2952693be7cd5353ad3:generic-api-key:1398,SD-003/SD-004
Gitleaks,history,generic-api-key,carcaça/SmartScreen/RemoteData/edgeSettings_2.0-a82cb2897a8bf9445d68dcc2be05af89ad4b2fda1fddb2952693be7cd5353ad3,1410,16020ca5b0d061509545fb5a06a51f3347cafdbd,16020ca5b0d061509545fb5a06a51f3347cafdbd:carcaça/SmartScreen/RemoteData/edgeSettings_2.0-a82cb2897a8bf9445d68dcc2be05af89ad4b2fda1fddb2952693be7cd5353ad3:generic-api-key:1410,SD-003/SD-004
Gitleaks,history,generic-api-key,carcaça/SmartScreen/RemoteData/edgeSettings_2.0-a82cb2897a8bf9445d68dcc2be05af89ad4b2fda1fddb2952693be7cd5353ad3,1414,16020ca5b0d061509545fb5a06a51f3347cafdbd,16020ca5b0d061509545fb5a06a51f3347cafdbd:carcaça/SmartScreen/RemoteData/edgeSettings_2.0-a82cb2897a8bf9445d68dcc2be05af89ad4b2fda1fddb2952693be7cd5353ad3:generic-api-key:1414,SD-003/SD-004
Gitleaks,history,generic-api-key,carcaça/SmartScreen/RemoteData/edgeSettings_2.0-a82cb2897a8bf9445d68dcc2be05af89ad4b2fda1fddb2952693be7cd5353ad3,1422,16020ca5b0d061509545fb5a06a51f3347cafdbd,16020ca5b0d061509545fb5a06a51f3347cafdbd:carcaça/SmartScreen/RemoteData/edgeSettings_2.0-a82cb2897a8bf9445d68dcc2be05af89ad4b2fda1fddb2952693be7cd5353ad3:generic-api-key:1422,SD-003/SD-004
Gitleaks,history,generic-api-key,carcaça/SmartScreen/RemoteData/edgeSettings_2.0-a82cb2897a8bf9445d68dcc2be05af89ad4b2fda1fddb2952693be7cd5353ad3,1426,16020ca5b0d061509545fb5a06a51f3347cafdbd,16020ca5b0d061509545fb5a06a51f3347cafdbd:carcaça/SmartScreen/RemoteData/edgeSettings_2.0-a82cb2897a8bf9445d68dcc2be05af89ad4b2fda1fddb2952693be7cd5353ad3:generic-api-key:1426,SD-003/SD-004
Gitleaks,history,generic-api-key,carcaça/SmartScreen/RemoteData/edgeSettings_2.0-a82cb2897a8bf9445d68dcc2be05af89ad4b2fda1fddb2952693be7cd5353ad3,1434,16020ca5b0d061509545fb5a06a51f3347cafdbd,16020ca5b0d061509545fb5a06a51f3347cafdbd:carcaça/SmartScreen/RemoteData/edgeSettings_2.0-a82cb2897a8bf9445d68dcc2be05af89ad4b2fda1fddb2952693be7cd5353ad3:generic-api-key:1434,SD-003/SD-004
Gitleaks,history,generic-api-key,carcaça/SmartScreen/RemoteData/edgeSettings_2.0-a82cb2897a8bf9445d68dcc2be05af89ad4b2fda1fddb2952693be7cd5353ad3,1438,16020ca5b0d061509545fb5a06a51f3347cafdbd,16020ca5b0d061509545fb5a06a51f3347cafdbd:carcaça/SmartScreen/RemoteData/edgeSettings_2.0-a82cb2897a8bf9445d68dcc2be05af89ad4b2fda1fddb2952693be7cd5353ad3:generic-api-key:1438,SD-003/SD-004
Gitleaks,history,generic-api-key,carcaça/SmartScreen/RemoteData/edgeSettings_2.0-a82cb2897a8bf9445d68dcc2be05af89ad4b2fda1fddb2952693be7cd5353ad3,1442,16020ca5b0d061509545fb5a06a51f3347cafdbd,16020ca5b0d061509545fb5a06a51f3347cafdbd:carcaça/SmartScreen/RemoteData/edgeSettings_2.0-a82cb2897a8bf9445d68dcc2be05af89ad4b2fda1fddb2952693be7cd5353ad3:generic-api-key:1442,SD-003/SD-004
Gitleaks,history,generic-api-key,carcaça/SmartScreen/RemoteData/edgeSettings_2.0-a82cb2897a8bf9445d68dcc2be05af89ad4b2fda1fddb2952693be7cd5353ad3,1446,16020ca5b0d061509545fb5a06a51f3347cafdbd,16020ca5b0d061509545fb5a06a51f3347cafdbd:carcaça/SmartScreen/RemoteData/edgeSettings_2.0-a82cb2897a8bf9445d68dcc2be05af89ad4b2fda1fddb2952693be7cd5353ad3:generic-api-key:1446,SD-003/SD-004
Gitleaks,history,generic-api-key,carcaça/SmartScreen/RemoteData/edgeSettings_2.0-a82cb2897a8bf9445d68dcc2be05af89ad4b2fda1fddb2952693be7cd5353ad3,1450,16020ca5b0d061509545fb5a06a51f3347cafdbd,16020ca5b0d061509545fb5a06a51f3347cafdbd:carcaça/SmartScreen/RemoteData/edgeSettings_2.0-a82cb2897a8bf9445d68dcc2be05af89ad4b2fda1fddb2952693be7cd5353ad3:generic-api-key:1450,SD-003/SD-004
Gitleaks,history,generic-api-key,carcaça/SmartScreen/RemoteData/edgeSettings_2.0-a82cb2897a8bf9445d68dcc2be05af89ad4b2fda1fddb2952693be7cd5353ad3,1454,16020ca5b0d061509545fb5a06a51f3347cafdbd,16020ca5b0d061509545fb5a06a51f3347cafdbd:carcaça/SmartScreen/RemoteData/edgeSettings_2.0-a82cb2897a8bf9445d68dcc2be05af89ad4b2fda1fddb2952693be7cd5353ad3:generic-api-key:1454,SD-003/SD-004
Gitleaks,history,generic-api-key,carcaça/SmartScreen/RemoteData/edgeSettings_2.0-a82cb2897a8bf9445d68dcc2be05af89ad4b2fda1fddb2952693be7cd5353ad3,1458,16020ca5b0d061509545fb5a06a51f3347cafdbd,16020ca5b0d061509545fb5a06a51f3347cafdbd:carcaça/SmartScreen/RemoteData/edgeSettings_2.0-a82cb2897a8bf9445d68dcc2be05af89ad4b2fda1fddb2952693be7cd5353ad3:generic-api-key:1458,SD-003/SD-004
Gitleaks,history,generic-api-key,carcaça/SmartScreen/RemoteData/edgeSettings_2.0-a82cb2897a8bf9445d68dcc2be05af89ad4b2fda1fddb2952693be7cd5353ad3,1462,16020ca5b0d061509545fb5a06a51f3347cafdbd,16020ca5b0d061509545fb5a06a51f3347cafdbd:carcaça/SmartScreen/RemoteData/edgeSettings_2.0-a82cb2897a8bf9445d68dcc2be05af89ad4b2fda1fddb2952693be7cd5353ad3:generic-api-key:1462,SD-003/SD-004
Gitleaks,history,generic-api-key,carcaça/SmartScreen/RemoteData/edgeSettings_2.0-a82cb2897a8bf9445d68dcc2be05af89ad4b2fda1fddb2952693be7cd5353ad3,1466,16020ca5b0d061509545fb5a06a51f3347cafdbd,16020ca5b0d061509545fb5a06a51f3347cafdbd:carcaça/SmartScreen/RemoteData/edgeSettings_2.0-a82cb2897a8bf9445d68dcc2be05af89ad4b2fda1fddb2952693be7cd5353ad3:generic-api-key:1466,SD-003/SD-004
Gitleaks,history,generic-api-key,carcaça/SmartScreen/RemoteData/edgeSettings_2.0-a82cb2897a8bf9445d68dcc2be05af89ad4b2fda1fddb2952693be7cd5353ad3,1470,16020ca5b0d061509545fb5a06a51f3347cafdbd,16020ca5b0d061509545fb5a06a51f3347cafdbd:carcaça/SmartScreen/RemoteData/edgeSettings_2.0-a82cb2897a8bf9445d68dcc2be05af89ad4b2fda1fddb2952693be7cd5353ad3:generic-api-key:1470,SD-003/SD-004
Gitleaks,history,generic-api-key,carcaça/SmartScreen/RemoteData/edgeSettings_2.0-a82cb2897a8bf9445d68dcc2be05af89ad4b2fda1fddb2952693be7cd5353ad3,1474,16020ca5b0d061509545fb5a06a51f3347cafdbd,16020ca5b0d061509545fb5a06a51f3347cafdbd:carcaça/SmartScreen/RemoteData/edgeSettings_2.0-a82cb2897a8bf9445d68dcc2be05af89ad4b2fda1fddb2952693be7cd5353ad3:generic-api-key:1474,SD-003/SD-004
Gitleaks,history,generic-api-key,carcaça/SmartScreen/RemoteData/edgeSettings_2.0-a82cb2897a8bf9445d68dcc2be05af89ad4b2fda1fddb2952693be7cd5353ad3,1478,16020ca5b0d061509545fb5a06a51f3347cafdbd,16020ca5b0d061509545fb5a06a51f3347cafdbd:carcaça/SmartScreen/RemoteData/edgeSettings_2.0-a82cb2897a8bf9445d68dcc2be05af89ad4b2fda1fddb2952693be7cd5353ad3:generic-api-key:1478,SD-003/SD-004
Gitleaks,history,generic-api-key,carcaça/SmartScreen/RemoteData/edgeSettings_2.0-a82cb2897a8bf9445d68dcc2be05af89ad4b2fda1fddb2952693be7cd5353ad3,1486,16020ca5b0d061509545fb5a06a51f3347cafdbd,16020ca5b0d061509545fb5a06a51f3347cafdbd:carcaça/SmartScreen/RemoteData/edgeSettings_2.0-a82cb2897a8bf9445d68dcc2be05af89ad4b2fda1fddb2952693be7cd5353ad3:generic-api-key:1486,SD-003/SD-004
Gitleaks,history,generic-api-key,carcaça/SmartScreen/RemoteData/edgeSettings_2.0-a82cb2897a8bf9445d68dcc2be05af89ad4b2fda1fddb2952693be7cd5353ad3,1490,16020ca5b0d061509545fb5a06a51f3347cafdbd,16020ca5b0d061509545fb5a06a51f3347cafdbd:carcaça/SmartScreen/RemoteData/edgeSettings_2.0-a82cb2897a8bf9445d68dcc2be05af89ad4b2fda1fddb2952693be7cd5353ad3:generic-api-key:1490,SD-003/SD-004
Gitleaks,history,generic-api-key,carcaça/SmartScreen/RemoteData/edgeSettings_2.0-a82cb2897a8bf9445d68dcc2be05af89ad4b2fda1fddb2952693be7cd5353ad3,1494,16020ca5b0d061509545fb5a06a51f3347cafdbd,16020ca5b0d061509545fb5a06a51f3347cafdbd:carcaça/SmartScreen/RemoteData/edgeSettings_2.0-a82cb2897a8bf9445d68dcc2be05af89ad4b2fda1fddb2952693be7cd5353ad3:generic-api-key:1494,SD-003/SD-004
Gitleaks,history,generic-api-key,carcaça/SmartScreen/RemoteData/edgeSettings_2.0-a82cb2897a8bf9445d68dcc2be05af89ad4b2fda1fddb2952693be7cd5353ad3,1498,16020ca5b0d061509545fb5a06a51f3347cafdbd,16020ca5b0d061509545fb5a06a51f3347cafdbd:carcaça/SmartScreen/RemoteData/edgeSettings_2.0-a82cb2897a8bf9445d68dcc2be05af89ad4b2fda1fddb2952693be7cd5353ad3:generic-api-key:1498,SD-003/SD-004
Gitleaks,history,generic-api-key,carcaça/SmartScreen/RemoteData/edgeSettings_2.0-a82cb2897a8bf9445d68dcc2be05af89ad4b2fda1fddb2952693be7cd5353ad3,1502,16020ca5b0d061509545fb5a06a51f3347cafdbd,16020ca5b0d061509545fb5a06a51f3347cafdbd:carcaça/SmartScreen/RemoteData/edgeSettings_2.0-a82cb2897a8bf9445d68dcc2be05af89ad4b2fda1fddb2952693be7cd5353ad3:generic-api-key:1502,SD-003/SD-004
Gitleaks,history,generic-api-key,carcaça/SmartScreen/RemoteData/edgeSettings_2.0-a82cb2897a8bf9445d68dcc2be05af89ad4b2fda1fddb2952693be7cd5353ad3,1506,16020ca5b0d061509545fb5a06a51f3347cafdbd,16020ca5b0d061509545fb5a06a51f3347cafdbd:carcaça/SmartScreen/RemoteData/edgeSettings_2.0-a82cb2897a8bf9445d68dcc2be05af89ad4b2fda1fddb2952693be7cd5353ad3:generic-api-key:1506,SD-003/SD-004
Gitleaks,history,generic-api-key,carcaça/SmartScreen/RemoteData/edgeSettings_2.0-a82cb2897a8bf9445d68dcc2be05af89ad4b2fda1fddb2952693be7cd5353ad3,1510,16020ca5b0d061509545fb5a06a51f3347cafdbd,16020ca5b0d061509545fb5a06a51f3347cafdbd:carcaça/SmartScreen/RemoteData/edgeSettings_2.0-a82cb2897a8bf9445d68dcc2be05af89ad4b2fda1fddb2952693be7cd5353ad3:generic-api-key:1510,SD-003/SD-004
Gitleaks,history,generic-api-key,carcaça/SmartScreen/RemoteData/edgeSettings_2.0-a82cb2897a8bf9445d68dcc2be05af89ad4b2fda1fddb2952693be7cd5353ad3,1514,16020ca5b0d061509545fb5a06a51f3347cafdbd,16020ca5b0d061509545fb5a06a51f3347cafdbd:carcaça/SmartScreen/RemoteData/edgeSettings_2.0-a82cb2897a8bf9445d68dcc2be05af89ad4b2fda1fddb2952693be7cd5353ad3:generic-api-key:1514,SD-003/SD-004
Gitleaks,history,generic-api-key,carcaça/SmartScreen/RemoteData/edgeSettings_2.0-a82cb2897a8bf9445d68dcc2be05af89ad4b2fda1fddb2952693be7cd5353ad3,1518,16020ca5b0d061509545fb5a06a51f3347cafdbd,16020ca5b0d061509545fb5a06a51f3347cafdbd:carcaça/SmartScreen/RemoteData/edgeSettings_2.0-a82cb2897a8bf9445d68dcc2be05af89ad4b2fda1fddb2952693be7cd5353ad3:generic-api-key:1518,SD-003/SD-004
Gitleaks,history,generic-api-key,carcaça/SmartScreen/RemoteData/edgeSettings_2.0-a82cb2897a8bf9445d68dcc2be05af89ad4b2fda1fddb2952693be7cd5353ad3,1522,16020ca5b0d061509545fb5a06a51f3347cafdbd,16020ca5b0d061509545fb5a06a51f3347cafdbd:carcaça/SmartScreen/RemoteData/edgeSettings_2.0-a82cb2897a8bf9445d68dcc2be05af89ad4b2fda1fddb2952693be7cd5353ad3:generic-api-key:1522,SD-003/SD-004
Gitleaks,history,generic-api-key,carcaça/SmartScreen/RemoteData/edgeSettings_2.0-a82cb2897a8bf9445d68dcc2be05af89ad4b2fda1fddb2952693be7cd5353ad3,1526,16020ca5b0d061509545fb5a06a51f3347cafdbd,16020ca5b0d061509545fb5a06a51f3347cafdbd:carcaça/SmartScreen/RemoteData/edgeSettings_2.0-a82cb2897a8bf9445d68dcc2be05af89ad4b2fda1fddb2952693be7cd5353ad3:generic-api-key:1526,SD-003/SD-004
Gitleaks,history,generic-api-key,carcaça/SmartScreen/RemoteData/edgeSettings_2.0-a82cb2897a8bf9445d68dcc2be05af89ad4b2fda1fddb2952693be7cd5353ad3,1530,16020ca5b0d061509545fb5a06a51f3347cafdbd,16020ca5b0d061509545fb5a06a51f3347cafdbd:carcaça/SmartScreen/RemoteData/edgeSettings_2.0-a82cb2897a8bf9445d68dcc2be05af89ad4b2fda1fddb2952693be7cd5353ad3:generic-api-key:1530,SD-003/SD-004
Gitleaks,history,generic-api-key,carcaça/SmartScreen/RemoteData/edgeSettings_2.0-a82cb2897a8bf9445d68dcc2be05af89ad4b2fda1fddb2952693be7cd5353ad3,1534,16020ca5b0d061509545fb5a06a51f3347cafdbd,16020ca5b0d061509545fb5a06a51f3347cafdbd:carcaça/SmartScreen/RemoteData/edgeSettings_2.0-a82cb2897a8bf9445d68dcc2be05af89ad4b2fda1fddb2952693be7cd5353ad3:generic-api-key:1534,SD-003/SD-004
Gitleaks,history,generic-api-key,carcaça/SmartScreen/RemoteData/edgeSettings_2.0-a82cb2897a8bf9445d68dcc2be05af89ad4b2fda1fddb2952693be7cd5353ad3,1538,16020ca5b0d061509545fb5a06a51f3347cafdbd,16020ca5b0d061509545fb5a06a51f3347cafdbd:carcaça/SmartScreen/RemoteData/edgeSettings_2.0-a82cb2897a8bf9445d68dcc2be05af89ad4b2fda1fddb2952693be7cd5353ad3:generic-api-key:1538,SD-003/SD-004
Gitleaks,history,generic-api-key,carcaça/SmartScreen/RemoteData/edgeSettings_2.0-a82cb2897a8bf9445d68dcc2be05af89ad4b2fda1fddb2952693be7cd5353ad3,1542,16020ca5b0d061509545fb5a06a51f3347cafdbd,16020ca5b0d061509545fb5a06a51f3347cafdbd:carcaça/SmartScreen/RemoteData/edgeSettings_2.0-a82cb2897a8bf9445d68dcc2be05af89ad4b2fda1fddb2952693be7cd5353ad3:generic-api-key:1542,SD-003/SD-004
Gitleaks,history,generic-api-key,carcaça/SmartScreen/RemoteData/edgeSettings_2.0-a82cb2897a8bf9445d68dcc2be05af89ad4b2fda1fddb2952693be7cd5353ad3,1546,16020ca5b0d061509545fb5a06a51f3347cafdbd,16020ca5b0d061509545fb5a06a51f3347cafdbd:carcaça/SmartScreen/RemoteData/edgeSettings_2.0-a82cb2897a8bf9445d68dcc2be05af89ad4b2fda1fddb2952693be7cd5353ad3:generic-api-key:1546,SD-003/SD-004
Gitleaks,history,generic-api-key,carcaça/SmartScreen/RemoteData/edgeSettings_2.0-a82cb2897a8bf9445d68dcc2be05af89ad4b2fda1fddb2952693be7cd5353ad3,1550,16020ca5b0d061509545fb5a06a51f3347cafdbd,16020ca5b0d061509545fb5a06a51f3347cafdbd:carcaça/SmartScreen/RemoteData/edgeSettings_2.0-a82cb2897a8bf9445d68dcc2be05af89ad4b2fda1fddb2952693be7cd5353ad3:generic-api-key:1550,SD-003/SD-004
Gitleaks,history,generic-api-key,carcaça/SmartScreen/RemoteData/edgeSettings_2.0-a82cb2897a8bf9445d68dcc2be05af89ad4b2fda1fddb2952693be7cd5353ad3,1554,16020ca5b0d061509545fb5a06a51f3347cafdbd,16020ca5b0d061509545fb5a06a51f3347cafdbd:carcaça/SmartScreen/RemoteData/edgeSettings_2.0-a82cb2897a8bf9445d68dcc2be05af89ad4b2fda1fddb2952693be7cd5353ad3:generic-api-key:1554,SD-003/SD-004
Gitleaks,history,generic-api-key,carcaça/SmartScreen/RemoteData/edgeSettings_2.0-a82cb2897a8bf9445d68dcc2be05af89ad4b2fda1fddb2952693be7cd5353ad3,1558,16020ca5b0d061509545fb5a06a51f3347cafdbd,16020ca5b0d061509545fb5a06a51f3347cafdbd:carcaça/SmartScreen/RemoteData/edgeSettings_2.0-a82cb2897a8bf9445d68dcc2be05af89ad4b2fda1fddb2952693be7cd5353ad3:generic-api-key:1558,SD-003/SD-004
Gitleaks,history,generic-api-key,carcaça/SmartScreen/RemoteData/edgeSettings_2.0-a82cb2897a8bf9445d68dcc2be05af89ad4b2fda1fddb2952693be7cd5353ad3,1574,16020ca5b0d061509545fb5a06a51f3347cafdbd,16020ca5b0d061509545fb5a06a51f3347cafdbd:carcaça/SmartScreen/RemoteData/edgeSettings_2.0-a82cb2897a8bf9445d68dcc2be05af89ad4b2fda1fddb2952693be7cd5353ad3:generic-api-key:1574,SD-003/SD-004
Gitleaks,history,generic-api-key,carcaça/SmartScreen/RemoteData/edgeSettings_2.0-a82cb2897a8bf9445d68dcc2be05af89ad4b2fda1fddb2952693be7cd5353ad3,1578,16020ca5b0d061509545fb5a06a51f3347cafdbd,16020ca5b0d061509545fb5a06a51f3347cafdbd:carcaça/SmartScreen/RemoteData/edgeSettings_2.0-a82cb2897a8bf9445d68dcc2be05af89ad4b2fda1fddb2952693be7cd5353ad3:generic-api-key:1578,SD-003/SD-004
Gitleaks,history,generic-api-key,carcaça/SmartScreen/RemoteData/edgeSettings_2.0-a82cb2897a8bf9445d68dcc2be05af89ad4b2fda1fddb2952693be7cd5353ad3,1582,16020ca5b0d061509545fb5a06a51f3347cafdbd,16020ca5b0d061509545fb5a06a51f3347cafdbd:carcaça/SmartScreen/RemoteData/edgeSettings_2.0-a82cb2897a8bf9445d68dcc2be05af89ad4b2fda1fddb2952693be7cd5353ad3:generic-api-key:1582,SD-003/SD-004
Gitleaks,history,generic-api-key,carcaça/SmartScreen/RemoteData/edgeSettings_2.0-a82cb2897a8bf9445d68dcc2be05af89ad4b2fda1fddb2952693be7cd5353ad3,1586,16020ca5b0d061509545fb5a06a51f3347cafdbd,16020ca5b0d061509545fb5a06a51f3347cafdbd:carcaça/SmartScreen/RemoteData/edgeSettings_2.0-a82cb2897a8bf9445d68dcc2be05af89ad4b2fda1fddb2952693be7cd5353ad3:generic-api-key:1586,SD-003/SD-004
Gitleaks,history,generic-api-key,carcaça/SmartScreen/RemoteData/edgeSettings_2.0-a82cb2897a8bf9445d68dcc2be05af89ad4b2fda1fddb2952693be7cd5353ad3,1590,16020ca5b0d061509545fb5a06a51f3347cafdbd,16020ca5b0d061509545fb5a06a51f3347cafdbd:carcaça/SmartScreen/RemoteData/edgeSettings_2.0-a82cb2897a8bf9445d68dcc2be05af89ad4b2fda1fddb2952693be7cd5353ad3:generic-api-key:1590,SD-003/SD-004
Gitleaks,history,generic-api-key,carcaça/SmartScreen/RemoteData/edgeSettings_2.0-a82cb2897a8bf9445d68dcc2be05af89ad4b2fda1fddb2952693be7cd5353ad3,1594,16020ca5b0d061509545fb5a06a51f3347cafdbd,16020ca5b0d061509545fb5a06a51f3347cafdbd:carcaça/SmartScreen/RemoteData/edgeSettings_2.0-a82cb2897a8bf9445d68dcc2be05af89ad4b2fda1fddb2952693be7cd5353ad3:generic-api-key:1594,SD-003/SD-004
Gitleaks,history,generic-api-key,carcaça/SmartScreen/RemoteData/edgeSettings_2.0-a82cb2897a8bf9445d68dcc2be05af89ad4b2fda1fddb2952693be7cd5353ad3,1598,16020ca5b0d061509545fb5a06a51f3347cafdbd,16020ca5b0d061509545fb5a06a51f3347cafdbd:carcaça/SmartScreen/RemoteData/edgeSettings_2.0-a82cb2897a8bf9445d68dcc2be05af89ad4b2fda1fddb2952693be7cd5353ad3:generic-api-key:1598,SD-003/SD-004
Gitleaks,history,generic-api-key,carcaça/SmartScreen/RemoteData/edgeSettings_2.0-a82cb2897a8bf9445d68dcc2be05af89ad4b2fda1fddb2952693be7cd5353ad3,1606,16020ca5b0d061509545fb5a06a51f3347cafdbd,16020ca5b0d061509545fb5a06a51f3347cafdbd:carcaça/SmartScreen/RemoteData/edgeSettings_2.0-a82cb2897a8bf9445d68dcc2be05af89ad4b2fda1fddb2952693be7cd5353ad3:generic-api-key:1606,SD-003/SD-004
Gitleaks,history,generic-api-key,carcaça/SmartScreen/RemoteData/edgeSettings_2.0-a82cb2897a8bf9445d68dcc2be05af89ad4b2fda1fddb2952693be7cd5353ad3,1610,16020ca5b0d061509545fb5a06a51f3347cafdbd,16020ca5b0d061509545fb5a06a51f3347cafdbd:carcaça/SmartScreen/RemoteData/edgeSettings_2.0-a82cb2897a8bf9445d68dcc2be05af89ad4b2fda1fddb2952693be7cd5353ad3:generic-api-key:1610,SD-003/SD-004
Gitleaks,history,generic-api-key,carcaça/SmartScreen/RemoteData/edgeSettings_2.0-a82cb2897a8bf9445d68dcc2be05af89ad4b2fda1fddb2952693be7cd5353ad3,1614,16020ca5b0d061509545fb5a06a51f3347cafdbd,16020ca5b0d061509545fb5a06a51f3347cafdbd:carcaça/SmartScreen/RemoteData/edgeSettings_2.0-a82cb2897a8bf9445d68dcc2be05af89ad4b2fda1fddb2952693be7cd5353ad3:generic-api-key:1614,SD-003/SD-004
Gitleaks,history,generic-api-key,carcaça/SmartScreen/RemoteData/edgeSettings_2.0-a82cb2897a8bf9445d68dcc2be05af89ad4b2fda1fddb2952693be7cd5353ad3,1618,16020ca5b0d061509545fb5a06a51f3347cafdbd,16020ca5b0d061509545fb5a06a51f3347cafdbd:carcaça/SmartScreen/RemoteData/edgeSettings_2.0-a82cb2897a8bf9445d68dcc2be05af89ad4b2fda1fddb2952693be7cd5353ad3:generic-api-key:1618,SD-003/SD-004
Gitleaks,history,generic-api-key,carcaça/SmartScreen/RemoteData/edgeSettings_2.0-a82cb2897a8bf9445d68dcc2be05af89ad4b2fda1fddb2952693be7cd5353ad3,1622,16020ca5b0d061509545fb5a06a51f3347cafdbd,16020ca5b0d061509545fb5a06a51f3347cafdbd:carcaça/SmartScreen/RemoteData/edgeSettings_2.0-a82cb2897a8bf9445d68dcc2be05af89ad4b2fda1fddb2952693be7cd5353ad3:generic-api-key:1622,SD-003/SD-004
Gitleaks,history,generic-api-key,carcaça/SmartScreen/RemoteData/edgeSettings_2.0-a82cb2897a8bf9445d68dcc2be05af89ad4b2fda1fddb2952693be7cd5353ad3,1626,16020ca5b0d061509545fb5a06a51f3347cafdbd,16020ca5b0d061509545fb5a06a51f3347cafdbd:carcaça/SmartScreen/RemoteData/edgeSettings_2.0-a82cb2897a8bf9445d68dcc2be05af89ad4b2fda1fddb2952693be7cd5353ad3:generic-api-key:1626,SD-003/SD-004
Gitleaks,history,generic-api-key,carcaça/SmartScreen/RemoteData/edgeSettings_2.0-a82cb2897a8bf9445d68dcc2be05af89ad4b2fda1fddb2952693be7cd5353ad3,1630,16020ca5b0d061509545fb5a06a51f3347cafdbd,16020ca5b0d061509545fb5a06a51f3347cafdbd:carcaça/SmartScreen/RemoteData/edgeSettings_2.0-a82cb2897a8bf9445d68dcc2be05af89ad4b2fda1fddb2952693be7cd5353ad3:generic-api-key:1630,SD-003/SD-004
Gitleaks,history,generic-api-key,carcaça/SmartScreen/RemoteData/edgeSettings_2.0-a82cb2897a8bf9445d68dcc2be05af89ad4b2fda1fddb2952693be7cd5353ad3,1634,16020ca5b0d061509545fb5a06a51f3347cafdbd,16020ca5b0d061509545fb5a06a51f3347cafdbd:carcaça/SmartScreen/RemoteData/edgeSettings_2.0-a82cb2897a8bf9445d68dcc2be05af89ad4b2fda1fddb2952693be7cd5353ad3:generic-api-key:1634,SD-003/SD-004
Gitleaks,history,generic-api-key,carcaça/SmartScreen/RemoteData/edgeSettings_2.0-a82cb2897a8bf9445d68dcc2be05af89ad4b2fda1fddb2952693be7cd5353ad3,1638,16020ca5b0d061509545fb5a06a51f3347cafdbd,16020ca5b0d061509545fb5a06a51f3347cafdbd:carcaça/SmartScreen/RemoteData/edgeSettings_2.0-a82cb2897a8bf9445d68dcc2be05af89ad4b2fda1fddb2952693be7cd5353ad3:generic-api-key:1638,SD-003/SD-004
Gitleaks,history,generic-api-key,carcaça/SmartScreen/RemoteData/edgeSettings_2.0-a82cb2897a8bf9445d68dcc2be05af89ad4b2fda1fddb2952693be7cd5353ad3,1642,16020ca5b0d061509545fb5a06a51f3347cafdbd,16020ca5b0d061509545fb5a06a51f3347cafdbd:carcaça/SmartScreen/RemoteData/edgeSettings_2.0-a82cb2897a8bf9445d68dcc2be05af89ad4b2fda1fddb2952693be7cd5353ad3:generic-api-key:1642,SD-003/SD-004
Gitleaks,history,generic-api-key,carcaça/SmartScreen/RemoteData/edgeSettings_2.0-a82cb2897a8bf9445d68dcc2be05af89ad4b2fda1fddb2952693be7cd5353ad3,1646,16020ca5b0d061509545fb5a06a51f3347cafdbd,16020ca5b0d061509545fb5a06a51f3347cafdbd:carcaça/SmartScreen/RemoteData/edgeSettings_2.0-a82cb2897a8bf9445d68dcc2be05af89ad4b2fda1fddb2952693be7cd5353ad3:generic-api-key:1646,SD-003/SD-004
Gitleaks,history,generic-api-key,carcaça/SmartScreen/RemoteData/edgeSettings_2.0-a82cb2897a8bf9445d68dcc2be05af89ad4b2fda1fddb2952693be7cd5353ad3,1650,16020ca5b0d061509545fb5a06a51f3347cafdbd,16020ca5b0d061509545fb5a06a51f3347cafdbd:carcaça/SmartScreen/RemoteData/edgeSettings_2.0-a82cb2897a8bf9445d68dcc2be05af89ad4b2fda1fddb2952693be7cd5353ad3:generic-api-key:1650,SD-003/SD-004
Gitleaks,history,generic-api-key,carcaça/SmartScreen/RemoteData/edgeSettings_2.0-a82cb2897a8bf9445d68dcc2be05af89ad4b2fda1fddb2952693be7cd5353ad3,1654,16020ca5b0d061509545fb5a06a51f3347cafdbd,16020ca5b0d061509545fb5a06a51f3347cafdbd:carcaça/SmartScreen/RemoteData/edgeSettings_2.0-a82cb2897a8bf9445d68dcc2be05af89ad4b2fda1fddb2952693be7cd5353ad3:generic-api-key:1654,SD-003/SD-004
Gitleaks,history,generic-api-key,carcaça/SmartScreen/RemoteData/edgeSettings_2.0-a82cb2897a8bf9445d68dcc2be05af89ad4b2fda1fddb2952693be7cd5353ad3,1658,16020ca5b0d061509545fb5a06a51f3347cafdbd,16020ca5b0d061509545fb5a06a51f3347cafdbd:carcaça/SmartScreen/RemoteData/edgeSettings_2.0-a82cb2897a8bf9445d68dcc2be05af89ad4b2fda1fddb2952693be7cd5353ad3:generic-api-key:1658,SD-003/SD-004
Gitleaks,history,generic-api-key,carcaça/SmartScreen/RemoteData/edgeSettings_2.0-a82cb2897a8bf9445d68dcc2be05af89ad4b2fda1fddb2952693be7cd5353ad3,1662,16020ca5b0d061509545fb5a06a51f3347cafdbd,16020ca5b0d061509545fb5a06a51f3347cafdbd:carcaça/SmartScreen/RemoteData/edgeSettings_2.0-a82cb2897a8bf9445d68dcc2be05af89ad4b2fda1fddb2952693be7cd5353ad3:generic-api-key:1662,SD-003/SD-004
Gitleaks,history,generic-api-key,carcaça/SmartScreen/RemoteData/edgeSettings_2.0-a82cb2897a8bf9445d68dcc2be05af89ad4b2fda1fddb2952693be7cd5353ad3,1666,16020ca5b0d061509545fb5a06a51f3347cafdbd,16020ca5b0d061509545fb5a06a51f3347cafdbd:carcaça/SmartScreen/RemoteData/edgeSettings_2.0-a82cb2897a8bf9445d68dcc2be05af89ad4b2fda1fddb2952693be7cd5353ad3:generic-api-key:1666,SD-003/SD-004
Gitleaks,history,generic-api-key,carcaça/SmartScreen/RemoteData/edgeSettings_2.0-a82cb2897a8bf9445d68dcc2be05af89ad4b2fda1fddb2952693be7cd5353ad3,1670,16020ca5b0d061509545fb5a06a51f3347cafdbd,16020ca5b0d061509545fb5a06a51f3347cafdbd:carcaça/SmartScreen/RemoteData/edgeSettings_2.0-a82cb2897a8bf9445d68dcc2be05af89ad4b2fda1fddb2952693be7cd5353ad3:generic-api-key:1670,SD-003/SD-004
Gitleaks,history,generic-api-key,carcaça/SmartScreen/RemoteData/edgeSettings_2.0-a82cb2897a8bf9445d68dcc2be05af89ad4b2fda1fddb2952693be7cd5353ad3,1674,16020ca5b0d061509545fb5a06a51f3347cafdbd,16020ca5b0d061509545fb5a06a51f3347cafdbd:carcaça/SmartScreen/RemoteData/edgeSettings_2.0-a82cb2897a8bf9445d68dcc2be05af89ad4b2fda1fddb2952693be7cd5353ad3:generic-api-key:1674,SD-003/SD-004
Gitleaks,history,generic-api-key,carcaça/SmartScreen/RemoteData/edgeSettings_2.0-a82cb2897a8bf9445d68dcc2be05af89ad4b2fda1fddb2952693be7cd5353ad3,1678,16020ca5b0d061509545fb5a06a51f3347cafdbd,16020ca5b0d061509545fb5a06a51f3347cafdbd:carcaça/SmartScreen/RemoteData/edgeSettings_2.0-a82cb2897a8bf9445d68dcc2be05af89ad4b2fda1fddb2952693be7cd5353ad3:generic-api-key:1678,SD-003/SD-004
Gitleaks,history,generic-api-key,carcaça/SmartScreen/RemoteData/edgeSettings_2.0-a82cb2897a8bf9445d68dcc2be05af89ad4b2fda1fddb2952693be7cd5353ad3,1682,16020ca5b0d061509545fb5a06a51f3347cafdbd,16020ca5b0d061509545fb5a06a51f3347cafdbd:carcaça/SmartScreen/RemoteData/edgeSettings_2.0-a82cb2897a8bf9445d68dcc2be05af89ad4b2fda1fddb2952693be7cd5353ad3:generic-api-key:1682,SD-003/SD-004
Gitleaks,history,generic-api-key,carcaça/SmartScreen/RemoteData/edgeSettings_2.0-a82cb2897a8bf9445d68dcc2be05af89ad4b2fda1fddb2952693be7cd5353ad3,1686,16020ca5b0d061509545fb5a06a51f3347cafdbd,16020ca5b0d061509545fb5a06a51f3347cafdbd:carcaça/SmartScreen/RemoteData/edgeSettings_2.0-a82cb2897a8bf9445d68dcc2be05af89ad4b2fda1fddb2952693be7cd5353ad3:generic-api-key:1686,SD-003/SD-004
Gitleaks,history,generic-api-key,carcaça/SmartScreen/RemoteData/edgeSettings_2.0-a82cb2897a8bf9445d68dcc2be05af89ad4b2fda1fddb2952693be7cd5353ad3,1694,16020ca5b0d061509545fb5a06a51f3347cafdbd,16020ca5b0d061509545fb5a06a51f3347cafdbd:carcaça/SmartScreen/RemoteData/edgeSettings_2.0-a82cb2897a8bf9445d68dcc2be05af89ad4b2fda1fddb2952693be7cd5353ad3:generic-api-key:1694,SD-003/SD-004
Gitleaks,history,generic-api-key,carcaça/SmartScreen/RemoteData/edgeSettings_2.0-a82cb2897a8bf9445d68dcc2be05af89ad4b2fda1fddb2952693be7cd5353ad3,1702,16020ca5b0d061509545fb5a06a51f3347cafdbd,16020ca5b0d061509545fb5a06a51f3347cafdbd:carcaça/SmartScreen/RemoteData/edgeSettings_2.0-a82cb2897a8bf9445d68dcc2be05af89ad4b2fda1fddb2952693be7cd5353ad3:generic-api-key:1702,SD-003/SD-004
Gitleaks,history,generic-api-key,carcaça/SmartScreen/RemoteData/edgeSettings_2.0-a82cb2897a8bf9445d68dcc2be05af89ad4b2fda1fddb2952693be7cd5353ad3,1706,16020ca5b0d061509545fb5a06a51f3347cafdbd,16020ca5b0d061509545fb5a06a51f3347cafdbd:carcaça/SmartScreen/RemoteData/edgeSettings_2.0-a82cb2897a8bf9445d68dcc2be05af89ad4b2fda1fddb2952693be7cd5353ad3:generic-api-key:1706,SD-003/SD-004
Gitleaks,history,generic-api-key,carcaça/SmartScreen/RemoteData/edgeSettings_2.0-a82cb2897a8bf9445d68dcc2be05af89ad4b2fda1fddb2952693be7cd5353ad3,1710,16020ca5b0d061509545fb5a06a51f3347cafdbd,16020ca5b0d061509545fb5a06a51f3347cafdbd:carcaça/SmartScreen/RemoteData/edgeSettings_2.0-a82cb2897a8bf9445d68dcc2be05af89ad4b2fda1fddb2952693be7cd5353ad3:generic-api-key:1710,SD-003/SD-004
Gitleaks,history,generic-api-key,carcaça/SmartScreen/RemoteData/edgeSettings_2.0-a82cb2897a8bf9445d68dcc2be05af89ad4b2fda1fddb2952693be7cd5353ad3,1714,16020ca5b0d061509545fb5a06a51f3347cafdbd,16020ca5b0d061509545fb5a06a51f3347cafdbd:carcaça/SmartScreen/RemoteData/edgeSettings_2.0-a82cb2897a8bf9445d68dcc2be05af89ad4b2fda1fddb2952693be7cd5353ad3:generic-api-key:1714,SD-003/SD-004
Gitleaks,history,generic-api-key,carcaça/SmartScreen/RemoteData/edgeSettings_2.0-a82cb2897a8bf9445d68dcc2be05af89ad4b2fda1fddb2952693be7cd5353ad3,1722,16020ca5b0d061509545fb5a06a51f3347cafdbd,16020ca5b0d061509545fb5a06a51f3347cafdbd:carcaça/SmartScreen/RemoteData/edgeSettings_2.0-a82cb2897a8bf9445d68dcc2be05af89ad4b2fda1fddb2952693be7cd5353ad3:generic-api-key:1722,SD-003/SD-004
Gitleaks,history,generic-api-key,carcaça/SmartScreen/RemoteData/edgeSettings_2.0-a82cb2897a8bf9445d68dcc2be05af89ad4b2fda1fddb2952693be7cd5353ad3,1730,16020ca5b0d061509545fb5a06a51f3347cafdbd,16020ca5b0d061509545fb5a06a51f3347cafdbd:carcaça/SmartScreen/RemoteData/edgeSettings_2.0-a82cb2897a8bf9445d68dcc2be05af89ad4b2fda1fddb2952693be7cd5353ad3:generic-api-key:1730,SD-003/SD-004
Gitleaks,history,generic-api-key,carcaça/SmartScreen/RemoteData/edgeSettings_2.0-a82cb2897a8bf9445d68dcc2be05af89ad4b2fda1fddb2952693be7cd5353ad3,1734,16020ca5b0d061509545fb5a06a51f3347cafdbd,16020ca5b0d061509545fb5a06a51f3347cafdbd:carcaça/SmartScreen/RemoteData/edgeSettings_2.0-a82cb2897a8bf9445d68dcc2be05af89ad4b2fda1fddb2952693be7cd5353ad3:generic-api-key:1734,SD-003/SD-004
Gitleaks,history,generic-api-key,carcaça/SmartScreen/RemoteData/edgeSettings_2.0-a82cb2897a8bf9445d68dcc2be05af89ad4b2fda1fddb2952693be7cd5353ad3,1738,16020ca5b0d061509545fb5a06a51f3347cafdbd,16020ca5b0d061509545fb5a06a51f3347cafdbd:carcaça/SmartScreen/RemoteData/edgeSettings_2.0-a82cb2897a8bf9445d68dcc2be05af89ad4b2fda1fddb2952693be7cd5353ad3:generic-api-key:1738,SD-003/SD-004
Gitleaks,history,generic-api-key,carcaça/SmartScreen/RemoteData/edgeSettings_2.0-a82cb2897a8bf9445d68dcc2be05af89ad4b2fda1fddb2952693be7cd5353ad3,1742,16020ca5b0d061509545fb5a06a51f3347cafdbd,16020ca5b0d061509545fb5a06a51f3347cafdbd:carcaça/SmartScreen/RemoteData/edgeSettings_2.0-a82cb2897a8bf9445d68dcc2be05af89ad4b2fda1fddb2952693be7cd5353ad3:generic-api-key:1742,SD-003/SD-004
Gitleaks,history,generic-api-key,carcaça/SmartScreen/RemoteData/edgeSettings_2.0-a82cb2897a8bf9445d68dcc2be05af89ad4b2fda1fddb2952693be7cd5353ad3,1746,16020ca5b0d061509545fb5a06a51f3347cafdbd,16020ca5b0d061509545fb5a06a51f3347cafdbd:carcaça/SmartScreen/RemoteData/edgeSettings_2.0-a82cb2897a8bf9445d68dcc2be05af89ad4b2fda1fddb2952693be7cd5353ad3:generic-api-key:1746,SD-003/SD-004
Gitleaks,history,generic-api-key,carcaça/SmartScreen/RemoteData/edgeSettings_2.0-a82cb2897a8bf9445d68dcc2be05af89ad4b2fda1fddb2952693be7cd5353ad3,1750,16020ca5b0d061509545fb5a06a51f3347cafdbd,16020ca5b0d061509545fb5a06a51f3347cafdbd:carcaça/SmartScreen/RemoteData/edgeSettings_2.0-a82cb2897a8bf9445d68dcc2be05af89ad4b2fda1fddb2952693be7cd5353ad3:generic-api-key:1750,SD-003/SD-004
Gitleaks,history,generic-api-key,carcaça/SmartScreen/RemoteData/edgeSettings_2.0-a82cb2897a8bf9445d68dcc2be05af89ad4b2fda1fddb2952693be7cd5353ad3,1754,16020ca5b0d061509545fb5a06a51f3347cafdbd,16020ca5b0d061509545fb5a06a51f3347cafdbd:carcaça/SmartScreen/RemoteData/edgeSettings_2.0-a82cb2897a8bf9445d68dcc2be05af89ad4b2fda1fddb2952693be7cd5353ad3:generic-api-key:1754,SD-003/SD-004
Gitleaks,history,generic-api-key,carcaça/SmartScreen/RemoteData/edgeSettings_2.0-a82cb2897a8bf9445d68dcc2be05af89ad4b2fda1fddb2952693be7cd5353ad3,1758,16020ca5b0d061509545fb5a06a51f3347cafdbd,16020ca5b0d061509545fb5a06a51f3347cafdbd:carcaça/SmartScreen/RemoteData/edgeSettings_2.0-a82cb2897a8bf9445d68dcc2be05af89ad4b2fda1fddb2952693be7cd5353ad3:generic-api-key:1758,SD-003/SD-004
Gitleaks,history,generic-api-key,carcaça/SmartScreen/RemoteData/edgeSettings_2.0-a82cb2897a8bf9445d68dcc2be05af89ad4b2fda1fddb2952693be7cd5353ad3,1766,16020ca5b0d061509545fb5a06a51f3347cafdbd,16020ca5b0d061509545fb5a06a51f3347cafdbd:carcaça/SmartScreen/RemoteData/edgeSettings_2.0-a82cb2897a8bf9445d68dcc2be05af89ad4b2fda1fddb2952693be7cd5353ad3:generic-api-key:1766,SD-003/SD-004
Gitleaks,history,generic-api-key,carcaça/SmartScreen/RemoteData/edgeSettings_2.0-a82cb2897a8bf9445d68dcc2be05af89ad4b2fda1fddb2952693be7cd5353ad3,1770,16020ca5b0d061509545fb5a06a51f3347cafdbd,16020ca5b0d061509545fb5a06a51f3347cafdbd:carcaça/SmartScreen/RemoteData/edgeSettings_2.0-a82cb2897a8bf9445d68dcc2be05af89ad4b2fda1fddb2952693be7cd5353ad3:generic-api-key:1770,SD-003/SD-004
Gitleaks,history,generic-api-key,carcaça/SmartScreen/RemoteData/edgeSettings_2.0-a82cb2897a8bf9445d68dcc2be05af89ad4b2fda1fddb2952693be7cd5353ad3,1774,16020ca5b0d061509545fb5a06a51f3347cafdbd,16020ca5b0d061509545fb5a06a51f3347cafdbd:carcaça/SmartScreen/RemoteData/edgeSettings_2.0-a82cb2897a8bf9445d68dcc2be05af89ad4b2fda1fddb2952693be7cd5353ad3:generic-api-key:1774,SD-003/SD-004
Gitleaks,history,generic-api-key,carcaça/SmartScreen/RemoteData/edgeSettings_2.0-a82cb2897a8bf9445d68dcc2be05af89ad4b2fda1fddb2952693be7cd5353ad3,1778,16020ca5b0d061509545fb5a06a51f3347cafdbd,16020ca5b0d061509545fb5a06a51f3347cafdbd:carcaça/SmartScreen/RemoteData/edgeSettings_2.0-a82cb2897a8bf9445d68dcc2be05af89ad4b2fda1fddb2952693be7cd5353ad3:generic-api-key:1778,SD-003/SD-004
Gitleaks,history,generic-api-key,carcaça/SmartScreen/RemoteData/edgeSettings_2.0-a82cb2897a8bf9445d68dcc2be05af89ad4b2fda1fddb2952693be7cd5353ad3,1782,16020ca5b0d061509545fb5a06a51f3347cafdbd,16020ca5b0d061509545fb5a06a51f3347cafdbd:carcaça/SmartScreen/RemoteData/edgeSettings_2.0-a82cb2897a8bf9445d68dcc2be05af89ad4b2fda1fddb2952693be7cd5353ad3:generic-api-key:1782,SD-003/SD-004
Gitleaks,history,generic-api-key,carcaça/SmartScreen/RemoteData/edgeSettings_2.0-a82cb2897a8bf9445d68dcc2be05af89ad4b2fda1fddb2952693be7cd5353ad3,1786,16020ca5b0d061509545fb5a06a51f3347cafdbd,16020ca5b0d061509545fb5a06a51f3347cafdbd:carcaça/SmartScreen/RemoteData/edgeSettings_2.0-a82cb2897a8bf9445d68dcc2be05af89ad4b2fda1fddb2952693be7cd5353ad3:generic-api-key:1786,SD-003/SD-004
Gitleaks,history,generic-api-key,carcaça/SmartScreen/RemoteData/edgeSettings_2.0-a82cb2897a8bf9445d68dcc2be05af89ad4b2fda1fddb2952693be7cd5353ad3,1794,16020ca5b0d061509545fb5a06a51f3347cafdbd,16020ca5b0d061509545fb5a06a51f3347cafdbd:carcaça/SmartScreen/RemoteData/edgeSettings_2.0-a82cb2897a8bf9445d68dcc2be05af89ad4b2fda1fddb2952693be7cd5353ad3:generic-api-key:1794,SD-003/SD-004
Gitleaks,history,generic-api-key,carcaça/SmartScreen/RemoteData/edgeSettings_2.0-a82cb2897a8bf9445d68dcc2be05af89ad4b2fda1fddb2952693be7cd5353ad3,1798,16020ca5b0d061509545fb5a06a51f3347cafdbd,16020ca5b0d061509545fb5a06a51f3347cafdbd:carcaça/SmartScreen/RemoteData/edgeSettings_2.0-a82cb2897a8bf9445d68dcc2be05af89ad4b2fda1fddb2952693be7cd5353ad3:generic-api-key:1798,SD-003/SD-004
Gitleaks,history,generic-api-key,carcaça/SmartScreen/RemoteData/edgeSettings_2.0-a82cb2897a8bf9445d68dcc2be05af89ad4b2fda1fddb2952693be7cd5353ad3,1802,16020ca5b0d061509545fb5a06a51f3347cafdbd,16020ca5b0d061509545fb5a06a51f3347cafdbd:carcaça/SmartScreen/RemoteData/edgeSettings_2.0-a82cb2897a8bf9445d68dcc2be05af89ad4b2fda1fddb2952693be7cd5353ad3:generic-api-key:1802,SD-003/SD-004
Gitleaks,history,generic-api-key,carcaça/SmartScreen/RemoteData/edgeSettings_2.0-a82cb2897a8bf9445d68dcc2be05af89ad4b2fda1fddb2952693be7cd5353ad3,1806,16020ca5b0d061509545fb5a06a51f3347cafdbd,16020ca5b0d061509545fb5a06a51f3347cafdbd:carcaça/SmartScreen/RemoteData/edgeSettings_2.0-a82cb2897a8bf9445d68dcc2be05af89ad4b2fda1fddb2952693be7cd5353ad3:generic-api-key:1806,SD-003/SD-004
Gitleaks,history,generic-api-key,carcaça/SmartScreen/RemoteData/edgeSettings_2.0-a82cb2897a8bf9445d68dcc2be05af89ad4b2fda1fddb2952693be7cd5353ad3,1810,16020ca5b0d061509545fb5a06a51f3347cafdbd,16020ca5b0d061509545fb5a06a51f3347cafdbd:carcaça/SmartScreen/RemoteData/edgeSettings_2.0-a82cb2897a8bf9445d68dcc2be05af89ad4b2fda1fddb2952693be7cd5353ad3:generic-api-key:1810,SD-003/SD-004
Gitleaks,history,generic-api-key,carcaça/SmartScreen/RemoteData/edgeSettings_2.0-a82cb2897a8bf9445d68dcc2be05af89ad4b2fda1fddb2952693be7cd5353ad3,1818,16020ca5b0d061509545fb5a06a51f3347cafdbd,16020ca5b0d061509545fb5a06a51f3347cafdbd:carcaça/SmartScreen/RemoteData/edgeSettings_2.0-a82cb2897a8bf9445d68dcc2be05af89ad4b2fda1fddb2952693be7cd5353ad3:generic-api-key:1818,SD-003/SD-004
Gitleaks,history,generic-api-key,carcaça/SmartScreen/RemoteData/edgeSettings_2.0-a82cb2897a8bf9445d68dcc2be05af89ad4b2fda1fddb2952693be7cd5353ad3,1826,16020ca5b0d061509545fb5a06a51f3347cafdbd,16020ca5b0d061509545fb5a06a51f3347cafdbd:carcaça/SmartScreen/RemoteData/edgeSettings_2.0-a82cb2897a8bf9445d68dcc2be05af89ad4b2fda1fddb2952693be7cd5353ad3:generic-api-key:1826,SD-003/SD-004
Gitleaks,history,generic-api-key,carcaça/SmartScreen/RemoteData/edgeSettings_2.0-a82cb2897a8bf9445d68dcc2be05af89ad4b2fda1fddb2952693be7cd5353ad3,1830,16020ca5b0d061509545fb5a06a51f3347cafdbd,16020ca5b0d061509545fb5a06a51f3347cafdbd:carcaça/SmartScreen/RemoteData/edgeSettings_2.0-a82cb2897a8bf9445d68dcc2be05af89ad4b2fda1fddb2952693be7cd5353ad3:generic-api-key:1830,SD-003/SD-004
Gitleaks,history,generic-api-key,carcaça/SmartScreen/RemoteData/edgeSettings_2.0-a82cb2897a8bf9445d68dcc2be05af89ad4b2fda1fddb2952693be7cd5353ad3,1834,16020ca5b0d061509545fb5a06a51f3347cafdbd,16020ca5b0d061509545fb5a06a51f3347cafdbd:carcaça/SmartScreen/RemoteData/edgeSettings_2.0-a82cb2897a8bf9445d68dcc2be05af89ad4b2fda1fddb2952693be7cd5353ad3:generic-api-key:1834,SD-003/SD-004
Gitleaks,history,generic-api-key,carcaça/SmartScreen/RemoteData/edgeSettings_2.0-a82cb2897a8bf9445d68dcc2be05af89ad4b2fda1fddb2952693be7cd5353ad3,1842,16020ca5b0d061509545fb5a06a51f3347cafdbd,16020ca5b0d061509545fb5a06a51f3347cafdbd:carcaça/SmartScreen/RemoteData/edgeSettings_2.0-a82cb2897a8bf9445d68dcc2be05af89ad4b2fda1fddb2952693be7cd5353ad3:generic-api-key:1842,SD-003/SD-004
Gitleaks,history,generic-api-key,carcaça/SmartScreen/RemoteData/edgeSettings_2.0-a82cb2897a8bf9445d68dcc2be05af89ad4b2fda1fddb2952693be7cd5353ad3,1846,16020ca5b0d061509545fb5a06a51f3347cafdbd,16020ca5b0d061509545fb5a06a51f3347cafdbd:carcaça/SmartScreen/RemoteData/edgeSettings_2.0-a82cb2897a8bf9445d68dcc2be05af89ad4b2fda1fddb2952693be7cd5353ad3:generic-api-key:1846,SD-003/SD-004
Gitleaks,history,generic-api-key,carcaça/SmartScreen/RemoteData/edgeSettings_2.0-a82cb2897a8bf9445d68dcc2be05af89ad4b2fda1fddb2952693be7cd5353ad3,1850,16020ca5b0d061509545fb5a06a51f3347cafdbd,16020ca5b0d061509545fb5a06a51f3347cafdbd:carcaça/SmartScreen/RemoteData/edgeSettings_2.0-a82cb2897a8bf9445d68dcc2be05af89ad4b2fda1fddb2952693be7cd5353ad3:generic-api-key:1850,SD-003/SD-004
Gitleaks,history,generic-api-key,carcaça/SmartScreen/RemoteData/edgeSettings_2.0-a82cb2897a8bf9445d68dcc2be05af89ad4b2fda1fddb2952693be7cd5353ad3,1854,16020ca5b0d061509545fb5a06a51f3347cafdbd,16020ca5b0d061509545fb5a06a51f3347cafdbd:carcaça/SmartScreen/RemoteData/edgeSettings_2.0-a82cb2897a8bf9445d68dcc2be05af89ad4b2fda1fddb2952693be7cd5353ad3:generic-api-key:1854,SD-003/SD-004
Gitleaks,history,generic-api-key,carcaça/SmartScreen/RemoteData/edgeSettings_2.0-a82cb2897a8bf9445d68dcc2be05af89ad4b2fda1fddb2952693be7cd5353ad3,1858,16020ca5b0d061509545fb5a06a51f3347cafdbd,16020ca5b0d061509545fb5a06a51f3347cafdbd:carcaça/SmartScreen/RemoteData/edgeSettings_2.0-a82cb2897a8bf9445d68dcc2be05af89ad4b2fda1fddb2952693be7cd5353ad3:generic-api-key:1858,SD-003/SD-004
Gitleaks,history,generic-api-key,carcaça/SmartScreen/RemoteData/edgeSettings_2.0-a82cb2897a8bf9445d68dcc2be05af89ad4b2fda1fddb2952693be7cd5353ad3,1862,16020ca5b0d061509545fb5a06a51f3347cafdbd,16020ca5b0d061509545fb5a06a51f3347cafdbd:carcaça/SmartScreen/RemoteData/edgeSettings_2.0-a82cb2897a8bf9445d68dcc2be05af89ad4b2fda1fddb2952693be7cd5353ad3:generic-api-key:1862,SD-003/SD-004
Gitleaks,history,generic-api-key,carcaça/SmartScreen/RemoteData/edgeSettings_2.0-a82cb2897a8bf9445d68dcc2be05af89ad4b2fda1fddb2952693be7cd5353ad3,1866,16020ca5b0d061509545fb5a06a51f3347cafdbd,16020ca5b0d061509545fb5a06a51f3347cafdbd:carcaça/SmartScreen/RemoteData/edgeSettings_2.0-a82cb2897a8bf9445d68dcc2be05af89ad4b2fda1fddb2952693be7cd5353ad3:generic-api-key:1866,SD-003/SD-004
Gitleaks,history,generic-api-key,carcaça/SmartScreen/RemoteData/edgeSettings_2.0-a82cb2897a8bf9445d68dcc2be05af89ad4b2fda1fddb2952693be7cd5353ad3,1870,16020ca5b0d061509545fb5a06a51f3347cafdbd,16020ca5b0d061509545fb5a06a51f3347cafdbd:carcaça/SmartScreen/RemoteData/edgeSettings_2.0-a82cb2897a8bf9445d68dcc2be05af89ad4b2fda1fddb2952693be7cd5353ad3:generic-api-key:1870,SD-003/SD-004
Gitleaks,history,generic-api-key,carcaça/SmartScreen/RemoteData/edgeSettings_2.0-a82cb2897a8bf9445d68dcc2be05af89ad4b2fda1fddb2952693be7cd5353ad3,1874,16020ca5b0d061509545fb5a06a51f3347cafdbd,16020ca5b0d061509545fb5a06a51f3347cafdbd:carcaça/SmartScreen/RemoteData/edgeSettings_2.0-a82cb2897a8bf9445d68dcc2be05af89ad4b2fda1fddb2952693be7cd5353ad3:generic-api-key:1874,SD-003/SD-004
Gitleaks,history,generic-api-key,carcaça/SmartScreen/RemoteData/edgeSettings_2.0-a82cb2897a8bf9445d68dcc2be05af89ad4b2fda1fddb2952693be7cd5353ad3,1878,16020ca5b0d061509545fb5a06a51f3347cafdbd,16020ca5b0d061509545fb5a06a51f3347cafdbd:carcaça/SmartScreen/RemoteData/edgeSettings_2.0-a82cb2897a8bf9445d68dcc2be05af89ad4b2fda1fddb2952693be7cd5353ad3:generic-api-key:1878,SD-003/SD-004
Gitleaks,history,generic-api-key,carcaça/SmartScreen/RemoteData/edgeSettings_2.0-a82cb2897a8bf9445d68dcc2be05af89ad4b2fda1fddb2952693be7cd5353ad3,1882,16020ca5b0d061509545fb5a06a51f3347cafdbd,16020ca5b0d061509545fb5a06a51f3347cafdbd:carcaça/SmartScreen/RemoteData/edgeSettings_2.0-a82cb2897a8bf9445d68dcc2be05af89ad4b2fda1fddb2952693be7cd5353ad3:generic-api-key:1882,SD-003/SD-004
Gitleaks,history,generic-api-key,carcaça/SmartScreen/RemoteData/edgeSettings_2.0-a82cb2897a8bf9445d68dcc2be05af89ad4b2fda1fddb2952693be7cd5353ad3,1886,16020ca5b0d061509545fb5a06a51f3347cafdbd,16020ca5b0d061509545fb5a06a51f3347cafdbd:carcaça/SmartScreen/RemoteData/edgeSettings_2.0-a82cb2897a8bf9445d68dcc2be05af89ad4b2fda1fddb2952693be7cd5353ad3:generic-api-key:1886,SD-003/SD-004
Gitleaks,history,generic-api-key,carcaça/SmartScreen/RemoteData/edgeSettings_2.0-a82cb2897a8bf9445d68dcc2be05af89ad4b2fda1fddb2952693be7cd5353ad3,1898,16020ca5b0d061509545fb5a06a51f3347cafdbd,16020ca5b0d061509545fb5a06a51f3347cafdbd:carcaça/SmartScreen/RemoteData/edgeSettings_2.0-a82cb2897a8bf9445d68dcc2be05af89ad4b2fda1fddb2952693be7cd5353ad3:generic-api-key:1898,SD-003/SD-004
Gitleaks,history,generic-api-key,carcaça/SmartScreen/RemoteData/edgeSettings_2.0-a82cb2897a8bf9445d68dcc2be05af89ad4b2fda1fddb2952693be7cd5353ad3,1902,16020ca5b0d061509545fb5a06a51f3347cafdbd,16020ca5b0d061509545fb5a06a51f3347cafdbd:carcaça/SmartScreen/RemoteData/edgeSettings_2.0-a82cb2897a8bf9445d68dcc2be05af89ad4b2fda1fddb2952693be7cd5353ad3:generic-api-key:1902,SD-003/SD-004
Gitleaks,history,generic-api-key,carcaça/SmartScreen/RemoteData/edgeSettings_2.0-a82cb2897a8bf9445d68dcc2be05af89ad4b2fda1fddb2952693be7cd5353ad3,1906,16020ca5b0d061509545fb5a06a51f3347cafdbd,16020ca5b0d061509545fb5a06a51f3347cafdbd:carcaça/SmartScreen/RemoteData/edgeSettings_2.0-a82cb2897a8bf9445d68dcc2be05af89ad4b2fda1fddb2952693be7cd5353ad3:generic-api-key:1906,SD-003/SD-004
Gitleaks,history,generic-api-key,carcaça/SmartScreen/RemoteData/edgeSettings_2.0-a82cb2897a8bf9445d68dcc2be05af89ad4b2fda1fddb2952693be7cd5353ad3,1910,16020ca5b0d061509545fb5a06a51f3347cafdbd,16020ca5b0d061509545fb5a06a51f3347cafdbd:carcaça/SmartScreen/RemoteData/edgeSettings_2.0-a82cb2897a8bf9445d68dcc2be05af89ad4b2fda1fddb2952693be7cd5353ad3:generic-api-key:1910,SD-003/SD-004
Gitleaks,history,generic-api-key,carcaça/SmartScreen/RemoteData/edgeSettings_2.0-a82cb2897a8bf9445d68dcc2be05af89ad4b2fda1fddb2952693be7cd5353ad3,1914,16020ca5b0d061509545fb5a06a51f3347cafdbd,16020ca5b0d061509545fb5a06a51f3347cafdbd:carcaça/SmartScreen/RemoteData/edgeSettings_2.0-a82cb2897a8bf9445d68dcc2be05af89ad4b2fda1fddb2952693be7cd5353ad3:generic-api-key:1914,SD-003/SD-004
Gitleaks,history,generic-api-key,carcaça/SmartScreen/RemoteData/edgeSettings_2.0-a82cb2897a8bf9445d68dcc2be05af89ad4b2fda1fddb2952693be7cd5353ad3,1918,16020ca5b0d061509545fb5a06a51f3347cafdbd,16020ca5b0d061509545fb5a06a51f3347cafdbd:carcaça/SmartScreen/RemoteData/edgeSettings_2.0-a82cb2897a8bf9445d68dcc2be05af89ad4b2fda1fddb2952693be7cd5353ad3:generic-api-key:1918,SD-003/SD-004
Gitleaks,history,generic-api-key,carcaça/SmartScreen/RemoteData/edgeSettings_2.0-a82cb2897a8bf9445d68dcc2be05af89ad4b2fda1fddb2952693be7cd5353ad3,1922,16020ca5b0d061509545fb5a06a51f3347cafdbd,16020ca5b0d061509545fb5a06a51f3347cafdbd:carcaça/SmartScreen/RemoteData/edgeSettings_2.0-a82cb2897a8bf9445d68dcc2be05af89ad4b2fda1fddb2952693be7cd5353ad3:generic-api-key:1922,SD-003/SD-004
Gitleaks,history,generic-api-key,carcaça/SmartScreen/RemoteData/edgeSettings_2.0-a82cb2897a8bf9445d68dcc2be05af89ad4b2fda1fddb2952693be7cd5353ad3,1926,16020ca5b0d061509545fb5a06a51f3347cafdbd,16020ca5b0d061509545fb5a06a51f3347cafdbd:carcaça/SmartScreen/RemoteData/edgeSettings_2.0-a82cb2897a8bf9445d68dcc2be05af89ad4b2fda1fddb2952693be7cd5353ad3:generic-api-key:1926,SD-003/SD-004
Gitleaks,history,generic-api-key,carcaça/SmartScreen/RemoteData/edgeSettings_2.0-a82cb2897a8bf9445d68dcc2be05af89ad4b2fda1fddb2952693be7cd5353ad3,1934,16020ca5b0d061509545fb5a06a51f3347cafdbd,16020ca5b0d061509545fb5a06a51f3347cafdbd:carcaça/SmartScreen/RemoteData/edgeSettings_2.0-a82cb2897a8bf9445d68dcc2be05af89ad4b2fda1fddb2952693be7cd5353ad3:generic-api-key:1934,SD-003/SD-004
Gitleaks,history,generic-api-key,carcaça/SmartScreen/RemoteData/edgeSettings_2.0-a82cb2897a8bf9445d68dcc2be05af89ad4b2fda1fddb2952693be7cd5353ad3,1938,16020ca5b0d061509545fb5a06a51f3347cafdbd,16020ca5b0d061509545fb5a06a51f3347cafdbd:carcaça/SmartScreen/RemoteData/edgeSettings_2.0-a82cb2897a8bf9445d68dcc2be05af89ad4b2fda1fddb2952693be7cd5353ad3:generic-api-key:1938,SD-003/SD-004
Gitleaks,history,generic-api-key,carcaça/SmartScreen/RemoteData/edgeSettings_2.0-a82cb2897a8bf9445d68dcc2be05af89ad4b2fda1fddb2952693be7cd5353ad3,1942,16020ca5b0d061509545fb5a06a51f3347cafdbd,16020ca5b0d061509545fb5a06a51f3347cafdbd:carcaça/SmartScreen/RemoteData/edgeSettings_2.0-a82cb2897a8bf9445d68dcc2be05af89ad4b2fda1fddb2952693be7cd5353ad3:generic-api-key:1942,SD-003/SD-004
Gitleaks,history,generic-api-key,carcaça/SmartScreen/RemoteData/edgeSettings_2.0-a82cb2897a8bf9445d68dcc2be05af89ad4b2fda1fddb2952693be7cd5353ad3,1946,16020ca5b0d061509545fb5a06a51f3347cafdbd,16020ca5b0d061509545fb5a06a51f3347cafdbd:carcaça/SmartScreen/RemoteData/edgeSettings_2.0-a82cb2897a8bf9445d68dcc2be05af89ad4b2fda1fddb2952693be7cd5353ad3:generic-api-key:1946,SD-003/SD-004
Gitleaks,history,generic-api-key,carcaça/SmartScreen/RemoteData/edgeSettings_2.0-a82cb2897a8bf9445d68dcc2be05af89ad4b2fda1fddb2952693be7cd5353ad3,1950,16020ca5b0d061509545fb5a06a51f3347cafdbd,16020ca5b0d061509545fb5a06a51f3347cafdbd:carcaça/SmartScreen/RemoteData/edgeSettings_2.0-a82cb2897a8bf9445d68dcc2be05af89ad4b2fda1fddb2952693be7cd5353ad3:generic-api-key:1950,SD-003/SD-004
Gitleaks,history,generic-api-key,carcaça/SmartScreen/RemoteData/edgeSettings_2.0-a82cb2897a8bf9445d68dcc2be05af89ad4b2fda1fddb2952693be7cd5353ad3,1962,16020ca5b0d061509545fb5a06a51f3347cafdbd,16020ca5b0d061509545fb5a06a51f3347cafdbd:carcaça/SmartScreen/RemoteData/edgeSettings_2.0-a82cb2897a8bf9445d68dcc2be05af89ad4b2fda1fddb2952693be7cd5353ad3:generic-api-key:1962,SD-003/SD-004
Gitleaks,history,generic-api-key,carcaça/SmartScreen/RemoteData/edgeSettings_2.0-a82cb2897a8bf9445d68dcc2be05af89ad4b2fda1fddb2952693be7cd5353ad3,1970,16020ca5b0d061509545fb5a06a51f3347cafdbd,16020ca5b0d061509545fb5a06a51f3347cafdbd:carcaça/SmartScreen/RemoteData/edgeSettings_2.0-a82cb2897a8bf9445d68dcc2be05af89ad4b2fda1fddb2952693be7cd5353ad3:generic-api-key:1970,SD-003/SD-004
Gitleaks,history,generic-api-key,carcaça/SmartScreen/RemoteData/edgeSettings_2.0-a82cb2897a8bf9445d68dcc2be05af89ad4b2fda1fddb2952693be7cd5353ad3,1974,16020ca5b0d061509545fb5a06a51f3347cafdbd,16020ca5b0d061509545fb5a06a51f3347cafdbd:carcaça/SmartScreen/RemoteData/edgeSettings_2.0-a82cb2897a8bf9445d68dcc2be05af89ad4b2fda1fddb2952693be7cd5353ad3:generic-api-key:1974,SD-003/SD-004
Gitleaks,history,generic-api-key,carcaça/SmartScreen/RemoteData/edgeSettings_2.0-a82cb2897a8bf9445d68dcc2be05af89ad4b2fda1fddb2952693be7cd5353ad3,1978,16020ca5b0d061509545fb5a06a51f3347cafdbd,16020ca5b0d061509545fb5a06a51f3347cafdbd:carcaça/SmartScreen/RemoteData/edgeSettings_2.0-a82cb2897a8bf9445d68dcc2be05af89ad4b2fda1fddb2952693be7cd5353ad3:generic-api-key:1978,SD-003/SD-004
Gitleaks,history,generic-api-key,carcaça/SmartScreen/RemoteData/edgeSettings_2.0-a82cb2897a8bf9445d68dcc2be05af89ad4b2fda1fddb2952693be7cd5353ad3,1986,16020ca5b0d061509545fb5a06a51f3347cafdbd,16020ca5b0d061509545fb5a06a51f3347cafdbd:carcaça/SmartScreen/RemoteData/edgeSettings_2.0-a82cb2897a8bf9445d68dcc2be05af89ad4b2fda1fddb2952693be7cd5353ad3:generic-api-key:1986,SD-003/SD-004
Gitleaks,history,generic-api-key,carcaça/SmartScreen/RemoteData/edgeSettings_2.0-a82cb2897a8bf9445d68dcc2be05af89ad4b2fda1fddb2952693be7cd5353ad3,1990,16020ca5b0d061509545fb5a06a51f3347cafdbd,16020ca5b0d061509545fb5a06a51f3347cafdbd:carcaça/SmartScreen/RemoteData/edgeSettings_2.0-a82cb2897a8bf9445d68dcc2be05af89ad4b2fda1fddb2952693be7cd5353ad3:generic-api-key:1990,SD-003/SD-004
Gitleaks,history,generic-api-key,carcaça/SmartScreen/RemoteData/edgeSettings_2.0-a82cb2897a8bf9445d68dcc2be05af89ad4b2fda1fddb2952693be7cd5353ad3,1994,16020ca5b0d061509545fb5a06a51f3347cafdbd,16020ca5b0d061509545fb5a06a51f3347cafdbd:carcaça/SmartScreen/RemoteData/edgeSettings_2.0-a82cb2897a8bf9445d68dcc2be05af89ad4b2fda1fddb2952693be7cd5353ad3:generic-api-key:1994,SD-003/SD-004
Gitleaks,history,generic-api-key,carcaça/SmartScreen/RemoteData/edgeSettings_2.0-a82cb2897a8bf9445d68dcc2be05af89ad4b2fda1fddb2952693be7cd5353ad3,1998,16020ca5b0d061509545fb5a06a51f3347cafdbd,16020ca5b0d061509545fb5a06a51f3347cafdbd:carcaça/SmartScreen/RemoteData/edgeSettings_2.0-a82cb2897a8bf9445d68dcc2be05af89ad4b2fda1fddb2952693be7cd5353ad3:generic-api-key:1998,SD-003/SD-004
Gitleaks,history,generic-api-key,carcaça/SmartScreen/RemoteData/edgeSettings_2.0-a82cb2897a8bf9445d68dcc2be05af89ad4b2fda1fddb2952693be7cd5353ad3,2002,16020ca5b0d061509545fb5a06a51f3347cafdbd,16020ca5b0d061509545fb5a06a51f3347cafdbd:carcaça/SmartScreen/RemoteData/edgeSettings_2.0-a82cb2897a8bf9445d68dcc2be05af89ad4b2fda1fddb2952693be7cd5353ad3:generic-api-key:2002,SD-003/SD-004
Gitleaks,history,generic-api-key,carcaça/SmartScreen/RemoteData/edgeSettings_2.0-a82cb2897a8bf9445d68dcc2be05af89ad4b2fda1fddb2952693be7cd5353ad3,2014,16020ca5b0d061509545fb5a06a51f3347cafdbd,16020ca5b0d061509545fb5a06a51f3347cafdbd:carcaça/SmartScreen/RemoteData/edgeSettings_2.0-a82cb2897a8bf9445d68dcc2be05af89ad4b2fda1fddb2952693be7cd5353ad3:generic-api-key:2014,SD-003/SD-004
Gitleaks,history,generic-api-key,carcaça/SmartScreen/RemoteData/edgeSettings_2.0-a82cb2897a8bf9445d68dcc2be05af89ad4b2fda1fddb2952693be7cd5353ad3,2022,16020ca5b0d061509545fb5a06a51f3347cafdbd,16020ca5b0d061509545fb5a06a51f3347cafdbd:carcaça/SmartScreen/RemoteData/edgeSettings_2.0-a82cb2897a8bf9445d68dcc2be05af89ad4b2fda1fddb2952693be7cd5353ad3:generic-api-key:2022,SD-003/SD-004
Gitleaks,history,generic-api-key,carcaça/SmartScreen/RemoteData/edgeSettings_2.0-a82cb2897a8bf9445d68dcc2be05af89ad4b2fda1fddb2952693be7cd5353ad3,2026,16020ca5b0d061509545fb5a06a51f3347cafdbd,16020ca5b0d061509545fb5a06a51f3347cafdbd:carcaça/SmartScreen/RemoteData/edgeSettings_2.0-a82cb2897a8bf9445d68dcc2be05af89ad4b2fda1fddb2952693be7cd5353ad3:generic-api-key:2026,SD-003/SD-004
Gitleaks,history,generic-api-key,carcaça/SmartScreen/RemoteData/edgeSettings_2.0-a82cb2897a8bf9445d68dcc2be05af89ad4b2fda1fddb2952693be7cd5353ad3,2030,16020ca5b0d061509545fb5a06a51f3347cafdbd,16020ca5b0d061509545fb5a06a51f3347cafdbd:carcaça/SmartScreen/RemoteData/edgeSettings_2.0-a82cb2897a8bf9445d68dcc2be05af89ad4b2fda1fddb2952693be7cd5353ad3:generic-api-key:2030,SD-003/SD-004
Gitleaks,history,generic-api-key,carcaça/SmartScreen/RemoteData/edgeSettings_2.0-a82cb2897a8bf9445d68dcc2be05af89ad4b2fda1fddb2952693be7cd5353ad3,2034,16020ca5b0d061509545fb5a06a51f3347cafdbd,16020ca5b0d061509545fb5a06a51f3347cafdbd:carcaça/SmartScreen/RemoteData/edgeSettings_2.0-a82cb2897a8bf9445d68dcc2be05af89ad4b2fda1fddb2952693be7cd5353ad3:generic-api-key:2034,SD-003/SD-004
Gitleaks,history,generic-api-key,carcaça/SmartScreen/RemoteData/edgeSettings_2.0-a82cb2897a8bf9445d68dcc2be05af89ad4b2fda1fddb2952693be7cd5353ad3,2038,16020ca5b0d061509545fb5a06a51f3347cafdbd,16020ca5b0d061509545fb5a06a51f3347cafdbd:carcaça/SmartScreen/RemoteData/edgeSettings_2.0-a82cb2897a8bf9445d68dcc2be05af89ad4b2fda1fddb2952693be7cd5353ad3:generic-api-key:2038,SD-003/SD-004
Gitleaks,history,generic-api-key,carcaça/SmartScreen/RemoteData/edgeSettings_2.0-a82cb2897a8bf9445d68dcc2be05af89ad4b2fda1fddb2952693be7cd5353ad3,2042,16020ca5b0d061509545fb5a06a51f3347cafdbd,16020ca5b0d061509545fb5a06a51f3347cafdbd:carcaça/SmartScreen/RemoteData/edgeSettings_2.0-a82cb2897a8bf9445d68dcc2be05af89ad4b2fda1fddb2952693be7cd5353ad3:generic-api-key:2042,SD-003/SD-004
Gitleaks,history,generic-api-key,carcaça/SmartScreen/RemoteData/edgeSettings_2.0-a82cb2897a8bf9445d68dcc2be05af89ad4b2fda1fddb2952693be7cd5353ad3,2046,16020ca5b0d061509545fb5a06a51f3347cafdbd,16020ca5b0d061509545fb5a06a51f3347cafdbd:carcaça/SmartScreen/RemoteData/edgeSettings_2.0-a82cb2897a8bf9445d68dcc2be05af89ad4b2fda1fddb2952693be7cd5353ad3:generic-api-key:2046,SD-003/SD-004
Gitleaks,history,generic-api-key,carcaça/SmartScreen/RemoteData/edgeSettings_2.0-a82cb2897a8bf9445d68dcc2be05af89ad4b2fda1fddb2952693be7cd5353ad3,2050,16020ca5b0d061509545fb5a06a51f3347cafdbd,16020ca5b0d061509545fb5a06a51f3347cafdbd:carcaça/SmartScreen/RemoteData/edgeSettings_2.0-a82cb2897a8bf9445d68dcc2be05af89ad4b2fda1fddb2952693be7cd5353ad3:generic-api-key:2050,SD-003/SD-004
Gitleaks,history,generic-api-key,carcaça/SmartScreen/RemoteData/edgeSettings_2.0-a82cb2897a8bf9445d68dcc2be05af89ad4b2fda1fddb2952693be7cd5353ad3,2054,16020ca5b0d061509545fb5a06a51f3347cafdbd,16020ca5b0d061509545fb5a06a51f3347cafdbd:carcaça/SmartScreen/RemoteData/edgeSettings_2.0-a82cb2897a8bf9445d68dcc2be05af89ad4b2fda1fddb2952693be7cd5353ad3:generic-api-key:2054,SD-003/SD-004
Gitleaks,history,generic-api-key,carcaça/SmartScreen/RemoteData/edgeSettings_2.0-a82cb2897a8bf9445d68dcc2be05af89ad4b2fda1fddb2952693be7cd5353ad3,2062,16020ca5b0d061509545fb5a06a51f3347cafdbd,16020ca5b0d061509545fb5a06a51f3347cafdbd:carcaça/SmartScreen/RemoteData/edgeSettings_2.0-a82cb2897a8bf9445d68dcc2be05af89ad4b2fda1fddb2952693be7cd5353ad3:generic-api-key:2062,SD-003/SD-004
Gitleaks,history,generic-api-key,carcaça/SmartScreen/RemoteData/edgeSettings_2.0-a82cb2897a8bf9445d68dcc2be05af89ad4b2fda1fddb2952693be7cd5353ad3,2066,16020ca5b0d061509545fb5a06a51f3347cafdbd,16020ca5b0d061509545fb5a06a51f3347cafdbd:carcaça/SmartScreen/RemoteData/edgeSettings_2.0-a82cb2897a8bf9445d68dcc2be05af89ad4b2fda1fddb2952693be7cd5353ad3:generic-api-key:2066,SD-003/SD-004
Gitleaks,history,generic-api-key,carcaça/SmartScreen/RemoteData/edgeSettings_2.0-a82cb2897a8bf9445d68dcc2be05af89ad4b2fda1fddb2952693be7cd5353ad3,2070,16020ca5b0d061509545fb5a06a51f3347cafdbd,16020ca5b0d061509545fb5a06a51f3347cafdbd:carcaça/SmartScreen/RemoteData/edgeSettings_2.0-a82cb2897a8bf9445d68dcc2be05af89ad4b2fda1fddb2952693be7cd5353ad3:generic-api-key:2070,SD-003/SD-004
Gitleaks,history,generic-api-key,carcaça/SmartScreen/RemoteData/edgeSettings_2.0-a82cb2897a8bf9445d68dcc2be05af89ad4b2fda1fddb2952693be7cd5353ad3,2074,16020ca5b0d061509545fb5a06a51f3347cafdbd,16020ca5b0d061509545fb5a06a51f3347cafdbd:carcaça/SmartScreen/RemoteData/edgeSettings_2.0-a82cb2897a8bf9445d68dcc2be05af89ad4b2fda1fddb2952693be7cd5353ad3:generic-api-key:2074,SD-003/SD-004
Gitleaks,history,generic-api-key,carcaça/SmartScreen/RemoteData/edgeSettings_2.0-a82cb2897a8bf9445d68dcc2be05af89ad4b2fda1fddb2952693be7cd5353ad3,2078,16020ca5b0d061509545fb5a06a51f3347cafdbd,16020ca5b0d061509545fb5a06a51f3347cafdbd:carcaça/SmartScreen/RemoteData/edgeSettings_2.0-a82cb2897a8bf9445d68dcc2be05af89ad4b2fda1fddb2952693be7cd5353ad3:generic-api-key:2078,SD-003/SD-004
Gitleaks,history,generic-api-key,carcaça/SmartScreen/RemoteData/edgeSettings_2.0-a82cb2897a8bf9445d68dcc2be05af89ad4b2fda1fddb2952693be7cd5353ad3,2082,16020ca5b0d061509545fb5a06a51f3347cafdbd,16020ca5b0d061509545fb5a06a51f3347cafdbd:carcaça/SmartScreen/RemoteData/edgeSettings_2.0-a82cb2897a8bf9445d68dcc2be05af89ad4b2fda1fddb2952693be7cd5353ad3:generic-api-key:2082,SD-003/SD-004
Gitleaks,history,generic-api-key,carcaça/SmartScreen/RemoteData/edgeSettings_2.0-a82cb2897a8bf9445d68dcc2be05af89ad4b2fda1fddb2952693be7cd5353ad3,2086,16020ca5b0d061509545fb5a06a51f3347cafdbd,16020ca5b0d061509545fb5a06a51f3347cafdbd:carcaça/SmartScreen/RemoteData/edgeSettings_2.0-a82cb2897a8bf9445d68dcc2be05af89ad4b2fda1fddb2952693be7cd5353ad3:generic-api-key:2086,SD-003/SD-004
Gitleaks,history,generic-api-key,carcaça/SmartScreen/RemoteData/edgeSettings_2.0-a82cb2897a8bf9445d68dcc2be05af89ad4b2fda1fddb2952693be7cd5353ad3,2090,16020ca5b0d061509545fb5a06a51f3347cafdbd,16020ca5b0d061509545fb5a06a51f3347cafdbd:carcaça/SmartScreen/RemoteData/edgeSettings_2.0-a82cb2897a8bf9445d68dcc2be05af89ad4b2fda1fddb2952693be7cd5353ad3:generic-api-key:2090,SD-003/SD-004
Gitleaks,history,generic-api-key,carcaça/SmartScreen/RemoteData/edgeSettings_2.0-a82cb2897a8bf9445d68dcc2be05af89ad4b2fda1fddb2952693be7cd5353ad3,2094,16020ca5b0d061509545fb5a06a51f3347cafdbd,16020ca5b0d061509545fb5a06a51f3347cafdbd:carcaça/SmartScreen/RemoteData/edgeSettings_2.0-a82cb2897a8bf9445d68dcc2be05af89ad4b2fda1fddb2952693be7cd5353ad3:generic-api-key:2094,SD-003/SD-004
Gitleaks,history,generic-api-key,carcaça/SmartScreen/RemoteData/edgeSettings_2.0-a82cb2897a8bf9445d68dcc2be05af89ad4b2fda1fddb2952693be7cd5353ad3,2098,16020ca5b0d061509545fb5a06a51f3347cafdbd,16020ca5b0d061509545fb5a06a51f3347cafdbd:carcaça/SmartScreen/RemoteData/edgeSettings_2.0-a82cb2897a8bf9445d68dcc2be05af89ad4b2fda1fddb2952693be7cd5353ad3:generic-api-key:2098,SD-003/SD-004
Gitleaks,history,generic-api-key,carcaça/SmartScreen/RemoteData/edgeSettings_2.0-a82cb2897a8bf9445d68dcc2be05af89ad4b2fda1fddb2952693be7cd5353ad3,2102,16020ca5b0d061509545fb5a06a51f3347cafdbd,16020ca5b0d061509545fb5a06a51f3347cafdbd:carcaça/SmartScreen/RemoteData/edgeSettings_2.0-a82cb2897a8bf9445d68dcc2be05af89ad4b2fda1fddb2952693be7cd5353ad3:generic-api-key:2102,SD-003/SD-004
Gitleaks,history,generic-api-key,carcaça/SmartScreen/RemoteData/edgeSettings_2.0-a82cb2897a8bf9445d68dcc2be05af89ad4b2fda1fddb2952693be7cd5353ad3,2110,16020ca5b0d061509545fb5a06a51f3347cafdbd,16020ca5b0d061509545fb5a06a51f3347cafdbd:carcaça/SmartScreen/RemoteData/edgeSettings_2.0-a82cb2897a8bf9445d68dcc2be05af89ad4b2fda1fddb2952693be7cd5353ad3:generic-api-key:2110,SD-003/SD-004
Gitleaks,history,generic-api-key,carcaça/SmartScreen/RemoteData/edgeSettings_2.0-a82cb2897a8bf9445d68dcc2be05af89ad4b2fda1fddb2952693be7cd5353ad3,2114,16020ca5b0d061509545fb5a06a51f3347cafdbd,16020ca5b0d061509545fb5a06a51f3347cafdbd:carcaça/SmartScreen/RemoteData/edgeSettings_2.0-a82cb2897a8bf9445d68dcc2be05af89ad4b2fda1fddb2952693be7cd5353ad3:generic-api-key:2114,SD-003/SD-004
Gitleaks,history,generic-api-key,carcaça/SmartScreen/RemoteData/edgeSettings_2.0-a82cb2897a8bf9445d68dcc2be05af89ad4b2fda1fddb2952693be7cd5353ad3,2130,16020ca5b0d061509545fb5a06a51f3347cafdbd,16020ca5b0d061509545fb5a06a51f3347cafdbd:carcaça/SmartScreen/RemoteData/edgeSettings_2.0-a82cb2897a8bf9445d68dcc2be05af89ad4b2fda1fddb2952693be7cd5353ad3:generic-api-key:2130,SD-003/SD-004
Gitleaks,history,generic-api-key,carcaça/SmartScreen/RemoteData/edgeSettings_2.0-a82cb2897a8bf9445d68dcc2be05af89ad4b2fda1fddb2952693be7cd5353ad3,2134,16020ca5b0d061509545fb5a06a51f3347cafdbd,16020ca5b0d061509545fb5a06a51f3347cafdbd:carcaça/SmartScreen/RemoteData/edgeSettings_2.0-a82cb2897a8bf9445d68dcc2be05af89ad4b2fda1fddb2952693be7cd5353ad3:generic-api-key:2134,SD-003/SD-004
Gitleaks,history,generic-api-key,carcaça/SmartScreen/RemoteData/edgeSettings_2.0-a82cb2897a8bf9445d68dcc2be05af89ad4b2fda1fddb2952693be7cd5353ad3,2138,16020ca5b0d061509545fb5a06a51f3347cafdbd,16020ca5b0d061509545fb5a06a51f3347cafdbd:carcaça/SmartScreen/RemoteData/edgeSettings_2.0-a82cb2897a8bf9445d68dcc2be05af89ad4b2fda1fddb2952693be7cd5353ad3:generic-api-key:2138,SD-003/SD-004
Gitleaks,history,generic-api-key,carcaça/SmartScreen/RemoteData/edgeSettings_2.0-a82cb2897a8bf9445d68dcc2be05af89ad4b2fda1fddb2952693be7cd5353ad3,2146,16020ca5b0d061509545fb5a06a51f3347cafdbd,16020ca5b0d061509545fb5a06a51f3347cafdbd:carcaça/SmartScreen/RemoteData/edgeSettings_2.0-a82cb2897a8bf9445d68dcc2be05af89ad4b2fda1fddb2952693be7cd5353ad3:generic-api-key:2146,SD-003/SD-004
Gitleaks,history,generic-api-key,carcaça/SmartScreen/RemoteData/edgeSettings_2.0-a82cb2897a8bf9445d68dcc2be05af89ad4b2fda1fddb2952693be7cd5353ad3,2150,16020ca5b0d061509545fb5a06a51f3347cafdbd,16020ca5b0d061509545fb5a06a51f3347cafdbd:carcaça/SmartScreen/RemoteData/edgeSettings_2.0-a82cb2897a8bf9445d68dcc2be05af89ad4b2fda1fddb2952693be7cd5353ad3:generic-api-key:2150,SD-003/SD-004
Gitleaks,history,generic-api-key,carcaça/SmartScreen/RemoteData/edgeSettings_2.0-a82cb2897a8bf9445d68dcc2be05af89ad4b2fda1fddb2952693be7cd5353ad3,2158,16020ca5b0d061509545fb5a06a51f3347cafdbd,16020ca5b0d061509545fb5a06a51f3347cafdbd:carcaça/SmartScreen/RemoteData/edgeSettings_2.0-a82cb2897a8bf9445d68dcc2be05af89ad4b2fda1fddb2952693be7cd5353ad3:generic-api-key:2158,SD-003/SD-004
Gitleaks,history,generic-api-key,carcaça/SmartScreen/RemoteData/edgeSettings_2.0-a82cb2897a8bf9445d68dcc2be05af89ad4b2fda1fddb2952693be7cd5353ad3,2162,16020ca5b0d061509545fb5a06a51f3347cafdbd,16020ca5b0d061509545fb5a06a51f3347cafdbd:carcaça/SmartScreen/RemoteData/edgeSettings_2.0-a82cb2897a8bf9445d68dcc2be05af89ad4b2fda1fddb2952693be7cd5353ad3:generic-api-key:2162,SD-003/SD-004
Gitleaks,history,generic-api-key,carcaça/SmartScreen/RemoteData/edgeSettings_2.0-a82cb2897a8bf9445d68dcc2be05af89ad4b2fda1fddb2952693be7cd5353ad3,2166,16020ca5b0d061509545fb5a06a51f3347cafdbd,16020ca5b0d061509545fb5a06a51f3347cafdbd:carcaça/SmartScreen/RemoteData/edgeSettings_2.0-a82cb2897a8bf9445d68dcc2be05af89ad4b2fda1fddb2952693be7cd5353ad3:generic-api-key:2166,SD-003/SD-004
Gitleaks,history,generic-api-key,carcaça/SmartScreen/RemoteData/edgeSettings_2.0-a82cb2897a8bf9445d68dcc2be05af89ad4b2fda1fddb2952693be7cd5353ad3,2170,16020ca5b0d061509545fb5a06a51f3347cafdbd,16020ca5b0d061509545fb5a06a51f3347cafdbd:carcaça/SmartScreen/RemoteData/edgeSettings_2.0-a82cb2897a8bf9445d68dcc2be05af89ad4b2fda1fddb2952693be7cd5353ad3:generic-api-key:2170,SD-003/SD-004
Gitleaks,history,generic-api-key,carcaça/SmartScreen/RemoteData/edgeSettings_2.0-a82cb2897a8bf9445d68dcc2be05af89ad4b2fda1fddb2952693be7cd5353ad3,2174,16020ca5b0d061509545fb5a06a51f3347cafdbd,16020ca5b0d061509545fb5a06a51f3347cafdbd:carcaça/SmartScreen/RemoteData/edgeSettings_2.0-a82cb2897a8bf9445d68dcc2be05af89ad4b2fda1fddb2952693be7cd5353ad3:generic-api-key:2174,SD-003/SD-004
Gitleaks,history,generic-api-key,carcaça/SmartScreen/RemoteData/edgeSettings_2.0-a82cb2897a8bf9445d68dcc2be05af89ad4b2fda1fddb2952693be7cd5353ad3,2178,16020ca5b0d061509545fb5a06a51f3347cafdbd,16020ca5b0d061509545fb5a06a51f3347cafdbd:carcaça/SmartScreen/RemoteData/edgeSettings_2.0-a82cb2897a8bf9445d68dcc2be05af89ad4b2fda1fddb2952693be7cd5353ad3:generic-api-key:2178,SD-003/SD-004
Gitleaks,history,generic-api-key,carcaça/SmartScreen/RemoteData/edgeSettings_2.0-a82cb2897a8bf9445d68dcc2be05af89ad4b2fda1fddb2952693be7cd5353ad3,2182,16020ca5b0d061509545fb5a06a51f3347cafdbd,16020ca5b0d061509545fb5a06a51f3347cafdbd:carcaça/SmartScreen/RemoteData/edgeSettings_2.0-a82cb2897a8bf9445d68dcc2be05af89ad4b2fda1fddb2952693be7cd5353ad3:generic-api-key:2182,SD-003/SD-004
Gitleaks,history,generic-api-key,carcaça/SmartScreen/RemoteData/edgeSettings_2.0-a82cb2897a8bf9445d68dcc2be05af89ad4b2fda1fddb2952693be7cd5353ad3,2186,16020ca5b0d061509545fb5a06a51f3347cafdbd,16020ca5b0d061509545fb5a06a51f3347cafdbd:carcaça/SmartScreen/RemoteData/edgeSettings_2.0-a82cb2897a8bf9445d68dcc2be05af89ad4b2fda1fddb2952693be7cd5353ad3:generic-api-key:2186,SD-003/SD-004
Gitleaks,history,generic-api-key,carcaça/SmartScreen/RemoteData/edgeSettings_2.0-a82cb2897a8bf9445d68dcc2be05af89ad4b2fda1fddb2952693be7cd5353ad3,2190,16020ca5b0d061509545fb5a06a51f3347cafdbd,16020ca5b0d061509545fb5a06a51f3347cafdbd:carcaça/SmartScreen/RemoteData/edgeSettings_2.0-a82cb2897a8bf9445d68dcc2be05af89ad4b2fda1fddb2952693be7cd5353ad3:generic-api-key:2190,SD-003/SD-004
Gitleaks,history,generic-api-key,carcaça/SmartScreen/RemoteData/edgeSettings_2.0-a82cb2897a8bf9445d68dcc2be05af89ad4b2fda1fddb2952693be7cd5353ad3,2194,16020ca5b0d061509545fb5a06a51f3347cafdbd,16020ca5b0d061509545fb5a06a51f3347cafdbd:carcaça/SmartScreen/RemoteData/edgeSettings_2.0-a82cb2897a8bf9445d68dcc2be05af89ad4b2fda1fddb2952693be7cd5353ad3:generic-api-key:2194,SD-003/SD-004
Gitleaks,history,generic-api-key,carcaça/SmartScreen/RemoteData/edgeSettings_2.0-a82cb2897a8bf9445d68dcc2be05af89ad4b2fda1fddb2952693be7cd5353ad3,2198,16020ca5b0d061509545fb5a06a51f3347cafdbd,16020ca5b0d061509545fb5a06a51f3347cafdbd:carcaça/SmartScreen/RemoteData/edgeSettings_2.0-a82cb2897a8bf9445d68dcc2be05af89ad4b2fda1fddb2952693be7cd5353ad3:generic-api-key:2198,SD-003/SD-004
Gitleaks,history,generic-api-key,carcaça/SmartScreen/RemoteData/edgeSettings_2.0-a82cb2897a8bf9445d68dcc2be05af89ad4b2fda1fddb2952693be7cd5353ad3,2202,16020ca5b0d061509545fb5a06a51f3347cafdbd,16020ca5b0d061509545fb5a06a51f3347cafdbd:carcaça/SmartScreen/RemoteData/edgeSettings_2.0-a82cb2897a8bf9445d68dcc2be05af89ad4b2fda1fddb2952693be7cd5353ad3:generic-api-key:2202,SD-003/SD-004
Gitleaks,history,generic-api-key,carcaça/SmartScreen/RemoteData/edgeSettings_2.0-a82cb2897a8bf9445d68dcc2be05af89ad4b2fda1fddb2952693be7cd5353ad3,2206,16020ca5b0d061509545fb5a06a51f3347cafdbd,16020ca5b0d061509545fb5a06a51f3347cafdbd:carcaça/SmartScreen/RemoteData/edgeSettings_2.0-a82cb2897a8bf9445d68dcc2be05af89ad4b2fda1fddb2952693be7cd5353ad3:generic-api-key:2206,SD-003/SD-004
Gitleaks,history,generic-api-key,carcaça/SmartScreen/RemoteData/edgeSettings_2.0-a82cb2897a8bf9445d68dcc2be05af89ad4b2fda1fddb2952693be7cd5353ad3,2214,16020ca5b0d061509545fb5a06a51f3347cafdbd,16020ca5b0d061509545fb5a06a51f3347cafdbd:carcaça/SmartScreen/RemoteData/edgeSettings_2.0-a82cb2897a8bf9445d68dcc2be05af89ad4b2fda1fddb2952693be7cd5353ad3:generic-api-key:2214,SD-003/SD-004
Gitleaks,history,generic-api-key,carcaça/SmartScreen/RemoteData/edgeSettings_2.0-a82cb2897a8bf9445d68dcc2be05af89ad4b2fda1fddb2952693be7cd5353ad3,2218,16020ca5b0d061509545fb5a06a51f3347cafdbd,16020ca5b0d061509545fb5a06a51f3347cafdbd:carcaça/SmartScreen/RemoteData/edgeSettings_2.0-a82cb2897a8bf9445d68dcc2be05af89ad4b2fda1fddb2952693be7cd5353ad3:generic-api-key:2218,SD-003/SD-004
Gitleaks,history,generic-api-key,carcaça/SmartScreen/RemoteData/edgeSettings_2.0-a82cb2897a8bf9445d68dcc2be05af89ad4b2fda1fddb2952693be7cd5353ad3,2222,16020ca5b0d061509545fb5a06a51f3347cafdbd,16020ca5b0d061509545fb5a06a51f3347cafdbd:carcaça/SmartScreen/RemoteData/edgeSettings_2.0-a82cb2897a8bf9445d68dcc2be05af89ad4b2fda1fddb2952693be7cd5353ad3:generic-api-key:2222,SD-003/SD-004
Gitleaks,history,generic-api-key,carcaça/SmartScreen/RemoteData/edgeSettings_2.0-a82cb2897a8bf9445d68dcc2be05af89ad4b2fda1fddb2952693be7cd5353ad3,2226,16020ca5b0d061509545fb5a06a51f3347cafdbd,16020ca5b0d061509545fb5a06a51f3347cafdbd:carcaça/SmartScreen/RemoteData/edgeSettings_2.0-a82cb2897a8bf9445d68dcc2be05af89ad4b2fda1fddb2952693be7cd5353ad3:generic-api-key:2226,SD-003/SD-004
Gitleaks,history,generic-api-key,carcaça/SmartScreen/RemoteData/edgeSettings_2.0-a82cb2897a8bf9445d68dcc2be05af89ad4b2fda1fddb2952693be7cd5353ad3,2230,16020ca5b0d061509545fb5a06a51f3347cafdbd,16020ca5b0d061509545fb5a06a51f3347cafdbd:carcaça/SmartScreen/RemoteData/edgeSettings_2.0-a82cb2897a8bf9445d68dcc2be05af89ad4b2fda1fddb2952693be7cd5353ad3:generic-api-key:2230,SD-003/SD-004
Gitleaks,history,generic-api-key,carcaça/SmartScreen/RemoteData/edgeSettings_2.0-a82cb2897a8bf9445d68dcc2be05af89ad4b2fda1fddb2952693be7cd5353ad3,2238,16020ca5b0d061509545fb5a06a51f3347cafdbd,16020ca5b0d061509545fb5a06a51f3347cafdbd:carcaça/SmartScreen/RemoteData/edgeSettings_2.0-a82cb2897a8bf9445d68dcc2be05af89ad4b2fda1fddb2952693be7cd5353ad3:generic-api-key:2238,SD-003/SD-004
Gitleaks,history,generic-api-key,carcaça/SmartScreen/RemoteData/edgeSettings_2.0-a82cb2897a8bf9445d68dcc2be05af89ad4b2fda1fddb2952693be7cd5353ad3,2242,16020ca5b0d061509545fb5a06a51f3347cafdbd,16020ca5b0d061509545fb5a06a51f3347cafdbd:carcaça/SmartScreen/RemoteData/edgeSettings_2.0-a82cb2897a8bf9445d68dcc2be05af89ad4b2fda1fddb2952693be7cd5353ad3:generic-api-key:2242,SD-003/SD-004
Gitleaks,history,generic-api-key,carcaça/SmartScreen/RemoteData/edgeSettings_2.0-a82cb2897a8bf9445d68dcc2be05af89ad4b2fda1fddb2952693be7cd5353ad3,2246,16020ca5b0d061509545fb5a06a51f3347cafdbd,16020ca5b0d061509545fb5a06a51f3347cafdbd:carcaça/SmartScreen/RemoteData/edgeSettings_2.0-a82cb2897a8bf9445d68dcc2be05af89ad4b2fda1fddb2952693be7cd5353ad3:generic-api-key:2246,SD-003/SD-004
Gitleaks,history,generic-api-key,carcaça/SmartScreen/RemoteData/edgeSettings_2.0-a82cb2897a8bf9445d68dcc2be05af89ad4b2fda1fddb2952693be7cd5353ad3,2254,16020ca5b0d061509545fb5a06a51f3347cafdbd,16020ca5b0d061509545fb5a06a51f3347cafdbd:carcaça/SmartScreen/RemoteData/edgeSettings_2.0-a82cb2897a8bf9445d68dcc2be05af89ad4b2fda1fddb2952693be7cd5353ad3:generic-api-key:2254,SD-003/SD-004
Gitleaks,history,generic-api-key,carcaça/SmartScreen/RemoteData/edgeSettings_2.0-a82cb2897a8bf9445d68dcc2be05af89ad4b2fda1fddb2952693be7cd5353ad3,2258,16020ca5b0d061509545fb5a06a51f3347cafdbd,16020ca5b0d061509545fb5a06a51f3347cafdbd:carcaça/SmartScreen/RemoteData/edgeSettings_2.0-a82cb2897a8bf9445d68dcc2be05af89ad4b2fda1fddb2952693be7cd5353ad3:generic-api-key:2258,SD-003/SD-004
Gitleaks,history,generic-api-key,carcaça/SmartScreen/RemoteData/edgeSettings_2.0-a82cb2897a8bf9445d68dcc2be05af89ad4b2fda1fddb2952693be7cd5353ad3,2262,16020ca5b0d061509545fb5a06a51f3347cafdbd,16020ca5b0d061509545fb5a06a51f3347cafdbd:carcaça/SmartScreen/RemoteData/edgeSettings_2.0-a82cb2897a8bf9445d68dcc2be05af89ad4b2fda1fddb2952693be7cd5353ad3:generic-api-key:2262,SD-003/SD-004
Gitleaks,history,generic-api-key,carcaça/SmartScreen/RemoteData/edgeSettings_2.0-a82cb2897a8bf9445d68dcc2be05af89ad4b2fda1fddb2952693be7cd5353ad3,2266,16020ca5b0d061509545fb5a06a51f3347cafdbd,16020ca5b0d061509545fb5a06a51f3347cafdbd:carcaça/SmartScreen/RemoteData/edgeSettings_2.0-a82cb2897a8bf9445d68dcc2be05af89ad4b2fda1fddb2952693be7cd5353ad3:generic-api-key:2266,SD-003/SD-004
Gitleaks,history,generic-api-key,carcaça/SmartScreen/RemoteData/edgeSettings_2.0-a82cb2897a8bf9445d68dcc2be05af89ad4b2fda1fddb2952693be7cd5353ad3,2274,16020ca5b0d061509545fb5a06a51f3347cafdbd,16020ca5b0d061509545fb5a06a51f3347cafdbd:carcaça/SmartScreen/RemoteData/edgeSettings_2.0-a82cb2897a8bf9445d68dcc2be05af89ad4b2fda1fddb2952693be7cd5353ad3:generic-api-key:2274,SD-003/SD-004
Gitleaks,history,generic-api-key,carcaça/SmartScreen/RemoteData/edgeSettings_2.0-a82cb2897a8bf9445d68dcc2be05af89ad4b2fda1fddb2952693be7cd5353ad3,2278,16020ca5b0d061509545fb5a06a51f3347cafdbd,16020ca5b0d061509545fb5a06a51f3347cafdbd:carcaça/SmartScreen/RemoteData/edgeSettings_2.0-a82cb2897a8bf9445d68dcc2be05af89ad4b2fda1fddb2952693be7cd5353ad3:generic-api-key:2278,SD-003/SD-004
Gitleaks,history,generic-api-key,carcaça/SmartScreen/RemoteData/edgeSettings_2.0-a82cb2897a8bf9445d68dcc2be05af89ad4b2fda1fddb2952693be7cd5353ad3,2282,16020ca5b0d061509545fb5a06a51f3347cafdbd,16020ca5b0d061509545fb5a06a51f3347cafdbd:carcaça/SmartScreen/RemoteData/edgeSettings_2.0-a82cb2897a8bf9445d68dcc2be05af89ad4b2fda1fddb2952693be7cd5353ad3:generic-api-key:2282,SD-003/SD-004
Gitleaks,history,generic-api-key,carcaça/SmartScreen/RemoteData/edgeSettings_2.0-a82cb2897a8bf9445d68dcc2be05af89ad4b2fda1fddb2952693be7cd5353ad3,2286,16020ca5b0d061509545fb5a06a51f3347cafdbd,16020ca5b0d061509545fb5a06a51f3347cafdbd:carcaça/SmartScreen/RemoteData/edgeSettings_2.0-a82cb2897a8bf9445d68dcc2be05af89ad4b2fda1fddb2952693be7cd5353ad3:generic-api-key:2286,SD-003/SD-004
Gitleaks,history,generic-api-key,carcaça/SmartScreen/RemoteData/edgeSettings_2.0-a82cb2897a8bf9445d68dcc2be05af89ad4b2fda1fddb2952693be7cd5353ad3,2290,16020ca5b0d061509545fb5a06a51f3347cafdbd,16020ca5b0d061509545fb5a06a51f3347cafdbd:carcaça/SmartScreen/RemoteData/edgeSettings_2.0-a82cb2897a8bf9445d68dcc2be05af89ad4b2fda1fddb2952693be7cd5353ad3:generic-api-key:2290,SD-003/SD-004
Gitleaks,history,generic-api-key,carcaça/SmartScreen/RemoteData/edgeSettings_2.0-a82cb2897a8bf9445d68dcc2be05af89ad4b2fda1fddb2952693be7cd5353ad3,2294,16020ca5b0d061509545fb5a06a51f3347cafdbd,16020ca5b0d061509545fb5a06a51f3347cafdbd:carcaça/SmartScreen/RemoteData/edgeSettings_2.0-a82cb2897a8bf9445d68dcc2be05af89ad4b2fda1fddb2952693be7cd5353ad3:generic-api-key:2294,SD-003/SD-004
Gitleaks,history,generic-api-key,carcaça/SmartScreen/RemoteData/edgeSettings_2.0-a82cb2897a8bf9445d68dcc2be05af89ad4b2fda1fddb2952693be7cd5353ad3,2298,16020ca5b0d061509545fb5a06a51f3347cafdbd,16020ca5b0d061509545fb5a06a51f3347cafdbd:carcaça/SmartScreen/RemoteData/edgeSettings_2.0-a82cb2897a8bf9445d68dcc2be05af89ad4b2fda1fddb2952693be7cd5353ad3:generic-api-key:2298,SD-003/SD-004
Gitleaks,history,generic-api-key,carcaça/SmartScreen/RemoteData/edgeSettings_2.0-a82cb2897a8bf9445d68dcc2be05af89ad4b2fda1fddb2952693be7cd5353ad3,2302,16020ca5b0d061509545fb5a06a51f3347cafdbd,16020ca5b0d061509545fb5a06a51f3347cafdbd:carcaça/SmartScreen/RemoteData/edgeSettings_2.0-a82cb2897a8bf9445d68dcc2be05af89ad4b2fda1fddb2952693be7cd5353ad3:generic-api-key:2302,SD-003/SD-004
Gitleaks,history,generic-api-key,carcaça/SmartScreen/RemoteData/edgeSettings_2.0-a82cb2897a8bf9445d68dcc2be05af89ad4b2fda1fddb2952693be7cd5353ad3,2306,16020ca5b0d061509545fb5a06a51f3347cafdbd,16020ca5b0d061509545fb5a06a51f3347cafdbd:carcaça/SmartScreen/RemoteData/edgeSettings_2.0-a82cb2897a8bf9445d68dcc2be05af89ad4b2fda1fddb2952693be7cd5353ad3:generic-api-key:2306,SD-003/SD-004
Gitleaks,history,generic-api-key,carcaça/SmartScreen/RemoteData/edgeSettings_2.0-a82cb2897a8bf9445d68dcc2be05af89ad4b2fda1fddb2952693be7cd5353ad3,2314,16020ca5b0d061509545fb5a06a51f3347cafdbd,16020ca5b0d061509545fb5a06a51f3347cafdbd:carcaça/SmartScreen/RemoteData/edgeSettings_2.0-a82cb2897a8bf9445d68dcc2be05af89ad4b2fda1fddb2952693be7cd5353ad3:generic-api-key:2314,SD-003/SD-004
Gitleaks,history,generic-api-key,carcaça/SmartScreen/RemoteData/edgeSettings_2.0-a82cb2897a8bf9445d68dcc2be05af89ad4b2fda1fddb2952693be7cd5353ad3,2318,16020ca5b0d061509545fb5a06a51f3347cafdbd,16020ca5b0d061509545fb5a06a51f3347cafdbd:carcaça/SmartScreen/RemoteData/edgeSettings_2.0-a82cb2897a8bf9445d68dcc2be05af89ad4b2fda1fddb2952693be7cd5353ad3:generic-api-key:2318,SD-003/SD-004
Gitleaks,history,generic-api-key,carcaça/SmartScreen/RemoteData/edgeSettings_2.0-a82cb2897a8bf9445d68dcc2be05af89ad4b2fda1fddb2952693be7cd5353ad3,2322,16020ca5b0d061509545fb5a06a51f3347cafdbd,16020ca5b0d061509545fb5a06a51f3347cafdbd:carcaça/SmartScreen/RemoteData/edgeSettings_2.0-a82cb2897a8bf9445d68dcc2be05af89ad4b2fda1fddb2952693be7cd5353ad3:generic-api-key:2322,SD-003/SD-004
Gitleaks,history,generic-api-key,carcaça/SmartScreen/RemoteData/edgeSettings_2.0-a82cb2897a8bf9445d68dcc2be05af89ad4b2fda1fddb2952693be7cd5353ad3,2326,16020ca5b0d061509545fb5a06a51f3347cafdbd,16020ca5b0d061509545fb5a06a51f3347cafdbd:carcaça/SmartScreen/RemoteData/edgeSettings_2.0-a82cb2897a8bf9445d68dcc2be05af89ad4b2fda1fddb2952693be7cd5353ad3:generic-api-key:2326,SD-003/SD-004
Gitleaks,history,generic-api-key,carcaça/SmartScreen/RemoteData/edgeSettings_2.0-a82cb2897a8bf9445d68dcc2be05af89ad4b2fda1fddb2952693be7cd5353ad3,2330,16020ca5b0d061509545fb5a06a51f3347cafdbd,16020ca5b0d061509545fb5a06a51f3347cafdbd:carcaça/SmartScreen/RemoteData/edgeSettings_2.0-a82cb2897a8bf9445d68dcc2be05af89ad4b2fda1fddb2952693be7cd5353ad3:generic-api-key:2330,SD-003/SD-004
Gitleaks,history,generic-api-key,carcaça/SmartScreen/RemoteData/edgeSettings_2.0-a82cb2897a8bf9445d68dcc2be05af89ad4b2fda1fddb2952693be7cd5353ad3,2334,16020ca5b0d061509545fb5a06a51f3347cafdbd,16020ca5b0d061509545fb5a06a51f3347cafdbd:carcaça/SmartScreen/RemoteData/edgeSettings_2.0-a82cb2897a8bf9445d68dcc2be05af89ad4b2fda1fddb2952693be7cd5353ad3:generic-api-key:2334,SD-003/SD-004
Gitleaks,history,generic-api-key,carcaça/SmartScreen/RemoteData/edgeSettings_2.0-a82cb2897a8bf9445d68dcc2be05af89ad4b2fda1fddb2952693be7cd5353ad3,2338,16020ca5b0d061509545fb5a06a51f3347cafdbd,16020ca5b0d061509545fb5a06a51f3347cafdbd:carcaça/SmartScreen/RemoteData/edgeSettings_2.0-a82cb2897a8bf9445d68dcc2be05af89ad4b2fda1fddb2952693be7cd5353ad3:generic-api-key:2338,SD-003/SD-004
Gitleaks,history,generic-api-key,carcaça/SmartScreen/RemoteData/edgeSettings_2.0-a82cb2897a8bf9445d68dcc2be05af89ad4b2fda1fddb2952693be7cd5353ad3,2342,16020ca5b0d061509545fb5a06a51f3347cafdbd,16020ca5b0d061509545fb5a06a51f3347cafdbd:carcaça/SmartScreen/RemoteData/edgeSettings_2.0-a82cb2897a8bf9445d68dcc2be05af89ad4b2fda1fddb2952693be7cd5353ad3:generic-api-key:2342,SD-003/SD-004
Gitleaks,history,generic-api-key,carcaça/SmartScreen/RemoteData/edgeSettings_2.0-a82cb2897a8bf9445d68dcc2be05af89ad4b2fda1fddb2952693be7cd5353ad3,2350,16020ca5b0d061509545fb5a06a51f3347cafdbd,16020ca5b0d061509545fb5a06a51f3347cafdbd:carcaça/SmartScreen/RemoteData/edgeSettings_2.0-a82cb2897a8bf9445d68dcc2be05af89ad4b2fda1fddb2952693be7cd5353ad3:generic-api-key:2350,SD-003/SD-004
Gitleaks,history,generic-api-key,carcaça/SmartScreen/RemoteData/edgeSettings_2.0-a82cb2897a8bf9445d68dcc2be05af89ad4b2fda1fddb2952693be7cd5353ad3,2354,16020ca5b0d061509545fb5a06a51f3347cafdbd,16020ca5b0d061509545fb5a06a51f3347cafdbd:carcaça/SmartScreen/RemoteData/edgeSettings_2.0-a82cb2897a8bf9445d68dcc2be05af89ad4b2fda1fddb2952693be7cd5353ad3:generic-api-key:2354,SD-003/SD-004
Gitleaks,history,generic-api-key,carcaça/SmartScreen/RemoteData/edgeSettings_2.0-a82cb2897a8bf9445d68dcc2be05af89ad4b2fda1fddb2952693be7cd5353ad3,2362,16020ca5b0d061509545fb5a06a51f3347cafdbd,16020ca5b0d061509545fb5a06a51f3347cafdbd:carcaça/SmartScreen/RemoteData/edgeSettings_2.0-a82cb2897a8bf9445d68dcc2be05af89ad4b2fda1fddb2952693be7cd5353ad3:generic-api-key:2362,SD-003/SD-004
Gitleaks,history,generic-api-key,carcaça/SmartScreen/RemoteData/edgeSettings_2.0-a82cb2897a8bf9445d68dcc2be05af89ad4b2fda1fddb2952693be7cd5353ad3,2370,16020ca5b0d061509545fb5a06a51f3347cafdbd,16020ca5b0d061509545fb5a06a51f3347cafdbd:carcaça/SmartScreen/RemoteData/edgeSettings_2.0-a82cb2897a8bf9445d68dcc2be05af89ad4b2fda1fddb2952693be7cd5353ad3:generic-api-key:2370,SD-003/SD-004
Gitleaks,history,generic-api-key,carcaça/SmartScreen/RemoteData/edgeSettings_2.0-a82cb2897a8bf9445d68dcc2be05af89ad4b2fda1fddb2952693be7cd5353ad3,2374,16020ca5b0d061509545fb5a06a51f3347cafdbd,16020ca5b0d061509545fb5a06a51f3347cafdbd:carcaça/SmartScreen/RemoteData/edgeSettings_2.0-a82cb2897a8bf9445d68dcc2be05af89ad4b2fda1fddb2952693be7cd5353ad3:generic-api-key:2374,SD-003/SD-004
Gitleaks,history,generic-api-key,carcaça/SmartScreen/RemoteData/edgeSettings_2.0-a82cb2897a8bf9445d68dcc2be05af89ad4b2fda1fddb2952693be7cd5353ad3,2378,16020ca5b0d061509545fb5a06a51f3347cafdbd,16020ca5b0d061509545fb5a06a51f3347cafdbd:carcaça/SmartScreen/RemoteData/edgeSettings_2.0-a82cb2897a8bf9445d68dcc2be05af89ad4b2fda1fddb2952693be7cd5353ad3:generic-api-key:2378,SD-003/SD-004
Gitleaks,history,generic-api-key,carcaça/SmartScreen/RemoteData/edgeSettings_2.0-a82cb2897a8bf9445d68dcc2be05af89ad4b2fda1fddb2952693be7cd5353ad3,2382,16020ca5b0d061509545fb5a06a51f3347cafdbd,16020ca5b0d061509545fb5a06a51f3347cafdbd:carcaça/SmartScreen/RemoteData/edgeSettings_2.0-a82cb2897a8bf9445d68dcc2be05af89ad4b2fda1fddb2952693be7cd5353ad3:generic-api-key:2382,SD-003/SD-004
Gitleaks,history,generic-api-key,carcaça/SmartScreen/RemoteData/edgeSettings_2.0-a82cb2897a8bf9445d68dcc2be05af89ad4b2fda1fddb2952693be7cd5353ad3,2386,16020ca5b0d061509545fb5a06a51f3347cafdbd,16020ca5b0d061509545fb5a06a51f3347cafdbd:carcaça/SmartScreen/RemoteData/edgeSettings_2.0-a82cb2897a8bf9445d68dcc2be05af89ad4b2fda1fddb2952693be7cd5353ad3:generic-api-key:2386,SD-003/SD-004
Gitleaks,history,generic-api-key,carcaça/SmartScreen/RemoteData/edgeSettings_2.0-a82cb2897a8bf9445d68dcc2be05af89ad4b2fda1fddb2952693be7cd5353ad3,2390,16020ca5b0d061509545fb5a06a51f3347cafdbd,16020ca5b0d061509545fb5a06a51f3347cafdbd:carcaça/SmartScreen/RemoteData/edgeSettings_2.0-a82cb2897a8bf9445d68dcc2be05af89ad4b2fda1fddb2952693be7cd5353ad3:generic-api-key:2390,SD-003/SD-004
Gitleaks,history,generic-api-key,carcaça/SmartScreen/RemoteData/edgeSettings_2.0-a82cb2897a8bf9445d68dcc2be05af89ad4b2fda1fddb2952693be7cd5353ad3,2394,16020ca5b0d061509545fb5a06a51f3347cafdbd,16020ca5b0d061509545fb5a06a51f3347cafdbd:carcaça/SmartScreen/RemoteData/edgeSettings_2.0-a82cb2897a8bf9445d68dcc2be05af89ad4b2fda1fddb2952693be7cd5353ad3:generic-api-key:2394,SD-003/SD-004
Gitleaks,history,generic-api-key,carcaça/SmartScreen/RemoteData/edgeSettings_2.0-a82cb2897a8bf9445d68dcc2be05af89ad4b2fda1fddb2952693be7cd5353ad3,2406,16020ca5b0d061509545fb5a06a51f3347cafdbd,16020ca5b0d061509545fb5a06a51f3347cafdbd:carcaça/SmartScreen/RemoteData/edgeSettings_2.0-a82cb2897a8bf9445d68dcc2be05af89ad4b2fda1fddb2952693be7cd5353ad3:generic-api-key:2406,SD-003/SD-004
Gitleaks,history,generic-api-key,carcaça/SmartScreen/RemoteData/edgeSettings_2.0-a82cb2897a8bf9445d68dcc2be05af89ad4b2fda1fddb2952693be7cd5353ad3,2410,16020ca5b0d061509545fb5a06a51f3347cafdbd,16020ca5b0d061509545fb5a06a51f3347cafdbd:carcaça/SmartScreen/RemoteData/edgeSettings_2.0-a82cb2897a8bf9445d68dcc2be05af89ad4b2fda1fddb2952693be7cd5353ad3:generic-api-key:2410,SD-003/SD-004
Gitleaks,history,generic-api-key,carcaça/SmartScreen/RemoteData/edgeSettings_2.0-a82cb2897a8bf9445d68dcc2be05af89ad4b2fda1fddb2952693be7cd5353ad3,2414,16020ca5b0d061509545fb5a06a51f3347cafdbd,16020ca5b0d061509545fb5a06a51f3347cafdbd:carcaça/SmartScreen/RemoteData/edgeSettings_2.0-a82cb2897a8bf9445d68dcc2be05af89ad4b2fda1fddb2952693be7cd5353ad3:generic-api-key:2414,SD-003/SD-004
Gitleaks,history,generic-api-key,carcaça/SmartScreen/RemoteData/edgeSettings_2.0-a82cb2897a8bf9445d68dcc2be05af89ad4b2fda1fddb2952693be7cd5353ad3,2418,16020ca5b0d061509545fb5a06a51f3347cafdbd,16020ca5b0d061509545fb5a06a51f3347cafdbd:carcaça/SmartScreen/RemoteData/edgeSettings_2.0-a82cb2897a8bf9445d68dcc2be05af89ad4b2fda1fddb2952693be7cd5353ad3:generic-api-key:2418,SD-003/SD-004
Gitleaks,history,generic-api-key,carcaça/SmartScreen/RemoteData/edgeSettings_2.0-a82cb2897a8bf9445d68dcc2be05af89ad4b2fda1fddb2952693be7cd5353ad3,2422,16020ca5b0d061509545fb5a06a51f3347cafdbd,16020ca5b0d061509545fb5a06a51f3347cafdbd:carcaça/SmartScreen/RemoteData/edgeSettings_2.0-a82cb2897a8bf9445d68dcc2be05af89ad4b2fda1fddb2952693be7cd5353ad3:generic-api-key:2422,SD-003/SD-004
Gitleaks,history,generic-api-key,carcaça/SmartScreen/RemoteData/edgeSettings_2.0-a82cb2897a8bf9445d68dcc2be05af89ad4b2fda1fddb2952693be7cd5353ad3,2426,16020ca5b0d061509545fb5a06a51f3347cafdbd,16020ca5b0d061509545fb5a06a51f3347cafdbd:carcaça/SmartScreen/RemoteData/edgeSettings_2.0-a82cb2897a8bf9445d68dcc2be05af89ad4b2fda1fddb2952693be7cd5353ad3:generic-api-key:2426,SD-003/SD-004
Gitleaks,history,generic-api-key,carcaça/SmartScreen/RemoteData/edgeSettings_2.0-a82cb2897a8bf9445d68dcc2be05af89ad4b2fda1fddb2952693be7cd5353ad3,2430,16020ca5b0d061509545fb5a06a51f3347cafdbd,16020ca5b0d061509545fb5a06a51f3347cafdbd:carcaça/SmartScreen/RemoteData/edgeSettings_2.0-a82cb2897a8bf9445d68dcc2be05af89ad4b2fda1fddb2952693be7cd5353ad3:generic-api-key:2430,SD-003/SD-004
Gitleaks,history,generic-api-key,carcaça/SmartScreen/RemoteData/edgeSettings_2.0-a82cb2897a8bf9445d68dcc2be05af89ad4b2fda1fddb2952693be7cd5353ad3,2434,16020ca5b0d061509545fb5a06a51f3347cafdbd,16020ca5b0d061509545fb5a06a51f3347cafdbd:carcaça/SmartScreen/RemoteData/edgeSettings_2.0-a82cb2897a8bf9445d68dcc2be05af89ad4b2fda1fddb2952693be7cd5353ad3:generic-api-key:2434,SD-003/SD-004
Gitleaks,history,generic-api-key,carcaça/SmartScreen/RemoteData/edgeSettings_2.0-a82cb2897a8bf9445d68dcc2be05af89ad4b2fda1fddb2952693be7cd5353ad3,2438,16020ca5b0d061509545fb5a06a51f3347cafdbd,16020ca5b0d061509545fb5a06a51f3347cafdbd:carcaça/SmartScreen/RemoteData/edgeSettings_2.0-a82cb2897a8bf9445d68dcc2be05af89ad4b2fda1fddb2952693be7cd5353ad3:generic-api-key:2438,SD-003/SD-004
Gitleaks,history,generic-api-key,carcaça/SmartScreen/RemoteData/edgeSettings_2.0-a82cb2897a8bf9445d68dcc2be05af89ad4b2fda1fddb2952693be7cd5353ad3,2446,16020ca5b0d061509545fb5a06a51f3347cafdbd,16020ca5b0d061509545fb5a06a51f3347cafdbd:carcaça/SmartScreen/RemoteData/edgeSettings_2.0-a82cb2897a8bf9445d68dcc2be05af89ad4b2fda1fddb2952693be7cd5353ad3:generic-api-key:2446,SD-003/SD-004
Gitleaks,history,generic-api-key,carcaça/SmartScreen/RemoteData/edgeSettings_2.0-a82cb2897a8bf9445d68dcc2be05af89ad4b2fda1fddb2952693be7cd5353ad3,2450,16020ca5b0d061509545fb5a06a51f3347cafdbd,16020ca5b0d061509545fb5a06a51f3347cafdbd:carcaça/SmartScreen/RemoteData/edgeSettings_2.0-a82cb2897a8bf9445d68dcc2be05af89ad4b2fda1fddb2952693be7cd5353ad3:generic-api-key:2450,SD-003/SD-004
Gitleaks,history,generic-api-key,carcaça/SmartScreen/RemoteData/edgeSettings_2.0-a82cb2897a8bf9445d68dcc2be05af89ad4b2fda1fddb2952693be7cd5353ad3,2454,16020ca5b0d061509545fb5a06a51f3347cafdbd,16020ca5b0d061509545fb5a06a51f3347cafdbd:carcaça/SmartScreen/RemoteData/edgeSettings_2.0-a82cb2897a8bf9445d68dcc2be05af89ad4b2fda1fddb2952693be7cd5353ad3:generic-api-key:2454,SD-003/SD-004
Gitleaks,history,generic-api-key,carcaça/SmartScreen/RemoteData/edgeSettings_2.0-a82cb2897a8bf9445d68dcc2be05af89ad4b2fda1fddb2952693be7cd5353ad3,2458,16020ca5b0d061509545fb5a06a51f3347cafdbd,16020ca5b0d061509545fb5a06a51f3347cafdbd:carcaça/SmartScreen/RemoteData/edgeSettings_2.0-a82cb2897a8bf9445d68dcc2be05af89ad4b2fda1fddb2952693be7cd5353ad3:generic-api-key:2458,SD-003/SD-004
Gitleaks,history,generic-api-key,carcaça/SmartScreen/RemoteData/edgeSettings_2.0-a82cb2897a8bf9445d68dcc2be05af89ad4b2fda1fddb2952693be7cd5353ad3,2466,16020ca5b0d061509545fb5a06a51f3347cafdbd,16020ca5b0d061509545fb5a06a51f3347cafdbd:carcaça/SmartScreen/RemoteData/edgeSettings_2.0-a82cb2897a8bf9445d68dcc2be05af89ad4b2fda1fddb2952693be7cd5353ad3:generic-api-key:2466,SD-003/SD-004
Gitleaks,history,generic-api-key,carcaça/SmartScreen/RemoteData/edgeSettings_2.0-a82cb2897a8bf9445d68dcc2be05af89ad4b2fda1fddb2952693be7cd5353ad3,2470,16020ca5b0d061509545fb5a06a51f3347cafdbd,16020ca5b0d061509545fb5a06a51f3347cafdbd:carcaça/SmartScreen/RemoteData/edgeSettings_2.0-a82cb2897a8bf9445d68dcc2be05af89ad4b2fda1fddb2952693be7cd5353ad3:generic-api-key:2470,SD-003/SD-004
Gitleaks,history,generic-api-key,carcaça/SmartScreen/RemoteData/edgeSettings_2.0-a82cb2897a8bf9445d68dcc2be05af89ad4b2fda1fddb2952693be7cd5353ad3,2474,16020ca5b0d061509545fb5a06a51f3347cafdbd,16020ca5b0d061509545fb5a06a51f3347cafdbd:carcaça/SmartScreen/RemoteData/edgeSettings_2.0-a82cb2897a8bf9445d68dcc2be05af89ad4b2fda1fddb2952693be7cd5353ad3:generic-api-key:2474,SD-003/SD-004
Gitleaks,history,generic-api-key,carcaça/SmartScreen/RemoteData/edgeSettings_2.0-a82cb2897a8bf9445d68dcc2be05af89ad4b2fda1fddb2952693be7cd5353ad3,2478,16020ca5b0d061509545fb5a06a51f3347cafdbd,16020ca5b0d061509545fb5a06a51f3347cafdbd:carcaça/SmartScreen/RemoteData/edgeSettings_2.0-a82cb2897a8bf9445d68dcc2be05af89ad4b2fda1fddb2952693be7cd5353ad3:generic-api-key:2478,SD-003/SD-004
Gitleaks,history,generic-api-key,carcaça/SmartScreen/RemoteData/edgeSettings_2.0-a82cb2897a8bf9445d68dcc2be05af89ad4b2fda1fddb2952693be7cd5353ad3,2482,16020ca5b0d061509545fb5a06a51f3347cafdbd,16020ca5b0d061509545fb5a06a51f3347cafdbd:carcaça/SmartScreen/RemoteData/edgeSettings_2.0-a82cb2897a8bf9445d68dcc2be05af89ad4b2fda1fddb2952693be7cd5353ad3:generic-api-key:2482,SD-003/SD-004
Gitleaks,history,generic-api-key,carcaça/SmartScreen/RemoteData/edgeSettings_2.0-a82cb2897a8bf9445d68dcc2be05af89ad4b2fda1fddb2952693be7cd5353ad3,2490,16020ca5b0d061509545fb5a06a51f3347cafdbd,16020ca5b0d061509545fb5a06a51f3347cafdbd:carcaça/SmartScreen/RemoteData/edgeSettings_2.0-a82cb2897a8bf9445d68dcc2be05af89ad4b2fda1fddb2952693be7cd5353ad3:generic-api-key:2490,SD-003/SD-004
Gitleaks,history,generic-api-key,carcaça/SmartScreen/RemoteData/edgeSettings_2.0-a82cb2897a8bf9445d68dcc2be05af89ad4b2fda1fddb2952693be7cd5353ad3,2498,16020ca5b0d061509545fb5a06a51f3347cafdbd,16020ca5b0d061509545fb5a06a51f3347cafdbd:carcaça/SmartScreen/RemoteData/edgeSettings_2.0-a82cb2897a8bf9445d68dcc2be05af89ad4b2fda1fddb2952693be7cd5353ad3:generic-api-key:2498,SD-003/SD-004
Gitleaks,history,generic-api-key,carcaça/SmartScreen/RemoteData/edgeSettings_2.0-a82cb2897a8bf9445d68dcc2be05af89ad4b2fda1fddb2952693be7cd5353ad3,2502,16020ca5b0d061509545fb5a06a51f3347cafdbd,16020ca5b0d061509545fb5a06a51f3347cafdbd:carcaça/SmartScreen/RemoteData/edgeSettings_2.0-a82cb2897a8bf9445d68dcc2be05af89ad4b2fda1fddb2952693be7cd5353ad3:generic-api-key:2502,SD-003/SD-004
Gitleaks,history,generic-api-key,carcaça/SmartScreen/RemoteData/edgeSettings_2.0-a82cb2897a8bf9445d68dcc2be05af89ad4b2fda1fddb2952693be7cd5353ad3,2506,16020ca5b0d061509545fb5a06a51f3347cafdbd,16020ca5b0d061509545fb5a06a51f3347cafdbd:carcaça/SmartScreen/RemoteData/edgeSettings_2.0-a82cb2897a8bf9445d68dcc2be05af89ad4b2fda1fddb2952693be7cd5353ad3:generic-api-key:2506,SD-003/SD-004
Gitleaks,history,generic-api-key,carcaça/SmartScreen/RemoteData/edgeSettings_2.0-a82cb2897a8bf9445d68dcc2be05af89ad4b2fda1fddb2952693be7cd5353ad3,2510,16020ca5b0d061509545fb5a06a51f3347cafdbd,16020ca5b0d061509545fb5a06a51f3347cafdbd:carcaça/SmartScreen/RemoteData/edgeSettings_2.0-a82cb2897a8bf9445d68dcc2be05af89ad4b2fda1fddb2952693be7cd5353ad3:generic-api-key:2510,SD-003/SD-004
Gitleaks,history,generic-api-key,carcaça/SmartScreen/RemoteData/edgeSettings_2.0-a82cb2897a8bf9445d68dcc2be05af89ad4b2fda1fddb2952693be7cd5353ad3,2514,16020ca5b0d061509545fb5a06a51f3347cafdbd,16020ca5b0d061509545fb5a06a51f3347cafdbd:carcaça/SmartScreen/RemoteData/edgeSettings_2.0-a82cb2897a8bf9445d68dcc2be05af89ad4b2fda1fddb2952693be7cd5353ad3:generic-api-key:2514,SD-003/SD-004
Gitleaks,history,generic-api-key,carcaça/SmartScreen/RemoteData/edgeSettings_2.0-a82cb2897a8bf9445d68dcc2be05af89ad4b2fda1fddb2952693be7cd5353ad3,2522,16020ca5b0d061509545fb5a06a51f3347cafdbd,16020ca5b0d061509545fb5a06a51f3347cafdbd:carcaça/SmartScreen/RemoteData/edgeSettings_2.0-a82cb2897a8bf9445d68dcc2be05af89ad4b2fda1fddb2952693be7cd5353ad3:generic-api-key:2522,SD-003/SD-004
Gitleaks,history,generic-api-key,carcaça/SmartScreen/RemoteData/edgeSettings_2.0-a82cb2897a8bf9445d68dcc2be05af89ad4b2fda1fddb2952693be7cd5353ad3,2526,16020ca5b0d061509545fb5a06a51f3347cafdbd,16020ca5b0d061509545fb5a06a51f3347cafdbd:carcaça/SmartScreen/RemoteData/edgeSettings_2.0-a82cb2897a8bf9445d68dcc2be05af89ad4b2fda1fddb2952693be7cd5353ad3:generic-api-key:2526,SD-003/SD-004
Gitleaks,history,generic-api-key,carcaça/SmartScreen/RemoteData/edgeSettings_2.0-a82cb2897a8bf9445d68dcc2be05af89ad4b2fda1fddb2952693be7cd5353ad3,2534,16020ca5b0d061509545fb5a06a51f3347cafdbd,16020ca5b0d061509545fb5a06a51f3347cafdbd:carcaça/SmartScreen/RemoteData/edgeSettings_2.0-a82cb2897a8bf9445d68dcc2be05af89ad4b2fda1fddb2952693be7cd5353ad3:generic-api-key:2534,SD-003/SD-004
Gitleaks,history,generic-api-key,carcaça/SmartScreen/RemoteData/edgeSettings_2.0-a82cb2897a8bf9445d68dcc2be05af89ad4b2fda1fddb2952693be7cd5353ad3,2538,16020ca5b0d061509545fb5a06a51f3347cafdbd,16020ca5b0d061509545fb5a06a51f3347cafdbd:carcaça/SmartScreen/RemoteData/edgeSettings_2.0-a82cb2897a8bf9445d68dcc2be05af89ad4b2fda1fddb2952693be7cd5353ad3:generic-api-key:2538,SD-003/SD-004
Gitleaks,history,generic-api-key,carcaça/SmartScreen/RemoteData/edgeSettings_2.0-a82cb2897a8bf9445d68dcc2be05af89ad4b2fda1fddb2952693be7cd5353ad3,2542,16020ca5b0d061509545fb5a06a51f3347cafdbd,16020ca5b0d061509545fb5a06a51f3347cafdbd:carcaça/SmartScreen/RemoteData/edgeSettings_2.0-a82cb2897a8bf9445d68dcc2be05af89ad4b2fda1fddb2952693be7cd5353ad3:generic-api-key:2542,SD-003/SD-004
Gitleaks,history,generic-api-key,carcaça/SmartScreen/RemoteData/edgeSettings_2.0-a82cb2897a8bf9445d68dcc2be05af89ad4b2fda1fddb2952693be7cd5353ad3,2546,16020ca5b0d061509545fb5a06a51f3347cafdbd,16020ca5b0d061509545fb5a06a51f3347cafdbd:carcaça/SmartScreen/RemoteData/edgeSettings_2.0-a82cb2897a8bf9445d68dcc2be05af89ad4b2fda1fddb2952693be7cd5353ad3:generic-api-key:2546,SD-003/SD-004
Gitleaks,history,generic-api-key,carcaça/SmartScreen/RemoteData/edgeSettings_2.0-a82cb2897a8bf9445d68dcc2be05af89ad4b2fda1fddb2952693be7cd5353ad3,2550,16020ca5b0d061509545fb5a06a51f3347cafdbd,16020ca5b0d061509545fb5a06a51f3347cafdbd:carcaça/SmartScreen/RemoteData/edgeSettings_2.0-a82cb2897a8bf9445d68dcc2be05af89ad4b2fda1fddb2952693be7cd5353ad3:generic-api-key:2550,SD-003/SD-004
Gitleaks,history,generic-api-key,carcaça/SmartScreen/RemoteData/edgeSettings_2.0-a82cb2897a8bf9445d68dcc2be05af89ad4b2fda1fddb2952693be7cd5353ad3,2558,16020ca5b0d061509545fb5a06a51f3347cafdbd,16020ca5b0d061509545fb5a06a51f3347cafdbd:carcaça/SmartScreen/RemoteData/edgeSettings_2.0-a82cb2897a8bf9445d68dcc2be05af89ad4b2fda1fddb2952693be7cd5353ad3:generic-api-key:2558,SD-003/SD-004
Gitleaks,history,generic-api-key,carcaça/SmartScreen/RemoteData/edgeSettings_2.0-a82cb2897a8bf9445d68dcc2be05af89ad4b2fda1fddb2952693be7cd5353ad3,2562,16020ca5b0d061509545fb5a06a51f3347cafdbd,16020ca5b0d061509545fb5a06a51f3347cafdbd:carcaça/SmartScreen/RemoteData/edgeSettings_2.0-a82cb2897a8bf9445d68dcc2be05af89ad4b2fda1fddb2952693be7cd5353ad3:generic-api-key:2562,SD-003/SD-004
Gitleaks,history,generic-api-key,carcaça/SmartScreen/RemoteData/edgeSettings_2.0-a82cb2897a8bf9445d68dcc2be05af89ad4b2fda1fddb2952693be7cd5353ad3,2566,16020ca5b0d061509545fb5a06a51f3347cafdbd,16020ca5b0d061509545fb5a06a51f3347cafdbd:carcaça/SmartScreen/RemoteData/edgeSettings_2.0-a82cb2897a8bf9445d68dcc2be05af89ad4b2fda1fddb2952693be7cd5353ad3:generic-api-key:2566,SD-003/SD-004
Gitleaks,history,generic-api-key,carcaça/SmartScreen/RemoteData/edgeSettings_2.0-a82cb2897a8bf9445d68dcc2be05af89ad4b2fda1fddb2952693be7cd5353ad3,2570,16020ca5b0d061509545fb5a06a51f3347cafdbd,16020ca5b0d061509545fb5a06a51f3347cafdbd:carcaça/SmartScreen/RemoteData/edgeSettings_2.0-a82cb2897a8bf9445d68dcc2be05af89ad4b2fda1fddb2952693be7cd5353ad3:generic-api-key:2570,SD-003/SD-004
Gitleaks,history,generic-api-key,carcaça/SmartScreen/RemoteData/edgeSettings_2.0-a82cb2897a8bf9445d68dcc2be05af89ad4b2fda1fddb2952693be7cd5353ad3,2574,16020ca5b0d061509545fb5a06a51f3347cafdbd,16020ca5b0d061509545fb5a06a51f3347cafdbd:carcaça/SmartScreen/RemoteData/edgeSettings_2.0-a82cb2897a8bf9445d68dcc2be05af89ad4b2fda1fddb2952693be7cd5353ad3:generic-api-key:2574,SD-003/SD-004
Gitleaks,history,generic-api-key,carcaça/SmartScreen/RemoteData/edgeSettings_2.0-a82cb2897a8bf9445d68dcc2be05af89ad4b2fda1fddb2952693be7cd5353ad3,2578,16020ca5b0d061509545fb5a06a51f3347cafdbd,16020ca5b0d061509545fb5a06a51f3347cafdbd:carcaça/SmartScreen/RemoteData/edgeSettings_2.0-a82cb2897a8bf9445d68dcc2be05af89ad4b2fda1fddb2952693be7cd5353ad3:generic-api-key:2578,SD-003/SD-004
Gitleaks,history,generic-api-key,carcaça/SmartScreen/RemoteData/edgeSettings_2.0-a82cb2897a8bf9445d68dcc2be05af89ad4b2fda1fddb2952693be7cd5353ad3,2586,16020ca5b0d061509545fb5a06a51f3347cafdbd,16020ca5b0d061509545fb5a06a51f3347cafdbd:carcaça/SmartScreen/RemoteData/edgeSettings_2.0-a82cb2897a8bf9445d68dcc2be05af89ad4b2fda1fddb2952693be7cd5353ad3:generic-api-key:2586,SD-003/SD-004
Gitleaks,history,generic-api-key,carcaça/SmartScreen/RemoteData/edgeSettings_2.0-a82cb2897a8bf9445d68dcc2be05af89ad4b2fda1fddb2952693be7cd5353ad3,2590,16020ca5b0d061509545fb5a06a51f3347cafdbd,16020ca5b0d061509545fb5a06a51f3347cafdbd:carcaça/SmartScreen/RemoteData/edgeSettings_2.0-a82cb2897a8bf9445d68dcc2be05af89ad4b2fda1fddb2952693be7cd5353ad3:generic-api-key:2590,SD-003/SD-004
Gitleaks,history,generic-api-key,carcaça/SmartScreen/RemoteData/edgeSettings_2.0-a82cb2897a8bf9445d68dcc2be05af89ad4b2fda1fddb2952693be7cd5353ad3,2594,16020ca5b0d061509545fb5a06a51f3347cafdbd,16020ca5b0d061509545fb5a06a51f3347cafdbd:carcaça/SmartScreen/RemoteData/edgeSettings_2.0-a82cb2897a8bf9445d68dcc2be05af89ad4b2fda1fddb2952693be7cd5353ad3:generic-api-key:2594,SD-003/SD-004
Gitleaks,history,generic-api-key,carcaça/SmartScreen/RemoteData/edgeSettings_2.0-a82cb2897a8bf9445d68dcc2be05af89ad4b2fda1fddb2952693be7cd5353ad3,2598,16020ca5b0d061509545fb5a06a51f3347cafdbd,16020ca5b0d061509545fb5a06a51f3347cafdbd:carcaça/SmartScreen/RemoteData/edgeSettings_2.0-a82cb2897a8bf9445d68dcc2be05af89ad4b2fda1fddb2952693be7cd5353ad3:generic-api-key:2598,SD-003/SD-004
Gitleaks,history,generic-api-key,carcaça/SmartScreen/RemoteData/edgeSettings_2.0-a82cb2897a8bf9445d68dcc2be05af89ad4b2fda1fddb2952693be7cd5353ad3,2606,16020ca5b0d061509545fb5a06a51f3347cafdbd,16020ca5b0d061509545fb5a06a51f3347cafdbd:carcaça/SmartScreen/RemoteData/edgeSettings_2.0-a82cb2897a8bf9445d68dcc2be05af89ad4b2fda1fddb2952693be7cd5353ad3:generic-api-key:2606,SD-003/SD-004
Gitleaks,history,generic-api-key,carcaça/SmartScreen/RemoteData/edgeSettings_2.0-a82cb2897a8bf9445d68dcc2be05af89ad4b2fda1fddb2952693be7cd5353ad3,2614,16020ca5b0d061509545fb5a06a51f3347cafdbd,16020ca5b0d061509545fb5a06a51f3347cafdbd:carcaça/SmartScreen/RemoteData/edgeSettings_2.0-a82cb2897a8bf9445d68dcc2be05af89ad4b2fda1fddb2952693be7cd5353ad3:generic-api-key:2614,SD-003/SD-004
Gitleaks,history,generic-api-key,carcaça/SmartScreen/RemoteData/edgeSettings_2.0-a82cb2897a8bf9445d68dcc2be05af89ad4b2fda1fddb2952693be7cd5353ad3,2618,16020ca5b0d061509545fb5a06a51f3347cafdbd,16020ca5b0d061509545fb5a06a51f3347cafdbd:carcaça/SmartScreen/RemoteData/edgeSettings_2.0-a82cb2897a8bf9445d68dcc2be05af89ad4b2fda1fddb2952693be7cd5353ad3:generic-api-key:2618,SD-003/SD-004
Gitleaks,history,generic-api-key,carcaça/SmartScreen/RemoteData/edgeSettings_2.0-a82cb2897a8bf9445d68dcc2be05af89ad4b2fda1fddb2952693be7cd5353ad3,2622,16020ca5b0d061509545fb5a06a51f3347cafdbd,16020ca5b0d061509545fb5a06a51f3347cafdbd:carcaça/SmartScreen/RemoteData/edgeSettings_2.0-a82cb2897a8bf9445d68dcc2be05af89ad4b2fda1fddb2952693be7cd5353ad3:generic-api-key:2622,SD-003/SD-004
Gitleaks,history,generic-api-key,carcaça/SmartScreen/RemoteData/edgeSettings_2.0-a82cb2897a8bf9445d68dcc2be05af89ad4b2fda1fddb2952693be7cd5353ad3,2626,16020ca5b0d061509545fb5a06a51f3347cafdbd,16020ca5b0d061509545fb5a06a51f3347cafdbd:carcaça/SmartScreen/RemoteData/edgeSettings_2.0-a82cb2897a8bf9445d68dcc2be05af89ad4b2fda1fddb2952693be7cd5353ad3:generic-api-key:2626,SD-003/SD-004
Gitleaks,history,generic-api-key,carcaça/SmartScreen/RemoteData/edgeSettings_2.0-a82cb2897a8bf9445d68dcc2be05af89ad4b2fda1fddb2952693be7cd5353ad3,2630,16020ca5b0d061509545fb5a06a51f3347cafdbd,16020ca5b0d061509545fb5a06a51f3347cafdbd:carcaça/SmartScreen/RemoteData/edgeSettings_2.0-a82cb2897a8bf9445d68dcc2be05af89ad4b2fda1fddb2952693be7cd5353ad3:generic-api-key:2630,SD-003/SD-004
Gitleaks,history,generic-api-key,carcaça/SmartScreen/RemoteData/edgeSettings_2.0-a82cb2897a8bf9445d68dcc2be05af89ad4b2fda1fddb2952693be7cd5353ad3,2634,16020ca5b0d061509545fb5a06a51f3347cafdbd,16020ca5b0d061509545fb5a06a51f3347cafdbd:carcaça/SmartScreen/RemoteData/edgeSettings_2.0-a82cb2897a8bf9445d68dcc2be05af89ad4b2fda1fddb2952693be7cd5353ad3:generic-api-key:2634,SD-003/SD-004
Gitleaks,history,generic-api-key,carcaça/SmartScreen/RemoteData/edgeSettings_2.0-a82cb2897a8bf9445d68dcc2be05af89ad4b2fda1fddb2952693be7cd5353ad3,2646,16020ca5b0d061509545fb5a06a51f3347cafdbd,16020ca5b0d061509545fb5a06a51f3347cafdbd:carcaça/SmartScreen/RemoteData/edgeSettings_2.0-a82cb2897a8bf9445d68dcc2be05af89ad4b2fda1fddb2952693be7cd5353ad3:generic-api-key:2646,SD-003/SD-004
Gitleaks,history,generic-api-key,carcaça/SmartScreen/RemoteData/edgeSettings_2.0-a82cb2897a8bf9445d68dcc2be05af89ad4b2fda1fddb2952693be7cd5353ad3,2650,16020ca5b0d061509545fb5a06a51f3347cafdbd,16020ca5b0d061509545fb5a06a51f3347cafdbd:carcaça/SmartScreen/RemoteData/edgeSettings_2.0-a82cb2897a8bf9445d68dcc2be05af89ad4b2fda1fddb2952693be7cd5353ad3:generic-api-key:2650,SD-003/SD-004
Gitleaks,history,generic-api-key,carcaça/SmartScreen/RemoteData/edgeSettings_2.0-a82cb2897a8bf9445d68dcc2be05af89ad4b2fda1fddb2952693be7cd5353ad3,2654,16020ca5b0d061509545fb5a06a51f3347cafdbd,16020ca5b0d061509545fb5a06a51f3347cafdbd:carcaça/SmartScreen/RemoteData/edgeSettings_2.0-a82cb2897a8bf9445d68dcc2be05af89ad4b2fda1fddb2952693be7cd5353ad3:generic-api-key:2654,SD-003/SD-004
Gitleaks,history,generic-api-key,carcaça/SmartScreen/RemoteData/edgeSettings_2.0-a82cb2897a8bf9445d68dcc2be05af89ad4b2fda1fddb2952693be7cd5353ad3,2658,16020ca5b0d061509545fb5a06a51f3347cafdbd,16020ca5b0d061509545fb5a06a51f3347cafdbd:carcaça/SmartScreen/RemoteData/edgeSettings_2.0-a82cb2897a8bf9445d68dcc2be05af89ad4b2fda1fddb2952693be7cd5353ad3:generic-api-key:2658,SD-003/SD-004
Gitleaks,history,generic-api-key,carcaça/SmartScreen/RemoteData/edgeSettings_2.0-a82cb2897a8bf9445d68dcc2be05af89ad4b2fda1fddb2952693be7cd5353ad3,2662,16020ca5b0d061509545fb5a06a51f3347cafdbd,16020ca5b0d061509545fb5a06a51f3347cafdbd:carcaça/SmartScreen/RemoteData/edgeSettings_2.0-a82cb2897a8bf9445d68dcc2be05af89ad4b2fda1fddb2952693be7cd5353ad3:generic-api-key:2662,SD-003/SD-004
Gitleaks,history,generic-api-key,carcaça/SmartScreen/RemoteData/edgeSettings_2.0-a82cb2897a8bf9445d68dcc2be05af89ad4b2fda1fddb2952693be7cd5353ad3,2666,16020ca5b0d061509545fb5a06a51f3347cafdbd,16020ca5b0d061509545fb5a06a51f3347cafdbd:carcaça/SmartScreen/RemoteData/edgeSettings_2.0-a82cb2897a8bf9445d68dcc2be05af89ad4b2fda1fddb2952693be7cd5353ad3:generic-api-key:2666,SD-003/SD-004
Gitleaks,history,generic-api-key,carcaça/SmartScreen/RemoteData/edgeSettings_2.0-a82cb2897a8bf9445d68dcc2be05af89ad4b2fda1fddb2952693be7cd5353ad3,2674,16020ca5b0d061509545fb5a06a51f3347cafdbd,16020ca5b0d061509545fb5a06a51f3347cafdbd:carcaça/SmartScreen/RemoteData/edgeSettings_2.0-a82cb2897a8bf9445d68dcc2be05af89ad4b2fda1fddb2952693be7cd5353ad3:generic-api-key:2674,SD-003/SD-004
Gitleaks,history,generic-api-key,carcaça/SmartScreen/RemoteData/edgeSettings_2.0-a82cb2897a8bf9445d68dcc2be05af89ad4b2fda1fddb2952693be7cd5353ad3,2682,16020ca5b0d061509545fb5a06a51f3347cafdbd,16020ca5b0d061509545fb5a06a51f3347cafdbd:carcaça/SmartScreen/RemoteData/edgeSettings_2.0-a82cb2897a8bf9445d68dcc2be05af89ad4b2fda1fddb2952693be7cd5353ad3:generic-api-key:2682,SD-003/SD-004
Gitleaks,history,generic-api-key,carcaça/SmartScreen/RemoteData/edgeSettings_2.0-a82cb2897a8bf9445d68dcc2be05af89ad4b2fda1fddb2952693be7cd5353ad3,2686,16020ca5b0d061509545fb5a06a51f3347cafdbd,16020ca5b0d061509545fb5a06a51f3347cafdbd:carcaça/SmartScreen/RemoteData/edgeSettings_2.0-a82cb2897a8bf9445d68dcc2be05af89ad4b2fda1fddb2952693be7cd5353ad3:generic-api-key:2686,SD-003/SD-004
Gitleaks,history,generic-api-key,carcaça/SmartScreen/RemoteData/edgeSettings_2.0-a82cb2897a8bf9445d68dcc2be05af89ad4b2fda1fddb2952693be7cd5353ad3,2690,16020ca5b0d061509545fb5a06a51f3347cafdbd,16020ca5b0d061509545fb5a06a51f3347cafdbd:carcaça/SmartScreen/RemoteData/edgeSettings_2.0-a82cb2897a8bf9445d68dcc2be05af89ad4b2fda1fddb2952693be7cd5353ad3:generic-api-key:2690,SD-003/SD-004
Gitleaks,history,generic-api-key,carcaça/SmartScreen/RemoteData/edgeSettings_2.0-a82cb2897a8bf9445d68dcc2be05af89ad4b2fda1fddb2952693be7cd5353ad3,2698,16020ca5b0d061509545fb5a06a51f3347cafdbd,16020ca5b0d061509545fb5a06a51f3347cafdbd:carcaça/SmartScreen/RemoteData/edgeSettings_2.0-a82cb2897a8bf9445d68dcc2be05af89ad4b2fda1fddb2952693be7cd5353ad3:generic-api-key:2698,SD-003/SD-004
Gitleaks,history,generic-api-key,carcaça/SmartScreen/RemoteData/edgeSettings_2.0-a82cb2897a8bf9445d68dcc2be05af89ad4b2fda1fddb2952693be7cd5353ad3,2702,16020ca5b0d061509545fb5a06a51f3347cafdbd,16020ca5b0d061509545fb5a06a51f3347cafdbd:carcaça/SmartScreen/RemoteData/edgeSettings_2.0-a82cb2897a8bf9445d68dcc2be05af89ad4b2fda1fddb2952693be7cd5353ad3:generic-api-key:2702,SD-003/SD-004
Gitleaks,history,generic-api-key,carcaça/SmartScreen/RemoteData/edgeSettings_2.0-a82cb2897a8bf9445d68dcc2be05af89ad4b2fda1fddb2952693be7cd5353ad3,2706,16020ca5b0d061509545fb5a06a51f3347cafdbd,16020ca5b0d061509545fb5a06a51f3347cafdbd:carcaça/SmartScreen/RemoteData/edgeSettings_2.0-a82cb2897a8bf9445d68dcc2be05af89ad4b2fda1fddb2952693be7cd5353ad3:generic-api-key:2706,SD-003/SD-004
Gitleaks,history,generic-api-key,carcaça/SmartScreen/RemoteData/edgeSettings_2.0-a82cb2897a8bf9445d68dcc2be05af89ad4b2fda1fddb2952693be7cd5353ad3,2710,16020ca5b0d061509545fb5a06a51f3347cafdbd,16020ca5b0d061509545fb5a06a51f3347cafdbd:carcaça/SmartScreen/RemoteData/edgeSettings_2.0-a82cb2897a8bf9445d68dcc2be05af89ad4b2fda1fddb2952693be7cd5353ad3:generic-api-key:2710,SD-003/SD-004
Gitleaks,history,generic-api-key,carcaça/SmartScreen/RemoteData/edgeSettings_2.0-a82cb2897a8bf9445d68dcc2be05af89ad4b2fda1fddb2952693be7cd5353ad3,2714,16020ca5b0d061509545fb5a06a51f3347cafdbd,16020ca5b0d061509545fb5a06a51f3347cafdbd:carcaça/SmartScreen/RemoteData/edgeSettings_2.0-a82cb2897a8bf9445d68dcc2be05af89ad4b2fda1fddb2952693be7cd5353ad3:generic-api-key:2714,SD-003/SD-004
Gitleaks,history,generic-api-key,carcaça/SmartScreen/RemoteData/edgeSettings_2.0-a82cb2897a8bf9445d68dcc2be05af89ad4b2fda1fddb2952693be7cd5353ad3,2718,16020ca5b0d061509545fb5a06a51f3347cafdbd,16020ca5b0d061509545fb5a06a51f3347cafdbd:carcaça/SmartScreen/RemoteData/edgeSettings_2.0-a82cb2897a8bf9445d68dcc2be05af89ad4b2fda1fddb2952693be7cd5353ad3:generic-api-key:2718,SD-003/SD-004
Gitleaks,history,generic-api-key,carcaça/SmartScreen/RemoteData/edgeSettings_2.0-a82cb2897a8bf9445d68dcc2be05af89ad4b2fda1fddb2952693be7cd5353ad3,2722,16020ca5b0d061509545fb5a06a51f3347cafdbd,16020ca5b0d061509545fb5a06a51f3347cafdbd:carcaça/SmartScreen/RemoteData/edgeSettings_2.0-a82cb2897a8bf9445d68dcc2be05af89ad4b2fda1fddb2952693be7cd5353ad3:generic-api-key:2722,SD-003/SD-004
Gitleaks,history,generic-api-key,carcaça/SmartScreen/RemoteData/edgeSettings_2.0-a82cb2897a8bf9445d68dcc2be05af89ad4b2fda1fddb2952693be7cd5353ad3,2726,16020ca5b0d061509545fb5a06a51f3347cafdbd,16020ca5b0d061509545fb5a06a51f3347cafdbd:carcaça/SmartScreen/RemoteData/edgeSettings_2.0-a82cb2897a8bf9445d68dcc2be05af89ad4b2fda1fddb2952693be7cd5353ad3:generic-api-key:2726,SD-003/SD-004
Gitleaks,history,generic-api-key,carcaça/SmartScreen/RemoteData/edgeSettings_2.0-a82cb2897a8bf9445d68dcc2be05af89ad4b2fda1fddb2952693be7cd5353ad3,2730,16020ca5b0d061509545fb5a06a51f3347cafdbd,16020ca5b0d061509545fb5a06a51f3347cafdbd:carcaça/SmartScreen/RemoteData/edgeSettings_2.0-a82cb2897a8bf9445d68dcc2be05af89ad4b2fda1fddb2952693be7cd5353ad3:generic-api-key:2730,SD-003/SD-004
Gitleaks,history,generic-api-key,carcaça/SmartScreen/RemoteData/edgeSettings_2.0-a82cb2897a8bf9445d68dcc2be05af89ad4b2fda1fddb2952693be7cd5353ad3,2734,16020ca5b0d061509545fb5a06a51f3347cafdbd,16020ca5b0d061509545fb5a06a51f3347cafdbd:carcaça/SmartScreen/RemoteData/edgeSettings_2.0-a82cb2897a8bf9445d68dcc2be05af89ad4b2fda1fddb2952693be7cd5353ad3:generic-api-key:2734,SD-003/SD-004
Gitleaks,history,generic-api-key,carcaça/SmartScreen/RemoteData/edgeSettings_2.0-a82cb2897a8bf9445d68dcc2be05af89ad4b2fda1fddb2952693be7cd5353ad3,2742,16020ca5b0d061509545fb5a06a51f3347cafdbd,16020ca5b0d061509545fb5a06a51f3347cafdbd:carcaça/SmartScreen/RemoteData/edgeSettings_2.0-a82cb2897a8bf9445d68dcc2be05af89ad4b2fda1fddb2952693be7cd5353ad3:generic-api-key:2742,SD-003/SD-004
Gitleaks,history,generic-api-key,carcaça/SmartScreen/RemoteData/edgeSettings_2.0-a82cb2897a8bf9445d68dcc2be05af89ad4b2fda1fddb2952693be7cd5353ad3,2746,16020ca5b0d061509545fb5a06a51f3347cafdbd,16020ca5b0d061509545fb5a06a51f3347cafdbd:carcaça/SmartScreen/RemoteData/edgeSettings_2.0-a82cb2897a8bf9445d68dcc2be05af89ad4b2fda1fddb2952693be7cd5353ad3:generic-api-key:2746,SD-003/SD-004
Gitleaks,history,generic-api-key,carcaça/SmartScreen/RemoteData/edgeSettings_2.0-a82cb2897a8bf9445d68dcc2be05af89ad4b2fda1fddb2952693be7cd5353ad3,2750,16020ca5b0d061509545fb5a06a51f3347cafdbd,16020ca5b0d061509545fb5a06a51f3347cafdbd:carcaça/SmartScreen/RemoteData/edgeSettings_2.0-a82cb2897a8bf9445d68dcc2be05af89ad4b2fda1fddb2952693be7cd5353ad3:generic-api-key:2750,SD-003/SD-004
Gitleaks,history,generic-api-key,carcaça/SmartScreen/RemoteData/edgeSettings_2.0-a82cb2897a8bf9445d68dcc2be05af89ad4b2fda1fddb2952693be7cd5353ad3,2754,16020ca5b0d061509545fb5a06a51f3347cafdbd,16020ca5b0d061509545fb5a06a51f3347cafdbd:carcaça/SmartScreen/RemoteData/edgeSettings_2.0-a82cb2897a8bf9445d68dcc2be05af89ad4b2fda1fddb2952693be7cd5353ad3:generic-api-key:2754,SD-003/SD-004
Gitleaks,history,generic-api-key,carcaça/SmartScreen/RemoteData/edgeSettings_2.0-a82cb2897a8bf9445d68dcc2be05af89ad4b2fda1fddb2952693be7cd5353ad3,2758,16020ca5b0d061509545fb5a06a51f3347cafdbd,16020ca5b0d061509545fb5a06a51f3347cafdbd:carcaça/SmartScreen/RemoteData/edgeSettings_2.0-a82cb2897a8bf9445d68dcc2be05af89ad4b2fda1fddb2952693be7cd5353ad3:generic-api-key:2758,SD-003/SD-004
Gitleaks,history,generic-api-key,carcaça/SmartScreen/RemoteData/edgeSettings_2.0-a82cb2897a8bf9445d68dcc2be05af89ad4b2fda1fddb2952693be7cd5353ad3,2762,16020ca5b0d061509545fb5a06a51f3347cafdbd,16020ca5b0d061509545fb5a06a51f3347cafdbd:carcaça/SmartScreen/RemoteData/edgeSettings_2.0-a82cb2897a8bf9445d68dcc2be05af89ad4b2fda1fddb2952693be7cd5353ad3:generic-api-key:2762,SD-003/SD-004
Gitleaks,history,generic-api-key,carcaça/SmartScreen/RemoteData/edgeSettings_2.0-a82cb2897a8bf9445d68dcc2be05af89ad4b2fda1fddb2952693be7cd5353ad3,2766,16020ca5b0d061509545fb5a06a51f3347cafdbd,16020ca5b0d061509545fb5a06a51f3347cafdbd:carcaça/SmartScreen/RemoteData/edgeSettings_2.0-a82cb2897a8bf9445d68dcc2be05af89ad4b2fda1fddb2952693be7cd5353ad3:generic-api-key:2766,SD-003/SD-004
Gitleaks,history,generic-api-key,carcaça/SmartScreen/RemoteData/edgeSettings_2.0-a82cb2897a8bf9445d68dcc2be05af89ad4b2fda1fddb2952693be7cd5353ad3,2770,16020ca5b0d061509545fb5a06a51f3347cafdbd,16020ca5b0d061509545fb5a06a51f3347cafdbd:carcaça/SmartScreen/RemoteData/edgeSettings_2.0-a82cb2897a8bf9445d68dcc2be05af89ad4b2fda1fddb2952693be7cd5353ad3:generic-api-key:2770,SD-003/SD-004
Gitleaks,history,generic-api-key,carcaça/SmartScreen/RemoteData/edgeSettings_2.0-a82cb2897a8bf9445d68dcc2be05af89ad4b2fda1fddb2952693be7cd5353ad3,2778,16020ca5b0d061509545fb5a06a51f3347cafdbd,16020ca5b0d061509545fb5a06a51f3347cafdbd:carcaça/SmartScreen/RemoteData/edgeSettings_2.0-a82cb2897a8bf9445d68dcc2be05af89ad4b2fda1fddb2952693be7cd5353ad3:generic-api-key:2778,SD-003/SD-004
Gitleaks,history,generic-api-key,carcaça/SmartScreen/RemoteData/edgeSettings_2.0-a82cb2897a8bf9445d68dcc2be05af89ad4b2fda1fddb2952693be7cd5353ad3,2794,16020ca5b0d061509545fb5a06a51f3347cafdbd,16020ca5b0d061509545fb5a06a51f3347cafdbd:carcaça/SmartScreen/RemoteData/edgeSettings_2.0-a82cb2897a8bf9445d68dcc2be05af89ad4b2fda1fddb2952693be7cd5353ad3:generic-api-key:2794,SD-003/SD-004
Gitleaks,history,generic-api-key,carcaça/SmartScreen/RemoteData/edgeSettings_2.0-a82cb2897a8bf9445d68dcc2be05af89ad4b2fda1fddb2952693be7cd5353ad3,2798,16020ca5b0d061509545fb5a06a51f3347cafdbd,16020ca5b0d061509545fb5a06a51f3347cafdbd:carcaça/SmartScreen/RemoteData/edgeSettings_2.0-a82cb2897a8bf9445d68dcc2be05af89ad4b2fda1fddb2952693be7cd5353ad3:generic-api-key:2798,SD-003/SD-004
Gitleaks,history,generic-api-key,carcaça/SmartScreen/RemoteData/edgeSettings_2.0-a82cb2897a8bf9445d68dcc2be05af89ad4b2fda1fddb2952693be7cd5353ad3,2806,16020ca5b0d061509545fb5a06a51f3347cafdbd,16020ca5b0d061509545fb5a06a51f3347cafdbd:carcaça/SmartScreen/RemoteData/edgeSettings_2.0-a82cb2897a8bf9445d68dcc2be05af89ad4b2fda1fddb2952693be7cd5353ad3:generic-api-key:2806,SD-003/SD-004
Gitleaks,history,generic-api-key,carcaça/SmartScreen/RemoteData/edgeSettings_2.0-a82cb2897a8bf9445d68dcc2be05af89ad4b2fda1fddb2952693be7cd5353ad3,2810,16020ca5b0d061509545fb5a06a51f3347cafdbd,16020ca5b0d061509545fb5a06a51f3347cafdbd:carcaça/SmartScreen/RemoteData/edgeSettings_2.0-a82cb2897a8bf9445d68dcc2be05af89ad4b2fda1fddb2952693be7cd5353ad3:generic-api-key:2810,SD-003/SD-004
Gitleaks,history,generic-api-key,carcaça/SmartScreen/RemoteData/edgeSettings_2.0-a82cb2897a8bf9445d68dcc2be05af89ad4b2fda1fddb2952693be7cd5353ad3,2818,16020ca5b0d061509545fb5a06a51f3347cafdbd,16020ca5b0d061509545fb5a06a51f3347cafdbd:carcaça/SmartScreen/RemoteData/edgeSettings_2.0-a82cb2897a8bf9445d68dcc2be05af89ad4b2fda1fddb2952693be7cd5353ad3:generic-api-key:2818,SD-003/SD-004
Gitleaks,history,generic-api-key,carcaça/SmartScreen/RemoteData/edgeSettings_2.0-a82cb2897a8bf9445d68dcc2be05af89ad4b2fda1fddb2952693be7cd5353ad3,2822,16020ca5b0d061509545fb5a06a51f3347cafdbd,16020ca5b0d061509545fb5a06a51f3347cafdbd:carcaça/SmartScreen/RemoteData/edgeSettings_2.0-a82cb2897a8bf9445d68dcc2be05af89ad4b2fda1fddb2952693be7cd5353ad3:generic-api-key:2822,SD-003/SD-004
Gitleaks,history,generic-api-key,carcaça/SmartScreen/RemoteData/edgeSettings_2.0-a82cb2897a8bf9445d68dcc2be05af89ad4b2fda1fddb2952693be7cd5353ad3,2826,16020ca5b0d061509545fb5a06a51f3347cafdbd,16020ca5b0d061509545fb5a06a51f3347cafdbd:carcaça/SmartScreen/RemoteData/edgeSettings_2.0-a82cb2897a8bf9445d68dcc2be05af89ad4b2fda1fddb2952693be7cd5353ad3:generic-api-key:2826,SD-003/SD-004
Gitleaks,history,generic-api-key,carcaça/SmartScreen/RemoteData/edgeSettings_2.0-a82cb2897a8bf9445d68dcc2be05af89ad4b2fda1fddb2952693be7cd5353ad3,2830,16020ca5b0d061509545fb5a06a51f3347cafdbd,16020ca5b0d061509545fb5a06a51f3347cafdbd:carcaça/SmartScreen/RemoteData/edgeSettings_2.0-a82cb2897a8bf9445d68dcc2be05af89ad4b2fda1fddb2952693be7cd5353ad3:generic-api-key:2830,SD-003/SD-004
Gitleaks,history,generic-api-key,carcaça/SmartScreen/RemoteData/edgeSettings_2.0-a82cb2897a8bf9445d68dcc2be05af89ad4b2fda1fddb2952693be7cd5353ad3,2834,16020ca5b0d061509545fb5a06a51f3347cafdbd,16020ca5b0d061509545fb5a06a51f3347cafdbd:carcaça/SmartScreen/RemoteData/edgeSettings_2.0-a82cb2897a8bf9445d68dcc2be05af89ad4b2fda1fddb2952693be7cd5353ad3:generic-api-key:2834,SD-003/SD-004
Gitleaks,history,generic-api-key,carcaça/SmartScreen/RemoteData/edgeSettings_2.0-a82cb2897a8bf9445d68dcc2be05af89ad4b2fda1fddb2952693be7cd5353ad3,2838,16020ca5b0d061509545fb5a06a51f3347cafdbd,16020ca5b0d061509545fb5a06a51f3347cafdbd:carcaça/SmartScreen/RemoteData/edgeSettings_2.0-a82cb2897a8bf9445d68dcc2be05af89ad4b2fda1fddb2952693be7cd5353ad3:generic-api-key:2838,SD-003/SD-004
Gitleaks,history,generic-api-key,carcaça/SmartScreen/RemoteData/edgeSettings_2.0-a82cb2897a8bf9445d68dcc2be05af89ad4b2fda1fddb2952693be7cd5353ad3,2842,16020ca5b0d061509545fb5a06a51f3347cafdbd,16020ca5b0d061509545fb5a06a51f3347cafdbd:carcaça/SmartScreen/RemoteData/edgeSettings_2.0-a82cb2897a8bf9445d68dcc2be05af89ad4b2fda1fddb2952693be7cd5353ad3:generic-api-key:2842,SD-003/SD-004
Gitleaks,history,generic-api-key,carcaça/SmartScreen/RemoteData/edgeSettings_2.0-a82cb2897a8bf9445d68dcc2be05af89ad4b2fda1fddb2952693be7cd5353ad3,2846,16020ca5b0d061509545fb5a06a51f3347cafdbd,16020ca5b0d061509545fb5a06a51f3347cafdbd:carcaça/SmartScreen/RemoteData/edgeSettings_2.0-a82cb2897a8bf9445d68dcc2be05af89ad4b2fda1fddb2952693be7cd5353ad3:generic-api-key:2846,SD-003/SD-004
Gitleaks,history,generic-api-key,carcaça/SmartScreen/RemoteData/edgeSettings_2.0-a82cb2897a8bf9445d68dcc2be05af89ad4b2fda1fddb2952693be7cd5353ad3,2850,16020ca5b0d061509545fb5a06a51f3347cafdbd,16020ca5b0d061509545fb5a06a51f3347cafdbd:carcaça/SmartScreen/RemoteData/edgeSettings_2.0-a82cb2897a8bf9445d68dcc2be05af89ad4b2fda1fddb2952693be7cd5353ad3:generic-api-key:2850,SD-003/SD-004
Gitleaks,history,generic-api-key,carcaça/SmartScreen/RemoteData/edgeSettings_2.0-a82cb2897a8bf9445d68dcc2be05af89ad4b2fda1fddb2952693be7cd5353ad3,2854,16020ca5b0d061509545fb5a06a51f3347cafdbd,16020ca5b0d061509545fb5a06a51f3347cafdbd:carcaça/SmartScreen/RemoteData/edgeSettings_2.0-a82cb2897a8bf9445d68dcc2be05af89ad4b2fda1fddb2952693be7cd5353ad3:generic-api-key:2854,SD-003/SD-004
Gitleaks,history,generic-api-key,carcaça/SmartScreen/RemoteData/edgeSettings_2.0-a82cb2897a8bf9445d68dcc2be05af89ad4b2fda1fddb2952693be7cd5353ad3,2858,16020ca5b0d061509545fb5a06a51f3347cafdbd,16020ca5b0d061509545fb5a06a51f3347cafdbd:carcaça/SmartScreen/RemoteData/edgeSettings_2.0-a82cb2897a8bf9445d68dcc2be05af89ad4b2fda1fddb2952693be7cd5353ad3:generic-api-key:2858,SD-003/SD-004
Gitleaks,history,generic-api-key,carcaça/SmartScreen/RemoteData/edgeSettings_2.0-a82cb2897a8bf9445d68dcc2be05af89ad4b2fda1fddb2952693be7cd5353ad3,2862,16020ca5b0d061509545fb5a06a51f3347cafdbd,16020ca5b0d061509545fb5a06a51f3347cafdbd:carcaça/SmartScreen/RemoteData/edgeSettings_2.0-a82cb2897a8bf9445d68dcc2be05af89ad4b2fda1fddb2952693be7cd5353ad3:generic-api-key:2862,SD-003/SD-004
Gitleaks,history,generic-api-key,carcaça/SmartScreen/RemoteData/edgeSettings_2.0-a82cb2897a8bf9445d68dcc2be05af89ad4b2fda1fddb2952693be7cd5353ad3,2866,16020ca5b0d061509545fb5a06a51f3347cafdbd,16020ca5b0d061509545fb5a06a51f3347cafdbd:carcaça/SmartScreen/RemoteData/edgeSettings_2.0-a82cb2897a8bf9445d68dcc2be05af89ad4b2fda1fddb2952693be7cd5353ad3:generic-api-key:2866,SD-003/SD-004
Gitleaks,history,generic-api-key,carcaça/SmartScreen/RemoteData/edgeSettings_2.0-a82cb2897a8bf9445d68dcc2be05af89ad4b2fda1fddb2952693be7cd5353ad3,2870,16020ca5b0d061509545fb5a06a51f3347cafdbd,16020ca5b0d061509545fb5a06a51f3347cafdbd:carcaça/SmartScreen/RemoteData/edgeSettings_2.0-a82cb2897a8bf9445d68dcc2be05af89ad4b2fda1fddb2952693be7cd5353ad3:generic-api-key:2870,SD-003/SD-004
Gitleaks,history,generic-api-key,carcaça/SmartScreen/RemoteData/edgeSettings_2.0-a82cb2897a8bf9445d68dcc2be05af89ad4b2fda1fddb2952693be7cd5353ad3,2874,16020ca5b0d061509545fb5a06a51f3347cafdbd,16020ca5b0d061509545fb5a06a51f3347cafdbd:carcaça/SmartScreen/RemoteData/edgeSettings_2.0-a82cb2897a8bf9445d68dcc2be05af89ad4b2fda1fddb2952693be7cd5353ad3:generic-api-key:2874,SD-003/SD-004
Gitleaks,history,generic-api-key,carcaça/SmartScreen/RemoteData/edgeSettings_2.0-a82cb2897a8bf9445d68dcc2be05af89ad4b2fda1fddb2952693be7cd5353ad3,2878,16020ca5b0d061509545fb5a06a51f3347cafdbd,16020ca5b0d061509545fb5a06a51f3347cafdbd:carcaça/SmartScreen/RemoteData/edgeSettings_2.0-a82cb2897a8bf9445d68dcc2be05af89ad4b2fda1fddb2952693be7cd5353ad3:generic-api-key:2878,SD-003/SD-004
Gitleaks,history,generic-api-key,carcaça/SmartScreen/RemoteData/edgeSettings_2.0-a82cb2897a8bf9445d68dcc2be05af89ad4b2fda1fddb2952693be7cd5353ad3,2882,16020ca5b0d061509545fb5a06a51f3347cafdbd,16020ca5b0d061509545fb5a06a51f3347cafdbd:carcaça/SmartScreen/RemoteData/edgeSettings_2.0-a82cb2897a8bf9445d68dcc2be05af89ad4b2fda1fddb2952693be7cd5353ad3:generic-api-key:2882,SD-003/SD-004
Gitleaks,history,generic-api-key,carcaça/SmartScreen/RemoteData/edgeSettings_2.0-a82cb2897a8bf9445d68dcc2be05af89ad4b2fda1fddb2952693be7cd5353ad3,2886,16020ca5b0d061509545fb5a06a51f3347cafdbd,16020ca5b0d061509545fb5a06a51f3347cafdbd:carcaça/SmartScreen/RemoteData/edgeSettings_2.0-a82cb2897a8bf9445d68dcc2be05af89ad4b2fda1fddb2952693be7cd5353ad3:generic-api-key:2886,SD-003/SD-004
Gitleaks,history,generic-api-key,carcaça/SmartScreen/RemoteData/edgeSettings_2.0-a82cb2897a8bf9445d68dcc2be05af89ad4b2fda1fddb2952693be7cd5353ad3,2890,16020ca5b0d061509545fb5a06a51f3347cafdbd,16020ca5b0d061509545fb5a06a51f3347cafdbd:carcaça/SmartScreen/RemoteData/edgeSettings_2.0-a82cb2897a8bf9445d68dcc2be05af89ad4b2fda1fddb2952693be7cd5353ad3:generic-api-key:2890,SD-003/SD-004
Gitleaks,history,generic-api-key,carcaça/SmartScreen/RemoteData/edgeSettings_2.0-a82cb2897a8bf9445d68dcc2be05af89ad4b2fda1fddb2952693be7cd5353ad3,2894,16020ca5b0d061509545fb5a06a51f3347cafdbd,16020ca5b0d061509545fb5a06a51f3347cafdbd:carcaça/SmartScreen/RemoteData/edgeSettings_2.0-a82cb2897a8bf9445d68dcc2be05af89ad4b2fda1fddb2952693be7cd5353ad3:generic-api-key:2894,SD-003/SD-004
Gitleaks,history,generic-api-key,carcaça/SmartScreen/RemoteData/edgeSettings_2.0-a82cb2897a8bf9445d68dcc2be05af89ad4b2fda1fddb2952693be7cd5353ad3,2898,16020ca5b0d061509545fb5a06a51f3347cafdbd,16020ca5b0d061509545fb5a06a51f3347cafdbd:carcaça/SmartScreen/RemoteData/edgeSettings_2.0-a82cb2897a8bf9445d68dcc2be05af89ad4b2fda1fddb2952693be7cd5353ad3:generic-api-key:2898,SD-003/SD-004
Gitleaks,history,generic-api-key,carcaça/SmartScreen/RemoteData/edgeSettings_2.0-a82cb2897a8bf9445d68dcc2be05af89ad4b2fda1fddb2952693be7cd5353ad3,2906,16020ca5b0d061509545fb5a06a51f3347cafdbd,16020ca5b0d061509545fb5a06a51f3347cafdbd:carcaça/SmartScreen/RemoteData/edgeSettings_2.0-a82cb2897a8bf9445d68dcc2be05af89ad4b2fda1fddb2952693be7cd5353ad3:generic-api-key:2906,SD-003/SD-004
Gitleaks,history,generic-api-key,carcaça/SmartScreen/RemoteData/edgeSettings_2.0-a82cb2897a8bf9445d68dcc2be05af89ad4b2fda1fddb2952693be7cd5353ad3,2910,16020ca5b0d061509545fb5a06a51f3347cafdbd,16020ca5b0d061509545fb5a06a51f3347cafdbd:carcaça/SmartScreen/RemoteData/edgeSettings_2.0-a82cb2897a8bf9445d68dcc2be05af89ad4b2fda1fddb2952693be7cd5353ad3:generic-api-key:2910,SD-003/SD-004
Gitleaks,history,generic-api-key,carcaça/SmartScreen/RemoteData/edgeSettings_2.0-a82cb2897a8bf9445d68dcc2be05af89ad4b2fda1fddb2952693be7cd5353ad3,2914,16020ca5b0d061509545fb5a06a51f3347cafdbd,16020ca5b0d061509545fb5a06a51f3347cafdbd:carcaça/SmartScreen/RemoteData/edgeSettings_2.0-a82cb2897a8bf9445d68dcc2be05af89ad4b2fda1fddb2952693be7cd5353ad3:generic-api-key:2914,SD-003/SD-004
Gitleaks,history,generic-api-key,carcaça/SmartScreen/RemoteData/edgeSettings_2.0-a82cb2897a8bf9445d68dcc2be05af89ad4b2fda1fddb2952693be7cd5353ad3,2918,16020ca5b0d061509545fb5a06a51f3347cafdbd,16020ca5b0d061509545fb5a06a51f3347cafdbd:carcaça/SmartScreen/RemoteData/edgeSettings_2.0-a82cb2897a8bf9445d68dcc2be05af89ad4b2fda1fddb2952693be7cd5353ad3:generic-api-key:2918,SD-003/SD-004
Gitleaks,history,generic-api-key,carcaça/SmartScreen/RemoteData/edgeSettings_2.0-a82cb2897a8bf9445d68dcc2be05af89ad4b2fda1fddb2952693be7cd5353ad3,2922,16020ca5b0d061509545fb5a06a51f3347cafdbd,16020ca5b0d061509545fb5a06a51f3347cafdbd:carcaça/SmartScreen/RemoteData/edgeSettings_2.0-a82cb2897a8bf9445d68dcc2be05af89ad4b2fda1fddb2952693be7cd5353ad3:generic-api-key:2922,SD-003/SD-004
Gitleaks,history,generic-api-key,carcaça/SmartScreen/RemoteData/edgeSettings_2.0-a82cb2897a8bf9445d68dcc2be05af89ad4b2fda1fddb2952693be7cd5353ad3,2926,16020ca5b0d061509545fb5a06a51f3347cafdbd,16020ca5b0d061509545fb5a06a51f3347cafdbd:carcaça/SmartScreen/RemoteData/edgeSettings_2.0-a82cb2897a8bf9445d68dcc2be05af89ad4b2fda1fddb2952693be7cd5353ad3:generic-api-key:2926,SD-003/SD-004
Gitleaks,history,generic-api-key,carcaça/SmartScreen/RemoteData/edgeSettings_2.0-a82cb2897a8bf9445d68dcc2be05af89ad4b2fda1fddb2952693be7cd5353ad3,2930,16020ca5b0d061509545fb5a06a51f3347cafdbd,16020ca5b0d061509545fb5a06a51f3347cafdbd:carcaça/SmartScreen/RemoteData/edgeSettings_2.0-a82cb2897a8bf9445d68dcc2be05af89ad4b2fda1fddb2952693be7cd5353ad3:generic-api-key:2930,SD-003/SD-004
Gitleaks,history,generic-api-key,carcaça/SmartScreen/RemoteData/edgeSettings_2.0-a82cb2897a8bf9445d68dcc2be05af89ad4b2fda1fddb2952693be7cd5353ad3,2934,16020ca5b0d061509545fb5a06a51f3347cafdbd,16020ca5b0d061509545fb5a06a51f3347cafdbd:carcaça/SmartScreen/RemoteData/edgeSettings_2.0-a82cb2897a8bf9445d68dcc2be05af89ad4b2fda1fddb2952693be7cd5353ad3:generic-api-key:2934,SD-003/SD-004
Gitleaks,history,generic-api-key,carcaça/SmartScreen/RemoteData/edgeSettings_2.0-a82cb2897a8bf9445d68dcc2be05af89ad4b2fda1fddb2952693be7cd5353ad3,2942,16020ca5b0d061509545fb5a06a51f3347cafdbd,16020ca5b0d061509545fb5a06a51f3347cafdbd:carcaça/SmartScreen/RemoteData/edgeSettings_2.0-a82cb2897a8bf9445d68dcc2be05af89ad4b2fda1fddb2952693be7cd5353ad3:generic-api-key:2942,SD-003/SD-004
Gitleaks,history,generic-api-key,carcaça/SmartScreen/RemoteData/edgeSettings_2.0-a82cb2897a8bf9445d68dcc2be05af89ad4b2fda1fddb2952693be7cd5353ad3,2946,16020ca5b0d061509545fb5a06a51f3347cafdbd,16020ca5b0d061509545fb5a06a51f3347cafdbd:carcaça/SmartScreen/RemoteData/edgeSettings_2.0-a82cb2897a8bf9445d68dcc2be05af89ad4b2fda1fddb2952693be7cd5353ad3:generic-api-key:2946,SD-003/SD-004
Gitleaks,history,generic-api-key,carcaça/SmartScreen/RemoteData/edgeSettings_2.0-a82cb2897a8bf9445d68dcc2be05af89ad4b2fda1fddb2952693be7cd5353ad3,2950,16020ca5b0d061509545fb5a06a51f3347cafdbd,16020ca5b0d061509545fb5a06a51f3347cafdbd:carcaça/SmartScreen/RemoteData/edgeSettings_2.0-a82cb2897a8bf9445d68dcc2be05af89ad4b2fda1fddb2952693be7cd5353ad3:generic-api-key:2950,SD-003/SD-004
Gitleaks,history,generic-api-key,carcaça/SmartScreen/RemoteData/edgeSettings_2.0-a82cb2897a8bf9445d68dcc2be05af89ad4b2fda1fddb2952693be7cd5353ad3,2958,16020ca5b0d061509545fb5a06a51f3347cafdbd,16020ca5b0d061509545fb5a06a51f3347cafdbd:carcaça/SmartScreen/RemoteData/edgeSettings_2.0-a82cb2897a8bf9445d68dcc2be05af89ad4b2fda1fddb2952693be7cd5353ad3:generic-api-key:2958,SD-003/SD-004
Gitleaks,history,generic-api-key,carcaça/SmartScreen/RemoteData/edgeSettings_2.0-a82cb2897a8bf9445d68dcc2be05af89ad4b2fda1fddb2952693be7cd5353ad3,2962,16020ca5b0d061509545fb5a06a51f3347cafdbd,16020ca5b0d061509545fb5a06a51f3347cafdbd:carcaça/SmartScreen/RemoteData/edgeSettings_2.0-a82cb2897a8bf9445d68dcc2be05af89ad4b2fda1fddb2952693be7cd5353ad3:generic-api-key:2962,SD-003/SD-004
Gitleaks,history,generic-api-key,carcaça/SmartScreen/RemoteData/edgeSettings_2.0-a82cb2897a8bf9445d68dcc2be05af89ad4b2fda1fddb2952693be7cd5353ad3,2966,16020ca5b0d061509545fb5a06a51f3347cafdbd,16020ca5b0d061509545fb5a06a51f3347cafdbd:carcaça/SmartScreen/RemoteData/edgeSettings_2.0-a82cb2897a8bf9445d68dcc2be05af89ad4b2fda1fddb2952693be7cd5353ad3:generic-api-key:2966,SD-003/SD-004
Gitleaks,history,generic-api-key,carcaça/SmartScreen/RemoteData/edgeSettings_2.0-a82cb2897a8bf9445d68dcc2be05af89ad4b2fda1fddb2952693be7cd5353ad3,2970,16020ca5b0d061509545fb5a06a51f3347cafdbd,16020ca5b0d061509545fb5a06a51f3347cafdbd:carcaça/SmartScreen/RemoteData/edgeSettings_2.0-a82cb2897a8bf9445d68dcc2be05af89ad4b2fda1fddb2952693be7cd5353ad3:generic-api-key:2970,SD-003/SD-004
Gitleaks,history,generic-api-key,carcaça/SmartScreen/RemoteData/edgeSettings_2.0-a82cb2897a8bf9445d68dcc2be05af89ad4b2fda1fddb2952693be7cd5353ad3,2974,16020ca5b0d061509545fb5a06a51f3347cafdbd,16020ca5b0d061509545fb5a06a51f3347cafdbd:carcaça/SmartScreen/RemoteData/edgeSettings_2.0-a82cb2897a8bf9445d68dcc2be05af89ad4b2fda1fddb2952693be7cd5353ad3:generic-api-key:2974,SD-003/SD-004
Gitleaks,history,generic-api-key,carcaça/SmartScreen/RemoteData/edgeSettings_2.0-a82cb2897a8bf9445d68dcc2be05af89ad4b2fda1fddb2952693be7cd5353ad3,2982,16020ca5b0d061509545fb5a06a51f3347cafdbd,16020ca5b0d061509545fb5a06a51f3347cafdbd:carcaça/SmartScreen/RemoteData/edgeSettings_2.0-a82cb2897a8bf9445d68dcc2be05af89ad4b2fda1fddb2952693be7cd5353ad3:generic-api-key:2982,SD-003/SD-004
Gitleaks,history,generic-api-key,carcaça/SmartScreen/RemoteData/edgeSettings_2.0-a82cb2897a8bf9445d68dcc2be05af89ad4b2fda1fddb2952693be7cd5353ad3,2986,16020ca5b0d061509545fb5a06a51f3347cafdbd,16020ca5b0d061509545fb5a06a51f3347cafdbd:carcaça/SmartScreen/RemoteData/edgeSettings_2.0-a82cb2897a8bf9445d68dcc2be05af89ad4b2fda1fddb2952693be7cd5353ad3:generic-api-key:2986,SD-003/SD-004
Gitleaks,history,generic-api-key,carcaça/SmartScreen/RemoteData/edgeSettings_2.0-a82cb2897a8bf9445d68dcc2be05af89ad4b2fda1fddb2952693be7cd5353ad3,2990,16020ca5b0d061509545fb5a06a51f3347cafdbd,16020ca5b0d061509545fb5a06a51f3347cafdbd:carcaça/SmartScreen/RemoteData/edgeSettings_2.0-a82cb2897a8bf9445d68dcc2be05af89ad4b2fda1fddb2952693be7cd5353ad3:generic-api-key:2990,SD-003/SD-004
Gitleaks,history,generic-api-key,carcaça/SmartScreen/RemoteData/edgeSettings_2.0-a82cb2897a8bf9445d68dcc2be05af89ad4b2fda1fddb2952693be7cd5353ad3,2994,16020ca5b0d061509545fb5a06a51f3347cafdbd,16020ca5b0d061509545fb5a06a51f3347cafdbd:carcaça/SmartScreen/RemoteData/edgeSettings_2.0-a82cb2897a8bf9445d68dcc2be05af89ad4b2fda1fddb2952693be7cd5353ad3:generic-api-key:2994,SD-003/SD-004
Gitleaks,history,generic-api-key,carcaça/SmartScreen/RemoteData/edgeSettings_2.0-a82cb2897a8bf9445d68dcc2be05af89ad4b2fda1fddb2952693be7cd5353ad3,2998,16020ca5b0d061509545fb5a06a51f3347cafdbd,16020ca5b0d061509545fb5a06a51f3347cafdbd:carcaça/SmartScreen/RemoteData/edgeSettings_2.0-a82cb2897a8bf9445d68dcc2be05af89ad4b2fda1fddb2952693be7cd5353ad3:generic-api-key:2998,SD-003/SD-004
Gitleaks,history,generic-api-key,carcaça/SmartScreen/RemoteData/edgeSettings_2.0-a82cb2897a8bf9445d68dcc2be05af89ad4b2fda1fddb2952693be7cd5353ad3,3002,16020ca5b0d061509545fb5a06a51f3347cafdbd,16020ca5b0d061509545fb5a06a51f3347cafdbd:carcaça/SmartScreen/RemoteData/edgeSettings_2.0-a82cb2897a8bf9445d68dcc2be05af89ad4b2fda1fddb2952693be7cd5353ad3:generic-api-key:3002,SD-003/SD-004
Gitleaks,history,generic-api-key,carcaça/SmartScreen/RemoteData/edgeSettings_2.0-a82cb2897a8bf9445d68dcc2be05af89ad4b2fda1fddb2952693be7cd5353ad3,3006,16020ca5b0d061509545fb5a06a51f3347cafdbd,16020ca5b0d061509545fb5a06a51f3347cafdbd:carcaça/SmartScreen/RemoteData/edgeSettings_2.0-a82cb2897a8bf9445d68dcc2be05af89ad4b2fda1fddb2952693be7cd5353ad3:generic-api-key:3006,SD-003/SD-004
Gitleaks,history,generic-api-key,carcaça/SmartScreen/RemoteData/edgeSettings_2.0-a82cb2897a8bf9445d68dcc2be05af89ad4b2fda1fddb2952693be7cd5353ad3,3010,16020ca5b0d061509545fb5a06a51f3347cafdbd,16020ca5b0d061509545fb5a06a51f3347cafdbd:carcaça/SmartScreen/RemoteData/edgeSettings_2.0-a82cb2897a8bf9445d68dcc2be05af89ad4b2fda1fddb2952693be7cd5353ad3:generic-api-key:3010,SD-003/SD-004
Gitleaks,history,generic-api-key,carcaça/SmartScreen/RemoteData/edgeSettings_2.0-a82cb2897a8bf9445d68dcc2be05af89ad4b2fda1fddb2952693be7cd5353ad3,3014,16020ca5b0d061509545fb5a06a51f3347cafdbd,16020ca5b0d061509545fb5a06a51f3347cafdbd:carcaça/SmartScreen/RemoteData/edgeSettings_2.0-a82cb2897a8bf9445d68dcc2be05af89ad4b2fda1fddb2952693be7cd5353ad3:generic-api-key:3014,SD-003/SD-004
Gitleaks,history,generic-api-key,carcaça/SmartScreen/RemoteData/edgeSettings_2.0-a82cb2897a8bf9445d68dcc2be05af89ad4b2fda1fddb2952693be7cd5353ad3,3018,16020ca5b0d061509545fb5a06a51f3347cafdbd,16020ca5b0d061509545fb5a06a51f3347cafdbd:carcaça/SmartScreen/RemoteData/edgeSettings_2.0-a82cb2897a8bf9445d68dcc2be05af89ad4b2fda1fddb2952693be7cd5353ad3:generic-api-key:3018,SD-003/SD-004
Gitleaks,history,generic-api-key,carcaça/SmartScreen/RemoteData/edgeSettings_2.0-a82cb2897a8bf9445d68dcc2be05af89ad4b2fda1fddb2952693be7cd5353ad3,3022,16020ca5b0d061509545fb5a06a51f3347cafdbd,16020ca5b0d061509545fb5a06a51f3347cafdbd:carcaça/SmartScreen/RemoteData/edgeSettings_2.0-a82cb2897a8bf9445d68dcc2be05af89ad4b2fda1fddb2952693be7cd5353ad3:generic-api-key:3022,SD-003/SD-004
Gitleaks,history,generic-api-key,carcaça/SmartScreen/RemoteData/edgeSettings_2.0-a82cb2897a8bf9445d68dcc2be05af89ad4b2fda1fddb2952693be7cd5353ad3,3034,16020ca5b0d061509545fb5a06a51f3347cafdbd,16020ca5b0d061509545fb5a06a51f3347cafdbd:carcaça/SmartScreen/RemoteData/edgeSettings_2.0-a82cb2897a8bf9445d68dcc2be05af89ad4b2fda1fddb2952693be7cd5353ad3:generic-api-key:3034,SD-003/SD-004
Gitleaks,history,generic-api-key,carcaça/SmartScreen/RemoteData/edgeSettings_2.0-a82cb2897a8bf9445d68dcc2be05af89ad4b2fda1fddb2952693be7cd5353ad3,3038,16020ca5b0d061509545fb5a06a51f3347cafdbd,16020ca5b0d061509545fb5a06a51f3347cafdbd:carcaça/SmartScreen/RemoteData/edgeSettings_2.0-a82cb2897a8bf9445d68dcc2be05af89ad4b2fda1fddb2952693be7cd5353ad3:generic-api-key:3038,SD-003/SD-004
Gitleaks,history,generic-api-key,carcaça/SmartScreen/RemoteData/edgeSettings_2.0-a82cb2897a8bf9445d68dcc2be05af89ad4b2fda1fddb2952693be7cd5353ad3,3042,16020ca5b0d061509545fb5a06a51f3347cafdbd,16020ca5b0d061509545fb5a06a51f3347cafdbd:carcaça/SmartScreen/RemoteData/edgeSettings_2.0-a82cb2897a8bf9445d68dcc2be05af89ad4b2fda1fddb2952693be7cd5353ad3:generic-api-key:3042,SD-003/SD-004
Gitleaks,history,generic-api-key,carcaça/SmartScreen/RemoteData/edgeSettings_2.0-a82cb2897a8bf9445d68dcc2be05af89ad4b2fda1fddb2952693be7cd5353ad3,3046,16020ca5b0d061509545fb5a06a51f3347cafdbd,16020ca5b0d061509545fb5a06a51f3347cafdbd:carcaça/SmartScreen/RemoteData/edgeSettings_2.0-a82cb2897a8bf9445d68dcc2be05af89ad4b2fda1fddb2952693be7cd5353ad3:generic-api-key:3046,SD-003/SD-004
Gitleaks,history,generic-api-key,carcaça/SmartScreen/RemoteData/edgeSettings_2.0-a82cb2897a8bf9445d68dcc2be05af89ad4b2fda1fddb2952693be7cd5353ad3,3050,16020ca5b0d061509545fb5a06a51f3347cafdbd,16020ca5b0d061509545fb5a06a51f3347cafdbd:carcaça/SmartScreen/RemoteData/edgeSettings_2.0-a82cb2897a8bf9445d68dcc2be05af89ad4b2fda1fddb2952693be7cd5353ad3:generic-api-key:3050,SD-003/SD-004
Gitleaks,history,generic-api-key,carcaça/SmartScreen/RemoteData/edgeSettings_2.0-a82cb2897a8bf9445d68dcc2be05af89ad4b2fda1fddb2952693be7cd5353ad3,3062,16020ca5b0d061509545fb5a06a51f3347cafdbd,16020ca5b0d061509545fb5a06a51f3347cafdbd:carcaça/SmartScreen/RemoteData/edgeSettings_2.0-a82cb2897a8bf9445d68dcc2be05af89ad4b2fda1fddb2952693be7cd5353ad3:generic-api-key:3062,SD-003/SD-004
Gitleaks,history,generic-api-key,carcaça/SmartScreen/RemoteData/edgeSettings_2.0-a82cb2897a8bf9445d68dcc2be05af89ad4b2fda1fddb2952693be7cd5353ad3,3066,16020ca5b0d061509545fb5a06a51f3347cafdbd,16020ca5b0d061509545fb5a06a51f3347cafdbd:carcaça/SmartScreen/RemoteData/edgeSettings_2.0-a82cb2897a8bf9445d68dcc2be05af89ad4b2fda1fddb2952693be7cd5353ad3:generic-api-key:3066,SD-003/SD-004
Gitleaks,history,generic-api-key,carcaça/SmartScreen/RemoteData/edgeSettings_2.0-a82cb2897a8bf9445d68dcc2be05af89ad4b2fda1fddb2952693be7cd5353ad3,3070,16020ca5b0d061509545fb5a06a51f3347cafdbd,16020ca5b0d061509545fb5a06a51f3347cafdbd:carcaça/SmartScreen/RemoteData/edgeSettings_2.0-a82cb2897a8bf9445d68dcc2be05af89ad4b2fda1fddb2952693be7cd5353ad3:generic-api-key:3070,SD-003/SD-004
Gitleaks,history,generic-api-key,carcaça/SmartScreen/RemoteData/edgeSettings_2.0-a82cb2897a8bf9445d68dcc2be05af89ad4b2fda1fddb2952693be7cd5353ad3,3074,16020ca5b0d061509545fb5a06a51f3347cafdbd,16020ca5b0d061509545fb5a06a51f3347cafdbd:carcaça/SmartScreen/RemoteData/edgeSettings_2.0-a82cb2897a8bf9445d68dcc2be05af89ad4b2fda1fddb2952693be7cd5353ad3:generic-api-key:3074,SD-003/SD-004
Gitleaks,history,generic-api-key,carcaça/SmartScreen/RemoteData/edgeSettings_2.0-a82cb2897a8bf9445d68dcc2be05af89ad4b2fda1fddb2952693be7cd5353ad3,3082,16020ca5b0d061509545fb5a06a51f3347cafdbd,16020ca5b0d061509545fb5a06a51f3347cafdbd:carcaça/SmartScreen/RemoteData/edgeSettings_2.0-a82cb2897a8bf9445d68dcc2be05af89ad4b2fda1fddb2952693be7cd5353ad3:generic-api-key:3082,SD-003/SD-004
Gitleaks,history,generic-api-key,carcaça/SmartScreen/RemoteData/edgeSettings_2.0-a82cb2897a8bf9445d68dcc2be05af89ad4b2fda1fddb2952693be7cd5353ad3,3086,16020ca5b0d061509545fb5a06a51f3347cafdbd,16020ca5b0d061509545fb5a06a51f3347cafdbd:carcaça/SmartScreen/RemoteData/edgeSettings_2.0-a82cb2897a8bf9445d68dcc2be05af89ad4b2fda1fddb2952693be7cd5353ad3:generic-api-key:3086,SD-003/SD-004
Gitleaks,history,generic-api-key,carcaça/SmartScreen/RemoteData/edgeSettings_2.0-a82cb2897a8bf9445d68dcc2be05af89ad4b2fda1fddb2952693be7cd5353ad3,3090,16020ca5b0d061509545fb5a06a51f3347cafdbd,16020ca5b0d061509545fb5a06a51f3347cafdbd:carcaça/SmartScreen/RemoteData/edgeSettings_2.0-a82cb2897a8bf9445d68dcc2be05af89ad4b2fda1fddb2952693be7cd5353ad3:generic-api-key:3090,SD-003/SD-004
Gitleaks,history,generic-api-key,carcaça/SmartScreen/RemoteData/edgeSettings_2.0-a82cb2897a8bf9445d68dcc2be05af89ad4b2fda1fddb2952693be7cd5353ad3,3094,16020ca5b0d061509545fb5a06a51f3347cafdbd,16020ca5b0d061509545fb5a06a51f3347cafdbd:carcaça/SmartScreen/RemoteData/edgeSettings_2.0-a82cb2897a8bf9445d68dcc2be05af89ad4b2fda1fddb2952693be7cd5353ad3:generic-api-key:3094,SD-003/SD-004
Gitleaks,history,generic-api-key,carcaça/SmartScreen/RemoteData/edgeSettings_2.0-a82cb2897a8bf9445d68dcc2be05af89ad4b2fda1fddb2952693be7cd5353ad3,3098,16020ca5b0d061509545fb5a06a51f3347cafdbd,16020ca5b0d061509545fb5a06a51f3347cafdbd:carcaça/SmartScreen/RemoteData/edgeSettings_2.0-a82cb2897a8bf9445d68dcc2be05af89ad4b2fda1fddb2952693be7cd5353ad3:generic-api-key:3098,SD-003/SD-004
Gitleaks,history,generic-api-key,carcaça/SmartScreen/RemoteData/edgeSettings_2.0-a82cb2897a8bf9445d68dcc2be05af89ad4b2fda1fddb2952693be7cd5353ad3,3106,16020ca5b0d061509545fb5a06a51f3347cafdbd,16020ca5b0d061509545fb5a06a51f3347cafdbd:carcaça/SmartScreen/RemoteData/edgeSettings_2.0-a82cb2897a8bf9445d68dcc2be05af89ad4b2fda1fddb2952693be7cd5353ad3:generic-api-key:3106,SD-003/SD-004
Gitleaks,history,generic-api-key,carcaça/SmartScreen/RemoteData/edgeSettings_2.0-a82cb2897a8bf9445d68dcc2be05af89ad4b2fda1fddb2952693be7cd5353ad3,3110,16020ca5b0d061509545fb5a06a51f3347cafdbd,16020ca5b0d061509545fb5a06a51f3347cafdbd:carcaça/SmartScreen/RemoteData/edgeSettings_2.0-a82cb2897a8bf9445d68dcc2be05af89ad4b2fda1fddb2952693be7cd5353ad3:generic-api-key:3110,SD-003/SD-004
Gitleaks,history,generic-api-key,carcaça/SmartScreen/RemoteData/edgeSettings_2.0-a82cb2897a8bf9445d68dcc2be05af89ad4b2fda1fddb2952693be7cd5353ad3,3114,16020ca5b0d061509545fb5a06a51f3347cafdbd,16020ca5b0d061509545fb5a06a51f3347cafdbd:carcaça/SmartScreen/RemoteData/edgeSettings_2.0-a82cb2897a8bf9445d68dcc2be05af89ad4b2fda1fddb2952693be7cd5353ad3:generic-api-key:3114,SD-003/SD-004
Gitleaks,history,generic-api-key,carcaça/SmartScreen/RemoteData/edgeSettings_2.0-a82cb2897a8bf9445d68dcc2be05af89ad4b2fda1fddb2952693be7cd5353ad3,3122,16020ca5b0d061509545fb5a06a51f3347cafdbd,16020ca5b0d061509545fb5a06a51f3347cafdbd:carcaça/SmartScreen/RemoteData/edgeSettings_2.0-a82cb2897a8bf9445d68dcc2be05af89ad4b2fda1fddb2952693be7cd5353ad3:generic-api-key:3122,SD-003/SD-004
Gitleaks,history,generic-api-key,carcaça/SmartScreen/RemoteData/edgeSettings_2.0-a82cb2897a8bf9445d68dcc2be05af89ad4b2fda1fddb2952693be7cd5353ad3,3134,16020ca5b0d061509545fb5a06a51f3347cafdbd,16020ca5b0d061509545fb5a06a51f3347cafdbd:carcaça/SmartScreen/RemoteData/edgeSettings_2.0-a82cb2897a8bf9445d68dcc2be05af89ad4b2fda1fddb2952693be7cd5353ad3:generic-api-key:3134,SD-003/SD-004
Gitleaks,history,generic-api-key,carcaça/SmartScreen/RemoteData/edgeSettings_2.0-a82cb2897a8bf9445d68dcc2be05af89ad4b2fda1fddb2952693be7cd5353ad3,3138,16020ca5b0d061509545fb5a06a51f3347cafdbd,16020ca5b0d061509545fb5a06a51f3347cafdbd:carcaça/SmartScreen/RemoteData/edgeSettings_2.0-a82cb2897a8bf9445d68dcc2be05af89ad4b2fda1fddb2952693be7cd5353ad3:generic-api-key:3138,SD-003/SD-004
Gitleaks,history,generic-api-key,carcaça/SmartScreen/RemoteData/edgeSettings_2.0-a82cb2897a8bf9445d68dcc2be05af89ad4b2fda1fddb2952693be7cd5353ad3,3150,16020ca5b0d061509545fb5a06a51f3347cafdbd,16020ca5b0d061509545fb5a06a51f3347cafdbd:carcaça/SmartScreen/RemoteData/edgeSettings_2.0-a82cb2897a8bf9445d68dcc2be05af89ad4b2fda1fddb2952693be7cd5353ad3:generic-api-key:3150,SD-003/SD-004
Gitleaks,history,generic-api-key,carcaça/SmartScreen/RemoteData/edgeSettings_2.0-a82cb2897a8bf9445d68dcc2be05af89ad4b2fda1fddb2952693be7cd5353ad3,3154,16020ca5b0d061509545fb5a06a51f3347cafdbd,16020ca5b0d061509545fb5a06a51f3347cafdbd:carcaça/SmartScreen/RemoteData/edgeSettings_2.0-a82cb2897a8bf9445d68dcc2be05af89ad4b2fda1fddb2952693be7cd5353ad3:generic-api-key:3154,SD-003/SD-004
Gitleaks,history,generic-api-key,carcaça/SmartScreen/RemoteData/edgeSettings_2.0-a82cb2897a8bf9445d68dcc2be05af89ad4b2fda1fddb2952693be7cd5353ad3,3158,16020ca5b0d061509545fb5a06a51f3347cafdbd,16020ca5b0d061509545fb5a06a51f3347cafdbd:carcaça/SmartScreen/RemoteData/edgeSettings_2.0-a82cb2897a8bf9445d68dcc2be05af89ad4b2fda1fddb2952693be7cd5353ad3:generic-api-key:3158,SD-003/SD-004
Gitleaks,history,generic-api-key,carcaça/SmartScreen/RemoteData/edgeSettings_2.0-a82cb2897a8bf9445d68dcc2be05af89ad4b2fda1fddb2952693be7cd5353ad3,3162,16020ca5b0d061509545fb5a06a51f3347cafdbd,16020ca5b0d061509545fb5a06a51f3347cafdbd:carcaça/SmartScreen/RemoteData/edgeSettings_2.0-a82cb2897a8bf9445d68dcc2be05af89ad4b2fda1fddb2952693be7cd5353ad3:generic-api-key:3162,SD-003/SD-004
Gitleaks,history,generic-api-key,carcaça/SmartScreen/RemoteData/edgeSettings_2.0-a82cb2897a8bf9445d68dcc2be05af89ad4b2fda1fddb2952693be7cd5353ad3,3166,16020ca5b0d061509545fb5a06a51f3347cafdbd,16020ca5b0d061509545fb5a06a51f3347cafdbd:carcaça/SmartScreen/RemoteData/edgeSettings_2.0-a82cb2897a8bf9445d68dcc2be05af89ad4b2fda1fddb2952693be7cd5353ad3:generic-api-key:3166,SD-003/SD-004
Gitleaks,history,generic-api-key,carcaça/SmartScreen/RemoteData/edgeSettings_2.0-a82cb2897a8bf9445d68dcc2be05af89ad4b2fda1fddb2952693be7cd5353ad3,3174,16020ca5b0d061509545fb5a06a51f3347cafdbd,16020ca5b0d061509545fb5a06a51f3347cafdbd:carcaça/SmartScreen/RemoteData/edgeSettings_2.0-a82cb2897a8bf9445d68dcc2be05af89ad4b2fda1fddb2952693be7cd5353ad3:generic-api-key:3174,SD-003/SD-004
Gitleaks,history,generic-api-key,carcaça/SmartScreen/RemoteData/edgeSettings_2.0-a82cb2897a8bf9445d68dcc2be05af89ad4b2fda1fddb2952693be7cd5353ad3,3178,16020ca5b0d061509545fb5a06a51f3347cafdbd,16020ca5b0d061509545fb5a06a51f3347cafdbd:carcaça/SmartScreen/RemoteData/edgeSettings_2.0-a82cb2897a8bf9445d68dcc2be05af89ad4b2fda1fddb2952693be7cd5353ad3:generic-api-key:3178,SD-003/SD-004
Gitleaks,history,generic-api-key,carcaça/SmartScreen/RemoteData/edgeSettings_2.0-a82cb2897a8bf9445d68dcc2be05af89ad4b2fda1fddb2952693be7cd5353ad3,3182,16020ca5b0d061509545fb5a06a51f3347cafdbd,16020ca5b0d061509545fb5a06a51f3347cafdbd:carcaça/SmartScreen/RemoteData/edgeSettings_2.0-a82cb2897a8bf9445d68dcc2be05af89ad4b2fda1fddb2952693be7cd5353ad3:generic-api-key:3182,SD-003/SD-004
Gitleaks,history,generic-api-key,carcaça/SmartScreen/RemoteData/edgeSettings_2.0-a82cb2897a8bf9445d68dcc2be05af89ad4b2fda1fddb2952693be7cd5353ad3,3194,16020ca5b0d061509545fb5a06a51f3347cafdbd,16020ca5b0d061509545fb5a06a51f3347cafdbd:carcaça/SmartScreen/RemoteData/edgeSettings_2.0-a82cb2897a8bf9445d68dcc2be05af89ad4b2fda1fddb2952693be7cd5353ad3:generic-api-key:3194,SD-003/SD-004
Gitleaks,history,generic-api-key,carcaça/SmartScreen/RemoteData/edgeSettings_2.0-a82cb2897a8bf9445d68dcc2be05af89ad4b2fda1fddb2952693be7cd5353ad3,3198,16020ca5b0d061509545fb5a06a51f3347cafdbd,16020ca5b0d061509545fb5a06a51f3347cafdbd:carcaça/SmartScreen/RemoteData/edgeSettings_2.0-a82cb2897a8bf9445d68dcc2be05af89ad4b2fda1fddb2952693be7cd5353ad3:generic-api-key:3198,SD-003/SD-004
Gitleaks,history,generic-api-key,carcaça/SmartScreen/RemoteData/edgeSettings_2.0-a82cb2897a8bf9445d68dcc2be05af89ad4b2fda1fddb2952693be7cd5353ad3,3202,16020ca5b0d061509545fb5a06a51f3347cafdbd,16020ca5b0d061509545fb5a06a51f3347cafdbd:carcaça/SmartScreen/RemoteData/edgeSettings_2.0-a82cb2897a8bf9445d68dcc2be05af89ad4b2fda1fddb2952693be7cd5353ad3:generic-api-key:3202,SD-003/SD-004
Gitleaks,history,generic-api-key,carcaça/SmartScreen/RemoteData/edgeSettings_2.0-a82cb2897a8bf9445d68dcc2be05af89ad4b2fda1fddb2952693be7cd5353ad3,3206,16020ca5b0d061509545fb5a06a51f3347cafdbd,16020ca5b0d061509545fb5a06a51f3347cafdbd:carcaça/SmartScreen/RemoteData/edgeSettings_2.0-a82cb2897a8bf9445d68dcc2be05af89ad4b2fda1fddb2952693be7cd5353ad3:generic-api-key:3206,SD-003/SD-004
Gitleaks,history,generic-api-key,carcaça/SmartScreen/RemoteData/edgeSettings_2.0-a82cb2897a8bf9445d68dcc2be05af89ad4b2fda1fddb2952693be7cd5353ad3,3210,16020ca5b0d061509545fb5a06a51f3347cafdbd,16020ca5b0d061509545fb5a06a51f3347cafdbd:carcaça/SmartScreen/RemoteData/edgeSettings_2.0-a82cb2897a8bf9445d68dcc2be05af89ad4b2fda1fddb2952693be7cd5353ad3:generic-api-key:3210,SD-003/SD-004
Gitleaks,history,generic-api-key,carcaça/SmartScreen/RemoteData/edgeSettings_2.0-a82cb2897a8bf9445d68dcc2be05af89ad4b2fda1fddb2952693be7cd5353ad3,3214,16020ca5b0d061509545fb5a06a51f3347cafdbd,16020ca5b0d061509545fb5a06a51f3347cafdbd:carcaça/SmartScreen/RemoteData/edgeSettings_2.0-a82cb2897a8bf9445d68dcc2be05af89ad4b2fda1fddb2952693be7cd5353ad3:generic-api-key:3214,SD-003/SD-004
Gitleaks,history,generic-api-key,carcaça/SmartScreen/RemoteData/edgeSettings_2.0-a82cb2897a8bf9445d68dcc2be05af89ad4b2fda1fddb2952693be7cd5353ad3,3218,16020ca5b0d061509545fb5a06a51f3347cafdbd,16020ca5b0d061509545fb5a06a51f3347cafdbd:carcaça/SmartScreen/RemoteData/edgeSettings_2.0-a82cb2897a8bf9445d68dcc2be05af89ad4b2fda1fddb2952693be7cd5353ad3:generic-api-key:3218,SD-003/SD-004
Gitleaks,history,generic-api-key,carcaça/SmartScreen/RemoteData/edgeSettings_2.0-a82cb2897a8bf9445d68dcc2be05af89ad4b2fda1fddb2952693be7cd5353ad3,3222,16020ca5b0d061509545fb5a06a51f3347cafdbd,16020ca5b0d061509545fb5a06a51f3347cafdbd:carcaça/SmartScreen/RemoteData/edgeSettings_2.0-a82cb2897a8bf9445d68dcc2be05af89ad4b2fda1fddb2952693be7cd5353ad3:generic-api-key:3222,SD-003/SD-004
Gitleaks,history,generic-api-key,carcaça/SmartScreen/RemoteData/edgeSettings_2.0-a82cb2897a8bf9445d68dcc2be05af89ad4b2fda1fddb2952693be7cd5353ad3,3226,16020ca5b0d061509545fb5a06a51f3347cafdbd,16020ca5b0d061509545fb5a06a51f3347cafdbd:carcaça/SmartScreen/RemoteData/edgeSettings_2.0-a82cb2897a8bf9445d68dcc2be05af89ad4b2fda1fddb2952693be7cd5353ad3:generic-api-key:3226,SD-003/SD-004
Gitleaks,history,generic-api-key,carcaça/SmartScreen/RemoteData/edgeSettings_2.0-a82cb2897a8bf9445d68dcc2be05af89ad4b2fda1fddb2952693be7cd5353ad3,3230,16020ca5b0d061509545fb5a06a51f3347cafdbd,16020ca5b0d061509545fb5a06a51f3347cafdbd:carcaça/SmartScreen/RemoteData/edgeSettings_2.0-a82cb2897a8bf9445d68dcc2be05af89ad4b2fda1fddb2952693be7cd5353ad3:generic-api-key:3230,SD-003/SD-004
Gitleaks,history,generic-api-key,carcaça/SmartScreen/RemoteData/edgeSettings_2.0-a82cb2897a8bf9445d68dcc2be05af89ad4b2fda1fddb2952693be7cd5353ad3,3234,16020ca5b0d061509545fb5a06a51f3347cafdbd,16020ca5b0d061509545fb5a06a51f3347cafdbd:carcaça/SmartScreen/RemoteData/edgeSettings_2.0-a82cb2897a8bf9445d68dcc2be05af89ad4b2fda1fddb2952693be7cd5353ad3:generic-api-key:3234,SD-003/SD-004
Gitleaks,history,generic-api-key,carcaça/SmartScreen/RemoteData/edgeSettings_2.0-a82cb2897a8bf9445d68dcc2be05af89ad4b2fda1fddb2952693be7cd5353ad3,3238,16020ca5b0d061509545fb5a06a51f3347cafdbd,16020ca5b0d061509545fb5a06a51f3347cafdbd:carcaça/SmartScreen/RemoteData/edgeSettings_2.0-a82cb2897a8bf9445d68dcc2be05af89ad4b2fda1fddb2952693be7cd5353ad3:generic-api-key:3238,SD-003/SD-004
Gitleaks,history,generic-api-key,carcaça/SmartScreen/RemoteData/edgeSettings_2.0-a82cb2897a8bf9445d68dcc2be05af89ad4b2fda1fddb2952693be7cd5353ad3,3242,16020ca5b0d061509545fb5a06a51f3347cafdbd,16020ca5b0d061509545fb5a06a51f3347cafdbd:carcaça/SmartScreen/RemoteData/edgeSettings_2.0-a82cb2897a8bf9445d68dcc2be05af89ad4b2fda1fddb2952693be7cd5353ad3:generic-api-key:3242,SD-003/SD-004
Gitleaks,history,generic-api-key,carcaça/SmartScreen/RemoteData/edgeSettings_2.0-a82cb2897a8bf9445d68dcc2be05af89ad4b2fda1fddb2952693be7cd5353ad3,3246,16020ca5b0d061509545fb5a06a51f3347cafdbd,16020ca5b0d061509545fb5a06a51f3347cafdbd:carcaça/SmartScreen/RemoteData/edgeSettings_2.0-a82cb2897a8bf9445d68dcc2be05af89ad4b2fda1fddb2952693be7cd5353ad3:generic-api-key:3246,SD-003/SD-004
Gitleaks,history,generic-api-key,carcaça/SmartScreen/RemoteData/edgeSettings_2.0-a82cb2897a8bf9445d68dcc2be05af89ad4b2fda1fddb2952693be7cd5353ad3,3254,16020ca5b0d061509545fb5a06a51f3347cafdbd,16020ca5b0d061509545fb5a06a51f3347cafdbd:carcaça/SmartScreen/RemoteData/edgeSettings_2.0-a82cb2897a8bf9445d68dcc2be05af89ad4b2fda1fddb2952693be7cd5353ad3:generic-api-key:3254,SD-003/SD-004
Gitleaks,history,generic-api-key,carcaça/SmartScreen/RemoteData/edgeSettings_2.0-a82cb2897a8bf9445d68dcc2be05af89ad4b2fda1fddb2952693be7cd5353ad3,3258,16020ca5b0d061509545fb5a06a51f3347cafdbd,16020ca5b0d061509545fb5a06a51f3347cafdbd:carcaça/SmartScreen/RemoteData/edgeSettings_2.0-a82cb2897a8bf9445d68dcc2be05af89ad4b2fda1fddb2952693be7cd5353ad3:generic-api-key:3258,SD-003/SD-004
Gitleaks,history,generic-api-key,carcaça/SmartScreen/RemoteData/edgeSettings_2.0-a82cb2897a8bf9445d68dcc2be05af89ad4b2fda1fddb2952693be7cd5353ad3,3262,16020ca5b0d061509545fb5a06a51f3347cafdbd,16020ca5b0d061509545fb5a06a51f3347cafdbd:carcaça/SmartScreen/RemoteData/edgeSettings_2.0-a82cb2897a8bf9445d68dcc2be05af89ad4b2fda1fddb2952693be7cd5353ad3:generic-api-key:3262,SD-003/SD-004
Gitleaks,history,generic-api-key,carcaça/SmartScreen/RemoteData/edgeSettings_2.0-a82cb2897a8bf9445d68dcc2be05af89ad4b2fda1fddb2952693be7cd5353ad3,3266,16020ca5b0d061509545fb5a06a51f3347cafdbd,16020ca5b0d061509545fb5a06a51f3347cafdbd:carcaça/SmartScreen/RemoteData/edgeSettings_2.0-a82cb2897a8bf9445d68dcc2be05af89ad4b2fda1fddb2952693be7cd5353ad3:generic-api-key:3266,SD-003/SD-004
Gitleaks,history,generic-api-key,carcaça/SmartScreen/RemoteData/edgeSettings_2.0-a82cb2897a8bf9445d68dcc2be05af89ad4b2fda1fddb2952693be7cd5353ad3,3270,16020ca5b0d061509545fb5a06a51f3347cafdbd,16020ca5b0d061509545fb5a06a51f3347cafdbd:carcaça/SmartScreen/RemoteData/edgeSettings_2.0-a82cb2897a8bf9445d68dcc2be05af89ad4b2fda1fddb2952693be7cd5353ad3:generic-api-key:3270,SD-003/SD-004
Gitleaks,history,generic-api-key,carcaça/SmartScreen/RemoteData/edgeSettings_2.0-a82cb2897a8bf9445d68dcc2be05af89ad4b2fda1fddb2952693be7cd5353ad3,3274,16020ca5b0d061509545fb5a06a51f3347cafdbd,16020ca5b0d061509545fb5a06a51f3347cafdbd:carcaça/SmartScreen/RemoteData/edgeSettings_2.0-a82cb2897a8bf9445d68dcc2be05af89ad4b2fda1fddb2952693be7cd5353ad3:generic-api-key:3274,SD-003/SD-004
Gitleaks,history,generic-api-key,carcaça/SmartScreen/RemoteData/edgeSettings_2.0-a82cb2897a8bf9445d68dcc2be05af89ad4b2fda1fddb2952693be7cd5353ad3,3278,16020ca5b0d061509545fb5a06a51f3347cafdbd,16020ca5b0d061509545fb5a06a51f3347cafdbd:carcaça/SmartScreen/RemoteData/edgeSettings_2.0-a82cb2897a8bf9445d68dcc2be05af89ad4b2fda1fddb2952693be7cd5353ad3:generic-api-key:3278,SD-003/SD-004
Gitleaks,history,generic-api-key,carcaça/SmartScreen/RemoteData/edgeSettings_2.0-a82cb2897a8bf9445d68dcc2be05af89ad4b2fda1fddb2952693be7cd5353ad3,3286,16020ca5b0d061509545fb5a06a51f3347cafdbd,16020ca5b0d061509545fb5a06a51f3347cafdbd:carcaça/SmartScreen/RemoteData/edgeSettings_2.0-a82cb2897a8bf9445d68dcc2be05af89ad4b2fda1fddb2952693be7cd5353ad3:generic-api-key:3286,SD-003/SD-004
Gitleaks,history,generic-api-key,carcaça/SmartScreen/RemoteData/edgeSettings_2.0-a82cb2897a8bf9445d68dcc2be05af89ad4b2fda1fddb2952693be7cd5353ad3,3290,16020ca5b0d061509545fb5a06a51f3347cafdbd,16020ca5b0d061509545fb5a06a51f3347cafdbd:carcaça/SmartScreen/RemoteData/edgeSettings_2.0-a82cb2897a8bf9445d68dcc2be05af89ad4b2fda1fddb2952693be7cd5353ad3:generic-api-key:3290,SD-003/SD-004
Gitleaks,history,generic-api-key,carcaça/SmartScreen/RemoteData/edgeSettings_2.0-a82cb2897a8bf9445d68dcc2be05af89ad4b2fda1fddb2952693be7cd5353ad3,3298,16020ca5b0d061509545fb5a06a51f3347cafdbd,16020ca5b0d061509545fb5a06a51f3347cafdbd:carcaça/SmartScreen/RemoteData/edgeSettings_2.0-a82cb2897a8bf9445d68dcc2be05af89ad4b2fda1fddb2952693be7cd5353ad3:generic-api-key:3298,SD-003/SD-004
Gitleaks,history,generic-api-key,carcaça/SmartScreen/RemoteData/edgeSettings_2.0-a82cb2897a8bf9445d68dcc2be05af89ad4b2fda1fddb2952693be7cd5353ad3,3302,16020ca5b0d061509545fb5a06a51f3347cafdbd,16020ca5b0d061509545fb5a06a51f3347cafdbd:carcaça/SmartScreen/RemoteData/edgeSettings_2.0-a82cb2897a8bf9445d68dcc2be05af89ad4b2fda1fddb2952693be7cd5353ad3:generic-api-key:3302,SD-003/SD-004
Gitleaks,history,generic-api-key,carcaça/SmartScreen/RemoteData/edgeSettings_2.0-a82cb2897a8bf9445d68dcc2be05af89ad4b2fda1fddb2952693be7cd5353ad3,3306,16020ca5b0d061509545fb5a06a51f3347cafdbd,16020ca5b0d061509545fb5a06a51f3347cafdbd:carcaça/SmartScreen/RemoteData/edgeSettings_2.0-a82cb2897a8bf9445d68dcc2be05af89ad4b2fda1fddb2952693be7cd5353ad3:generic-api-key:3306,SD-003/SD-004
Gitleaks,history,generic-api-key,carcaça/SmartScreen/RemoteData/edgeSettings_2.0-a82cb2897a8bf9445d68dcc2be05af89ad4b2fda1fddb2952693be7cd5353ad3,3310,16020ca5b0d061509545fb5a06a51f3347cafdbd,16020ca5b0d061509545fb5a06a51f3347cafdbd:carcaça/SmartScreen/RemoteData/edgeSettings_2.0-a82cb2897a8bf9445d68dcc2be05af89ad4b2fda1fddb2952693be7cd5353ad3:generic-api-key:3310,SD-003/SD-004
Gitleaks,history,generic-api-key,carcaça/SmartScreen/RemoteData/edgeSettings_2.0-a82cb2897a8bf9445d68dcc2be05af89ad4b2fda1fddb2952693be7cd5353ad3,3314,16020ca5b0d061509545fb5a06a51f3347cafdbd,16020ca5b0d061509545fb5a06a51f3347cafdbd:carcaça/SmartScreen/RemoteData/edgeSettings_2.0-a82cb2897a8bf9445d68dcc2be05af89ad4b2fda1fddb2952693be7cd5353ad3:generic-api-key:3314,SD-003/SD-004
Gitleaks,history,generic-api-key,carcaça/SmartScreen/RemoteData/edgeSettings_2.0-a82cb2897a8bf9445d68dcc2be05af89ad4b2fda1fddb2952693be7cd5353ad3,3318,16020ca5b0d061509545fb5a06a51f3347cafdbd,16020ca5b0d061509545fb5a06a51f3347cafdbd:carcaça/SmartScreen/RemoteData/edgeSettings_2.0-a82cb2897a8bf9445d68dcc2be05af89ad4b2fda1fddb2952693be7cd5353ad3:generic-api-key:3318,SD-003/SD-004
Gitleaks,history,generic-api-key,carcaça/SmartScreen/RemoteData/edgeSettings_2.0-a82cb2897a8bf9445d68dcc2be05af89ad4b2fda1fddb2952693be7cd5353ad3,3322,16020ca5b0d061509545fb5a06a51f3347cafdbd,16020ca5b0d061509545fb5a06a51f3347cafdbd:carcaça/SmartScreen/RemoteData/edgeSettings_2.0-a82cb2897a8bf9445d68dcc2be05af89ad4b2fda1fddb2952693be7cd5353ad3:generic-api-key:3322,SD-003/SD-004
Gitleaks,history,generic-api-key,carcaça/SmartScreen/RemoteData/edgeSettings_2.0-a82cb2897a8bf9445d68dcc2be05af89ad4b2fda1fddb2952693be7cd5353ad3,3326,16020ca5b0d061509545fb5a06a51f3347cafdbd,16020ca5b0d061509545fb5a06a51f3347cafdbd:carcaça/SmartScreen/RemoteData/edgeSettings_2.0-a82cb2897a8bf9445d68dcc2be05af89ad4b2fda1fddb2952693be7cd5353ad3:generic-api-key:3326,SD-003/SD-004
Gitleaks,history,generic-api-key,carcaça/SmartScreen/RemoteData/edgeSettings_2.0-a82cb2897a8bf9445d68dcc2be05af89ad4b2fda1fddb2952693be7cd5353ad3,3330,16020ca5b0d061509545fb5a06a51f3347cafdbd,16020ca5b0d061509545fb5a06a51f3347cafdbd:carcaça/SmartScreen/RemoteData/edgeSettings_2.0-a82cb2897a8bf9445d68dcc2be05af89ad4b2fda1fddb2952693be7cd5353ad3:generic-api-key:3330,SD-003/SD-004
Gitleaks,history,generic-api-key,carcaça/SmartScreen/RemoteData/edgeSettings_2.0-a82cb2897a8bf9445d68dcc2be05af89ad4b2fda1fddb2952693be7cd5353ad3,3334,16020ca5b0d061509545fb5a06a51f3347cafdbd,16020ca5b0d061509545fb5a06a51f3347cafdbd:carcaça/SmartScreen/RemoteData/edgeSettings_2.0-a82cb2897a8bf9445d68dcc2be05af89ad4b2fda1fddb2952693be7cd5353ad3:generic-api-key:3334,SD-003/SD-004
Gitleaks,history,generic-api-key,carcaça/SmartScreen/RemoteData/edgeSettings_2.0-a82cb2897a8bf9445d68dcc2be05af89ad4b2fda1fddb2952693be7cd5353ad3,3338,16020ca5b0d061509545fb5a06a51f3347cafdbd,16020ca5b0d061509545fb5a06a51f3347cafdbd:carcaça/SmartScreen/RemoteData/edgeSettings_2.0-a82cb2897a8bf9445d68dcc2be05af89ad4b2fda1fddb2952693be7cd5353ad3:generic-api-key:3338,SD-003/SD-004
Gitleaks,history,generic-api-key,carcaça/SmartScreen/RemoteData/edgeSettings_2.0-a82cb2897a8bf9445d68dcc2be05af89ad4b2fda1fddb2952693be7cd5353ad3,3342,16020ca5b0d061509545fb5a06a51f3347cafdbd,16020ca5b0d061509545fb5a06a51f3347cafdbd:carcaça/SmartScreen/RemoteData/edgeSettings_2.0-a82cb2897a8bf9445d68dcc2be05af89ad4b2fda1fddb2952693be7cd5353ad3:generic-api-key:3342,SD-003/SD-004
Gitleaks,history,generic-api-key,carcaça/SmartScreen/RemoteData/edgeSettings_2.0-a82cb2897a8bf9445d68dcc2be05af89ad4b2fda1fddb2952693be7cd5353ad3,3346,16020ca5b0d061509545fb5a06a51f3347cafdbd,16020ca5b0d061509545fb5a06a51f3347cafdbd:carcaça/SmartScreen/RemoteData/edgeSettings_2.0-a82cb2897a8bf9445d68dcc2be05af89ad4b2fda1fddb2952693be7cd5353ad3:generic-api-key:3346,SD-003/SD-004
Gitleaks,history,generic-api-key,carcaça/SmartScreen/RemoteData/edgeSettings_2.0-a82cb2897a8bf9445d68dcc2be05af89ad4b2fda1fddb2952693be7cd5353ad3,3350,16020ca5b0d061509545fb5a06a51f3347cafdbd,16020ca5b0d061509545fb5a06a51f3347cafdbd:carcaça/SmartScreen/RemoteData/edgeSettings_2.0-a82cb2897a8bf9445d68dcc2be05af89ad4b2fda1fddb2952693be7cd5353ad3:generic-api-key:3350,SD-003/SD-004
Gitleaks,history,generic-api-key,carcaça/SmartScreen/RemoteData/edgeSettings_2.0-a82cb2897a8bf9445d68dcc2be05af89ad4b2fda1fddb2952693be7cd5353ad3,3354,16020ca5b0d061509545fb5a06a51f3347cafdbd,16020ca5b0d061509545fb5a06a51f3347cafdbd:carcaça/SmartScreen/RemoteData/edgeSettings_2.0-a82cb2897a8bf9445d68dcc2be05af89ad4b2fda1fddb2952693be7cd5353ad3:generic-api-key:3354,SD-003/SD-004
Gitleaks,history,generic-api-key,carcaça/SmartScreen/RemoteData/edgeSettings_2.0-a82cb2897a8bf9445d68dcc2be05af89ad4b2fda1fddb2952693be7cd5353ad3,3358,16020ca5b0d061509545fb5a06a51f3347cafdbd,16020ca5b0d061509545fb5a06a51f3347cafdbd:carcaça/SmartScreen/RemoteData/edgeSettings_2.0-a82cb2897a8bf9445d68dcc2be05af89ad4b2fda1fddb2952693be7cd5353ad3:generic-api-key:3358,SD-003/SD-004
Gitleaks,history,generic-api-key,carcaça/SmartScreen/RemoteData/edgeSettings_2.0-a82cb2897a8bf9445d68dcc2be05af89ad4b2fda1fddb2952693be7cd5353ad3,3362,16020ca5b0d061509545fb5a06a51f3347cafdbd,16020ca5b0d061509545fb5a06a51f3347cafdbd:carcaça/SmartScreen/RemoteData/edgeSettings_2.0-a82cb2897a8bf9445d68dcc2be05af89ad4b2fda1fddb2952693be7cd5353ad3:generic-api-key:3362,SD-003/SD-004
Gitleaks,history,generic-api-key,carcaça/SmartScreen/RemoteData/edgeSettings_2.0-a82cb2897a8bf9445d68dcc2be05af89ad4b2fda1fddb2952693be7cd5353ad3,3366,16020ca5b0d061509545fb5a06a51f3347cafdbd,16020ca5b0d061509545fb5a06a51f3347cafdbd:carcaça/SmartScreen/RemoteData/edgeSettings_2.0-a82cb2897a8bf9445d68dcc2be05af89ad4b2fda1fddb2952693be7cd5353ad3:generic-api-key:3366,SD-003/SD-004
Gitleaks,history,generic-api-key,carcaça/SmartScreen/RemoteData/edgeSettings_2.0-a82cb2897a8bf9445d68dcc2be05af89ad4b2fda1fddb2952693be7cd5353ad3,3370,16020ca5b0d061509545fb5a06a51f3347cafdbd,16020ca5b0d061509545fb5a06a51f3347cafdbd:carcaça/SmartScreen/RemoteData/edgeSettings_2.0-a82cb2897a8bf9445d68dcc2be05af89ad4b2fda1fddb2952693be7cd5353ad3:generic-api-key:3370,SD-003/SD-004
Gitleaks,history,generic-api-key,carcaça/SmartScreen/RemoteData/edgeSettings_2.0-a82cb2897a8bf9445d68dcc2be05af89ad4b2fda1fddb2952693be7cd5353ad3,3374,16020ca5b0d061509545fb5a06a51f3347cafdbd,16020ca5b0d061509545fb5a06a51f3347cafdbd:carcaça/SmartScreen/RemoteData/edgeSettings_2.0-a82cb2897a8bf9445d68dcc2be05af89ad4b2fda1fddb2952693be7cd5353ad3:generic-api-key:3374,SD-003/SD-004
Gitleaks,history,generic-api-key,carcaça/SmartScreen/RemoteData/edgeSettings_2.0-a82cb2897a8bf9445d68dcc2be05af89ad4b2fda1fddb2952693be7cd5353ad3,3378,16020ca5b0d061509545fb5a06a51f3347cafdbd,16020ca5b0d061509545fb5a06a51f3347cafdbd:carcaça/SmartScreen/RemoteData/edgeSettings_2.0-a82cb2897a8bf9445d68dcc2be05af89ad4b2fda1fddb2952693be7cd5353ad3:generic-api-key:3378,SD-003/SD-004
Gitleaks,history,generic-api-key,carcaça/SmartScreen/RemoteData/edgeSettings_2.0-a82cb2897a8bf9445d68dcc2be05af89ad4b2fda1fddb2952693be7cd5353ad3,3382,16020ca5b0d061509545fb5a06a51f3347cafdbd,16020ca5b0d061509545fb5a06a51f3347cafdbd:carcaça/SmartScreen/RemoteData/edgeSettings_2.0-a82cb2897a8bf9445d68dcc2be05af89ad4b2fda1fddb2952693be7cd5353ad3:generic-api-key:3382,SD-003/SD-004
Gitleaks,history,generic-api-key,carcaça/SmartScreen/RemoteData/edgeSettings_2.0-a82cb2897a8bf9445d68dcc2be05af89ad4b2fda1fddb2952693be7cd5353ad3,3386,16020ca5b0d061509545fb5a06a51f3347cafdbd,16020ca5b0d061509545fb5a06a51f3347cafdbd:carcaça/SmartScreen/RemoteData/edgeSettings_2.0-a82cb2897a8bf9445d68dcc2be05af89ad4b2fda1fddb2952693be7cd5353ad3:generic-api-key:3386,SD-003/SD-004
Gitleaks,history,generic-api-key,carcaça/SmartScreen/RemoteData/edgeSettings_2.0-a82cb2897a8bf9445d68dcc2be05af89ad4b2fda1fddb2952693be7cd5353ad3,3390,16020ca5b0d061509545fb5a06a51f3347cafdbd,16020ca5b0d061509545fb5a06a51f3347cafdbd:carcaça/SmartScreen/RemoteData/edgeSettings_2.0-a82cb2897a8bf9445d68dcc2be05af89ad4b2fda1fddb2952693be7cd5353ad3:generic-api-key:3390,SD-003/SD-004
Gitleaks,history,generic-api-key,carcaça/SmartScreen/RemoteData/edgeSettings_2.0-a82cb2897a8bf9445d68dcc2be05af89ad4b2fda1fddb2952693be7cd5353ad3,3394,16020ca5b0d061509545fb5a06a51f3347cafdbd,16020ca5b0d061509545fb5a06a51f3347cafdbd:carcaça/SmartScreen/RemoteData/edgeSettings_2.0-a82cb2897a8bf9445d68dcc2be05af89ad4b2fda1fddb2952693be7cd5353ad3:generic-api-key:3394,SD-003/SD-004
Gitleaks,history,generic-api-key,carcaça/SmartScreen/RemoteData/edgeSettings_2.0-a82cb2897a8bf9445d68dcc2be05af89ad4b2fda1fddb2952693be7cd5353ad3,3398,16020ca5b0d061509545fb5a06a51f3347cafdbd,16020ca5b0d061509545fb5a06a51f3347cafdbd:carcaça/SmartScreen/RemoteData/edgeSettings_2.0-a82cb2897a8bf9445d68dcc2be05af89ad4b2fda1fddb2952693be7cd5353ad3:generic-api-key:3398,SD-003/SD-004
Gitleaks,history,generic-api-key,carcaça/SmartScreen/RemoteData/edgeSettings_2.0-a82cb2897a8bf9445d68dcc2be05af89ad4b2fda1fddb2952693be7cd5353ad3,3402,16020ca5b0d061509545fb5a06a51f3347cafdbd,16020ca5b0d061509545fb5a06a51f3347cafdbd:carcaça/SmartScreen/RemoteData/edgeSettings_2.0-a82cb2897a8bf9445d68dcc2be05af89ad4b2fda1fddb2952693be7cd5353ad3:generic-api-key:3402,SD-003/SD-004
Gitleaks,history,generic-api-key,carcaça/SmartScreen/RemoteData/edgeSettings_2.0-a82cb2897a8bf9445d68dcc2be05af89ad4b2fda1fddb2952693be7cd5353ad3,3406,16020ca5b0d061509545fb5a06a51f3347cafdbd,16020ca5b0d061509545fb5a06a51f3347cafdbd:carcaça/SmartScreen/RemoteData/edgeSettings_2.0-a82cb2897a8bf9445d68dcc2be05af89ad4b2fda1fddb2952693be7cd5353ad3:generic-api-key:3406,SD-003/SD-004
Gitleaks,history,generic-api-key,carcaça/SmartScreen/RemoteData/edgeSettings_2.0-a82cb2897a8bf9445d68dcc2be05af89ad4b2fda1fddb2952693be7cd5353ad3,3410,16020ca5b0d061509545fb5a06a51f3347cafdbd,16020ca5b0d061509545fb5a06a51f3347cafdbd:carcaça/SmartScreen/RemoteData/edgeSettings_2.0-a82cb2897a8bf9445d68dcc2be05af89ad4b2fda1fddb2952693be7cd5353ad3:generic-api-key:3410,SD-003/SD-004
Gitleaks,history,generic-api-key,carcaça/SmartScreen/RemoteData/edgeSettings_2.0-a82cb2897a8bf9445d68dcc2be05af89ad4b2fda1fddb2952693be7cd5353ad3,3414,16020ca5b0d061509545fb5a06a51f3347cafdbd,16020ca5b0d061509545fb5a06a51f3347cafdbd:carcaça/SmartScreen/RemoteData/edgeSettings_2.0-a82cb2897a8bf9445d68dcc2be05af89ad4b2fda1fddb2952693be7cd5353ad3:generic-api-key:3414,SD-003/SD-004
Gitleaks,history,generic-api-key,carcaça/SmartScreen/RemoteData/edgeSettings_2.0-a82cb2897a8bf9445d68dcc2be05af89ad4b2fda1fddb2952693be7cd5353ad3,3418,16020ca5b0d061509545fb5a06a51f3347cafdbd,16020ca5b0d061509545fb5a06a51f3347cafdbd:carcaça/SmartScreen/RemoteData/edgeSettings_2.0-a82cb2897a8bf9445d68dcc2be05af89ad4b2fda1fddb2952693be7cd5353ad3:generic-api-key:3418,SD-003/SD-004
Gitleaks,history,generic-api-key,carcaça/SmartScreen/RemoteData/edgeSettings_2.0-a82cb2897a8bf9445d68dcc2be05af89ad4b2fda1fddb2952693be7cd5353ad3,3422,16020ca5b0d061509545fb5a06a51f3347cafdbd,16020ca5b0d061509545fb5a06a51f3347cafdbd:carcaça/SmartScreen/RemoteData/edgeSettings_2.0-a82cb2897a8bf9445d68dcc2be05af89ad4b2fda1fddb2952693be7cd5353ad3:generic-api-key:3422,SD-003/SD-004
Gitleaks,history,generic-api-key,carcaça/SmartScreen/RemoteData/edgeSettings_2.0-a82cb2897a8bf9445d68dcc2be05af89ad4b2fda1fddb2952693be7cd5353ad3,3426,16020ca5b0d061509545fb5a06a51f3347cafdbd,16020ca5b0d061509545fb5a06a51f3347cafdbd:carcaça/SmartScreen/RemoteData/edgeSettings_2.0-a82cb2897a8bf9445d68dcc2be05af89ad4b2fda1fddb2952693be7cd5353ad3:generic-api-key:3426,SD-003/SD-004
Gitleaks,history,generic-api-key,carcaça/SmartScreen/RemoteData/edgeSettings_2.0-a82cb2897a8bf9445d68dcc2be05af89ad4b2fda1fddb2952693be7cd5353ad3,3430,16020ca5b0d061509545fb5a06a51f3347cafdbd,16020ca5b0d061509545fb5a06a51f3347cafdbd:carcaça/SmartScreen/RemoteData/edgeSettings_2.0-a82cb2897a8bf9445d68dcc2be05af89ad4b2fda1fddb2952693be7cd5353ad3:generic-api-key:3430,SD-003/SD-004
Gitleaks,history,generic-api-key,carcaça/SmartScreen/RemoteData/edgeSettings_2.0-a82cb2897a8bf9445d68dcc2be05af89ad4b2fda1fddb2952693be7cd5353ad3,3434,16020ca5b0d061509545fb5a06a51f3347cafdbd,16020ca5b0d061509545fb5a06a51f3347cafdbd:carcaça/SmartScreen/RemoteData/edgeSettings_2.0-a82cb2897a8bf9445d68dcc2be05af89ad4b2fda1fddb2952693be7cd5353ad3:generic-api-key:3434,SD-003/SD-004
Gitleaks,history,generic-api-key,carcaça/SmartScreen/RemoteData/edgeSettings_2.0-a82cb2897a8bf9445d68dcc2be05af89ad4b2fda1fddb2952693be7cd5353ad3,3438,16020ca5b0d061509545fb5a06a51f3347cafdbd,16020ca5b0d061509545fb5a06a51f3347cafdbd:carcaça/SmartScreen/RemoteData/edgeSettings_2.0-a82cb2897a8bf9445d68dcc2be05af89ad4b2fda1fddb2952693be7cd5353ad3:generic-api-key:3438,SD-003/SD-004
Gitleaks,history,generic-api-key,carcaça/SmartScreen/RemoteData/edgeSettings_2.0-a82cb2897a8bf9445d68dcc2be05af89ad4b2fda1fddb2952693be7cd5353ad3,3442,16020ca5b0d061509545fb5a06a51f3347cafdbd,16020ca5b0d061509545fb5a06a51f3347cafdbd:carcaça/SmartScreen/RemoteData/edgeSettings_2.0-a82cb2897a8bf9445d68dcc2be05af89ad4b2fda1fddb2952693be7cd5353ad3:generic-api-key:3442,SD-003/SD-004
Gitleaks,history,generic-api-key,carcaça/SmartScreen/RemoteData/edgeSettings_2.0-a82cb2897a8bf9445d68dcc2be05af89ad4b2fda1fddb2952693be7cd5353ad3,3446,16020ca5b0d061509545fb5a06a51f3347cafdbd,16020ca5b0d061509545fb5a06a51f3347cafdbd:carcaça/SmartScreen/RemoteData/edgeSettings_2.0-a82cb2897a8bf9445d68dcc2be05af89ad4b2fda1fddb2952693be7cd5353ad3:generic-api-key:3446,SD-003/SD-004
Gitleaks,history,generic-api-key,carcaça/SmartScreen/RemoteData/edgeSettings_2.0-a82cb2897a8bf9445d68dcc2be05af89ad4b2fda1fddb2952693be7cd5353ad3,3450,16020ca5b0d061509545fb5a06a51f3347cafdbd,16020ca5b0d061509545fb5a06a51f3347cafdbd:carcaça/SmartScreen/RemoteData/edgeSettings_2.0-a82cb2897a8bf9445d68dcc2be05af89ad4b2fda1fddb2952693be7cd5353ad3:generic-api-key:3450,SD-003/SD-004
Gitleaks,history,generic-api-key,carcaça/SmartScreen/RemoteData/edgeSettings_2.0-a82cb2897a8bf9445d68dcc2be05af89ad4b2fda1fddb2952693be7cd5353ad3,3458,16020ca5b0d061509545fb5a06a51f3347cafdbd,16020ca5b0d061509545fb5a06a51f3347cafdbd:carcaça/SmartScreen/RemoteData/edgeSettings_2.0-a82cb2897a8bf9445d68dcc2be05af89ad4b2fda1fddb2952693be7cd5353ad3:generic-api-key:3458,SD-003/SD-004
Gitleaks,history,generic-api-key,carcaça/SmartScreen/RemoteData/edgeSettings_2.0-a82cb2897a8bf9445d68dcc2be05af89ad4b2fda1fddb2952693be7cd5353ad3,3462,16020ca5b0d061509545fb5a06a51f3347cafdbd,16020ca5b0d061509545fb5a06a51f3347cafdbd:carcaça/SmartScreen/RemoteData/edgeSettings_2.0-a82cb2897a8bf9445d68dcc2be05af89ad4b2fda1fddb2952693be7cd5353ad3:generic-api-key:3462,SD-003/SD-004
Gitleaks,history,generic-api-key,carcaça/SmartScreen/RemoteData/edgeSettings_2.0-a82cb2897a8bf9445d68dcc2be05af89ad4b2fda1fddb2952693be7cd5353ad3,3466,16020ca5b0d061509545fb5a06a51f3347cafdbd,16020ca5b0d061509545fb5a06a51f3347cafdbd:carcaça/SmartScreen/RemoteData/edgeSettings_2.0-a82cb2897a8bf9445d68dcc2be05af89ad4b2fda1fddb2952693be7cd5353ad3:generic-api-key:3466,SD-003/SD-004
Gitleaks,history,generic-api-key,carcaça/SmartScreen/RemoteData/edgeSettings_2.0-a82cb2897a8bf9445d68dcc2be05af89ad4b2fda1fddb2952693be7cd5353ad3,3470,16020ca5b0d061509545fb5a06a51f3347cafdbd,16020ca5b0d061509545fb5a06a51f3347cafdbd:carcaça/SmartScreen/RemoteData/edgeSettings_2.0-a82cb2897a8bf9445d68dcc2be05af89ad4b2fda1fddb2952693be7cd5353ad3:generic-api-key:3470,SD-003/SD-004
Gitleaks,history,generic-api-key,carcaça/SmartScreen/RemoteData/edgeSettings_2.0-a82cb2897a8bf9445d68dcc2be05af89ad4b2fda1fddb2952693be7cd5353ad3,3474,16020ca5b0d061509545fb5a06a51f3347cafdbd,16020ca5b0d061509545fb5a06a51f3347cafdbd:carcaça/SmartScreen/RemoteData/edgeSettings_2.0-a82cb2897a8bf9445d68dcc2be05af89ad4b2fda1fddb2952693be7cd5353ad3:generic-api-key:3474,SD-003/SD-004
Gitleaks,history,generic-api-key,carcaça/SmartScreen/RemoteData/edgeSettings_2.0-a82cb2897a8bf9445d68dcc2be05af89ad4b2fda1fddb2952693be7cd5353ad3,3486,16020ca5b0d061509545fb5a06a51f3347cafdbd,16020ca5b0d061509545fb5a06a51f3347cafdbd:carcaça/SmartScreen/RemoteData/edgeSettings_2.0-a82cb2897a8bf9445d68dcc2be05af89ad4b2fda1fddb2952693be7cd5353ad3:generic-api-key:3486,SD-003/SD-004
Gitleaks,history,generic-api-key,carcaça/SmartScreen/RemoteData/edgeSettings_2.0-a82cb2897a8bf9445d68dcc2be05af89ad4b2fda1fddb2952693be7cd5353ad3,3490,16020ca5b0d061509545fb5a06a51f3347cafdbd,16020ca5b0d061509545fb5a06a51f3347cafdbd:carcaça/SmartScreen/RemoteData/edgeSettings_2.0-a82cb2897a8bf9445d68dcc2be05af89ad4b2fda1fddb2952693be7cd5353ad3:generic-api-key:3490,SD-003/SD-004
Gitleaks,history,generic-api-key,carcaça/SmartScreen/RemoteData/edgeSettings_2.0-a82cb2897a8bf9445d68dcc2be05af89ad4b2fda1fddb2952693be7cd5353ad3,3498,16020ca5b0d061509545fb5a06a51f3347cafdbd,16020ca5b0d061509545fb5a06a51f3347cafdbd:carcaça/SmartScreen/RemoteData/edgeSettings_2.0-a82cb2897a8bf9445d68dcc2be05af89ad4b2fda1fddb2952693be7cd5353ad3:generic-api-key:3498,SD-003/SD-004
Gitleaks,history,generic-api-key,carcaça/SmartScreen/RemoteData/edgeSettings_2.0-a82cb2897a8bf9445d68dcc2be05af89ad4b2fda1fddb2952693be7cd5353ad3,3502,16020ca5b0d061509545fb5a06a51f3347cafdbd,16020ca5b0d061509545fb5a06a51f3347cafdbd:carcaça/SmartScreen/RemoteData/edgeSettings_2.0-a82cb2897a8bf9445d68dcc2be05af89ad4b2fda1fddb2952693be7cd5353ad3:generic-api-key:3502,SD-003/SD-004
Gitleaks,history,generic-api-key,carcaça/SmartScreen/RemoteData/edgeSettings_2.0-a82cb2897a8bf9445d68dcc2be05af89ad4b2fda1fddb2952693be7cd5353ad3,3506,16020ca5b0d061509545fb5a06a51f3347cafdbd,16020ca5b0d061509545fb5a06a51f3347cafdbd:carcaça/SmartScreen/RemoteData/edgeSettings_2.0-a82cb2897a8bf9445d68dcc2be05af89ad4b2fda1fddb2952693be7cd5353ad3:generic-api-key:3506,SD-003/SD-004
Gitleaks,history,generic-api-key,carcaça/SmartScreen/RemoteData/edgeSettings_2.0-a82cb2897a8bf9445d68dcc2be05af89ad4b2fda1fddb2952693be7cd5353ad3,3510,16020ca5b0d061509545fb5a06a51f3347cafdbd,16020ca5b0d061509545fb5a06a51f3347cafdbd:carcaça/SmartScreen/RemoteData/edgeSettings_2.0-a82cb2897a8bf9445d68dcc2be05af89ad4b2fda1fddb2952693be7cd5353ad3:generic-api-key:3510,SD-003/SD-004
Gitleaks,history,generic-api-key,carcaça/SmartScreen/RemoteData/edgeSettings_2.0-a82cb2897a8bf9445d68dcc2be05af89ad4b2fda1fddb2952693be7cd5353ad3,3518,16020ca5b0d061509545fb5a06a51f3347cafdbd,16020ca5b0d061509545fb5a06a51f3347cafdbd:carcaça/SmartScreen/RemoteData/edgeSettings_2.0-a82cb2897a8bf9445d68dcc2be05af89ad4b2fda1fddb2952693be7cd5353ad3:generic-api-key:3518,SD-003/SD-004
Gitleaks,history,generic-api-key,carcaça/SmartScreen/RemoteData/edgeSettings_2.0-a82cb2897a8bf9445d68dcc2be05af89ad4b2fda1fddb2952693be7cd5353ad3,3522,16020ca5b0d061509545fb5a06a51f3347cafdbd,16020ca5b0d061509545fb5a06a51f3347cafdbd:carcaça/SmartScreen/RemoteData/edgeSettings_2.0-a82cb2897a8bf9445d68dcc2be05af89ad4b2fda1fddb2952693be7cd5353ad3:generic-api-key:3522,SD-003/SD-004
Gitleaks,history,generic-api-key,carcaça/SmartScreen/RemoteData/edgeSettings_2.0-a82cb2897a8bf9445d68dcc2be05af89ad4b2fda1fddb2952693be7cd5353ad3,3526,16020ca5b0d061509545fb5a06a51f3347cafdbd,16020ca5b0d061509545fb5a06a51f3347cafdbd:carcaça/SmartScreen/RemoteData/edgeSettings_2.0-a82cb2897a8bf9445d68dcc2be05af89ad4b2fda1fddb2952693be7cd5353ad3:generic-api-key:3526,SD-003/SD-004
Gitleaks,history,generic-api-key,carcaça/SmartScreen/RemoteData/edgeSettings_2.0-a82cb2897a8bf9445d68dcc2be05af89ad4b2fda1fddb2952693be7cd5353ad3,3530,16020ca5b0d061509545fb5a06a51f3347cafdbd,16020ca5b0d061509545fb5a06a51f3347cafdbd:carcaça/SmartScreen/RemoteData/edgeSettings_2.0-a82cb2897a8bf9445d68dcc2be05af89ad4b2fda1fddb2952693be7cd5353ad3:generic-api-key:3530,SD-003/SD-004
Gitleaks,history,generic-api-key,carcaça/SmartScreen/RemoteData/edgeSettings_2.0-a82cb2897a8bf9445d68dcc2be05af89ad4b2fda1fddb2952693be7cd5353ad3,3534,16020ca5b0d061509545fb5a06a51f3347cafdbd,16020ca5b0d061509545fb5a06a51f3347cafdbd:carcaça/SmartScreen/RemoteData/edgeSettings_2.0-a82cb2897a8bf9445d68dcc2be05af89ad4b2fda1fddb2952693be7cd5353ad3:generic-api-key:3534,SD-003/SD-004
Gitleaks,history,generic-api-key,carcaça/SmartScreen/RemoteData/edgeSettings_2.0-a82cb2897a8bf9445d68dcc2be05af89ad4b2fda1fddb2952693be7cd5353ad3,3538,16020ca5b0d061509545fb5a06a51f3347cafdbd,16020ca5b0d061509545fb5a06a51f3347cafdbd:carcaça/SmartScreen/RemoteData/edgeSettings_2.0-a82cb2897a8bf9445d68dcc2be05af89ad4b2fda1fddb2952693be7cd5353ad3:generic-api-key:3538,SD-003/SD-004
Gitleaks,history,generic-api-key,carcaça/SmartScreen/RemoteData/edgeSettings_2.0-a82cb2897a8bf9445d68dcc2be05af89ad4b2fda1fddb2952693be7cd5353ad3,3542,16020ca5b0d061509545fb5a06a51f3347cafdbd,16020ca5b0d061509545fb5a06a51f3347cafdbd:carcaça/SmartScreen/RemoteData/edgeSettings_2.0-a82cb2897a8bf9445d68dcc2be05af89ad4b2fda1fddb2952693be7cd5353ad3:generic-api-key:3542,SD-003/SD-004
Gitleaks,history,generic-api-key,carcaça/SmartScreen/RemoteData/edgeSettings_2.0-a82cb2897a8bf9445d68dcc2be05af89ad4b2fda1fddb2952693be7cd5353ad3,3550,16020ca5b0d061509545fb5a06a51f3347cafdbd,16020ca5b0d061509545fb5a06a51f3347cafdbd:carcaça/SmartScreen/RemoteData/edgeSettings_2.0-a82cb2897a8bf9445d68dcc2be05af89ad4b2fda1fddb2952693be7cd5353ad3:generic-api-key:3550,SD-003/SD-004
Gitleaks,history,generic-api-key,carcaça/SmartScreen/RemoteData/edgeSettings_2.0-a82cb2897a8bf9445d68dcc2be05af89ad4b2fda1fddb2952693be7cd5353ad3,3558,16020ca5b0d061509545fb5a06a51f3347cafdbd,16020ca5b0d061509545fb5a06a51f3347cafdbd:carcaça/SmartScreen/RemoteData/edgeSettings_2.0-a82cb2897a8bf9445d68dcc2be05af89ad4b2fda1fddb2952693be7cd5353ad3:generic-api-key:3558,SD-003/SD-004
Gitleaks,history,generic-api-key,carcaça/SmartScreen/RemoteData/edgeSettings_2.0-a82cb2897a8bf9445d68dcc2be05af89ad4b2fda1fddb2952693be7cd5353ad3,3562,16020ca5b0d061509545fb5a06a51f3347cafdbd,16020ca5b0d061509545fb5a06a51f3347cafdbd:carcaça/SmartScreen/RemoteData/edgeSettings_2.0-a82cb2897a8bf9445d68dcc2be05af89ad4b2fda1fddb2952693be7cd5353ad3:generic-api-key:3562,SD-003/SD-004
Gitleaks,history,generic-api-key,carcaça/SmartScreen/RemoteData/edgeSettings_2.0-a82cb2897a8bf9445d68dcc2be05af89ad4b2fda1fddb2952693be7cd5353ad3,3566,16020ca5b0d061509545fb5a06a51f3347cafdbd,16020ca5b0d061509545fb5a06a51f3347cafdbd:carcaça/SmartScreen/RemoteData/edgeSettings_2.0-a82cb2897a8bf9445d68dcc2be05af89ad4b2fda1fddb2952693be7cd5353ad3:generic-api-key:3566,SD-003/SD-004
Gitleaks,history,generic-api-key,carcaça/SmartScreen/RemoteData/edgeSettings_2.0-a82cb2897a8bf9445d68dcc2be05af89ad4b2fda1fddb2952693be7cd5353ad3,3570,16020ca5b0d061509545fb5a06a51f3347cafdbd,16020ca5b0d061509545fb5a06a51f3347cafdbd:carcaça/SmartScreen/RemoteData/edgeSettings_2.0-a82cb2897a8bf9445d68dcc2be05af89ad4b2fda1fddb2952693be7cd5353ad3:generic-api-key:3570,SD-003/SD-004
Gitleaks,history,generic-api-key,carcaça/SmartScreen/RemoteData/edgeSettings_2.0-a82cb2897a8bf9445d68dcc2be05af89ad4b2fda1fddb2952693be7cd5353ad3,3574,16020ca5b0d061509545fb5a06a51f3347cafdbd,16020ca5b0d061509545fb5a06a51f3347cafdbd:carcaça/SmartScreen/RemoteData/edgeSettings_2.0-a82cb2897a8bf9445d68dcc2be05af89ad4b2fda1fddb2952693be7cd5353ad3:generic-api-key:3574,SD-003/SD-004
Gitleaks,history,generic-api-key,carcaça/SmartScreen/RemoteData/edgeSettings_2.0-a82cb2897a8bf9445d68dcc2be05af89ad4b2fda1fddb2952693be7cd5353ad3,3578,16020ca5b0d061509545fb5a06a51f3347cafdbd,16020ca5b0d061509545fb5a06a51f3347cafdbd:carcaça/SmartScreen/RemoteData/edgeSettings_2.0-a82cb2897a8bf9445d68dcc2be05af89ad4b2fda1fddb2952693be7cd5353ad3:generic-api-key:3578,SD-003/SD-004
Gitleaks,history,generic-api-key,carcaça/SmartScreen/RemoteData/edgeSettings_2.0-a82cb2897a8bf9445d68dcc2be05af89ad4b2fda1fddb2952693be7cd5353ad3,3582,16020ca5b0d061509545fb5a06a51f3347cafdbd,16020ca5b0d061509545fb5a06a51f3347cafdbd:carcaça/SmartScreen/RemoteData/edgeSettings_2.0-a82cb2897a8bf9445d68dcc2be05af89ad4b2fda1fddb2952693be7cd5353ad3:generic-api-key:3582,SD-003/SD-004
Gitleaks,history,generic-api-key,carcaça/SmartScreen/RemoteData/edgeSettings_2.0-a82cb2897a8bf9445d68dcc2be05af89ad4b2fda1fddb2952693be7cd5353ad3,3586,16020ca5b0d061509545fb5a06a51f3347cafdbd,16020ca5b0d061509545fb5a06a51f3347cafdbd:carcaça/SmartScreen/RemoteData/edgeSettings_2.0-a82cb2897a8bf9445d68dcc2be05af89ad4b2fda1fddb2952693be7cd5353ad3:generic-api-key:3586,SD-003/SD-004
Gitleaks,history,generic-api-key,carcaça/SmartScreen/RemoteData/edgeSettings_2.0-a82cb2897a8bf9445d68dcc2be05af89ad4b2fda1fddb2952693be7cd5353ad3,3590,16020ca5b0d061509545fb5a06a51f3347cafdbd,16020ca5b0d061509545fb5a06a51f3347cafdbd:carcaça/SmartScreen/RemoteData/edgeSettings_2.0-a82cb2897a8bf9445d68dcc2be05af89ad4b2fda1fddb2952693be7cd5353ad3:generic-api-key:3590,SD-003/SD-004
Gitleaks,history,generic-api-key,carcaça/SmartScreen/RemoteData/edgeSettings_2.0-a82cb2897a8bf9445d68dcc2be05af89ad4b2fda1fddb2952693be7cd5353ad3,3594,16020ca5b0d061509545fb5a06a51f3347cafdbd,16020ca5b0d061509545fb5a06a51f3347cafdbd:carcaça/SmartScreen/RemoteData/edgeSettings_2.0-a82cb2897a8bf9445d68dcc2be05af89ad4b2fda1fddb2952693be7cd5353ad3:generic-api-key:3594,SD-003/SD-004
Gitleaks,history,generic-api-key,carcaça/SmartScreen/RemoteData/edgeSettings_2.0-a82cb2897a8bf9445d68dcc2be05af89ad4b2fda1fddb2952693be7cd5353ad3,3598,16020ca5b0d061509545fb5a06a51f3347cafdbd,16020ca5b0d061509545fb5a06a51f3347cafdbd:carcaça/SmartScreen/RemoteData/edgeSettings_2.0-a82cb2897a8bf9445d68dcc2be05af89ad4b2fda1fddb2952693be7cd5353ad3:generic-api-key:3598,SD-003/SD-004
Gitleaks,history,generic-api-key,carcaça/SmartScreen/RemoteData/edgeSettings_2.0-a82cb2897a8bf9445d68dcc2be05af89ad4b2fda1fddb2952693be7cd5353ad3,3602,16020ca5b0d061509545fb5a06a51f3347cafdbd,16020ca5b0d061509545fb5a06a51f3347cafdbd:carcaça/SmartScreen/RemoteData/edgeSettings_2.0-a82cb2897a8bf9445d68dcc2be05af89ad4b2fda1fddb2952693be7cd5353ad3:generic-api-key:3602,SD-003/SD-004
Gitleaks,history,generic-api-key,carcaça/SmartScreen/RemoteData/edgeSettings_2.0-a82cb2897a8bf9445d68dcc2be05af89ad4b2fda1fddb2952693be7cd5353ad3,3606,16020ca5b0d061509545fb5a06a51f3347cafdbd,16020ca5b0d061509545fb5a06a51f3347cafdbd:carcaça/SmartScreen/RemoteData/edgeSettings_2.0-a82cb2897a8bf9445d68dcc2be05af89ad4b2fda1fddb2952693be7cd5353ad3:generic-api-key:3606,SD-003/SD-004
Gitleaks,history,generic-api-key,carcaça/SmartScreen/RemoteData/edgeSettings_2.0-a82cb2897a8bf9445d68dcc2be05af89ad4b2fda1fddb2952693be7cd5353ad3,3610,16020ca5b0d061509545fb5a06a51f3347cafdbd,16020ca5b0d061509545fb5a06a51f3347cafdbd:carcaça/SmartScreen/RemoteData/edgeSettings_2.0-a82cb2897a8bf9445d68dcc2be05af89ad4b2fda1fddb2952693be7cd5353ad3:generic-api-key:3610,SD-003/SD-004
Gitleaks,history,generic-api-key,carcaça/SmartScreen/RemoteData/edgeSettings_2.0-a82cb2897a8bf9445d68dcc2be05af89ad4b2fda1fddb2952693be7cd5353ad3,3614,16020ca5b0d061509545fb5a06a51f3347cafdbd,16020ca5b0d061509545fb5a06a51f3347cafdbd:carcaça/SmartScreen/RemoteData/edgeSettings_2.0-a82cb2897a8bf9445d68dcc2be05af89ad4b2fda1fddb2952693be7cd5353ad3:generic-api-key:3614,SD-003/SD-004
Gitleaks,history,generic-api-key,carcaça/SmartScreen/RemoteData/edgeSettings_2.0-a82cb2897a8bf9445d68dcc2be05af89ad4b2fda1fddb2952693be7cd5353ad3,3618,16020ca5b0d061509545fb5a06a51f3347cafdbd,16020ca5b0d061509545fb5a06a51f3347cafdbd:carcaça/SmartScreen/RemoteData/edgeSettings_2.0-a82cb2897a8bf9445d68dcc2be05af89ad4b2fda1fddb2952693be7cd5353ad3:generic-api-key:3618,SD-003/SD-004
Gitleaks,history,generic-api-key,carcaça/SmartScreen/RemoteData/edgeSettings_2.0-a82cb2897a8bf9445d68dcc2be05af89ad4b2fda1fddb2952693be7cd5353ad3,3622,16020ca5b0d061509545fb5a06a51f3347cafdbd,16020ca5b0d061509545fb5a06a51f3347cafdbd:carcaça/SmartScreen/RemoteData/edgeSettings_2.0-a82cb2897a8bf9445d68dcc2be05af89ad4b2fda1fddb2952693be7cd5353ad3:generic-api-key:3622,SD-003/SD-004
Gitleaks,history,generic-api-key,carcaça/SmartScreen/RemoteData/edgeSettings_2.0-a82cb2897a8bf9445d68dcc2be05af89ad4b2fda1fddb2952693be7cd5353ad3,3630,16020ca5b0d061509545fb5a06a51f3347cafdbd,16020ca5b0d061509545fb5a06a51f3347cafdbd:carcaça/SmartScreen/RemoteData/edgeSettings_2.0-a82cb2897a8bf9445d68dcc2be05af89ad4b2fda1fddb2952693be7cd5353ad3:generic-api-key:3630,SD-003/SD-004
Gitleaks,history,generic-api-key,carcaça/SmartScreen/RemoteData/edgeSettings_2.0-a82cb2897a8bf9445d68dcc2be05af89ad4b2fda1fddb2952693be7cd5353ad3,3634,16020ca5b0d061509545fb5a06a51f3347cafdbd,16020ca5b0d061509545fb5a06a51f3347cafdbd:carcaça/SmartScreen/RemoteData/edgeSettings_2.0-a82cb2897a8bf9445d68dcc2be05af89ad4b2fda1fddb2952693be7cd5353ad3:generic-api-key:3634,SD-003/SD-004
Gitleaks,history,generic-api-key,carcaça/SmartScreen/RemoteData/edgeSettings_2.0-a82cb2897a8bf9445d68dcc2be05af89ad4b2fda1fddb2952693be7cd5353ad3,3638,16020ca5b0d061509545fb5a06a51f3347cafdbd,16020ca5b0d061509545fb5a06a51f3347cafdbd:carcaça/SmartScreen/RemoteData/edgeSettings_2.0-a82cb2897a8bf9445d68dcc2be05af89ad4b2fda1fddb2952693be7cd5353ad3:generic-api-key:3638,SD-003/SD-004
Gitleaks,history,generic-api-key,carcaça/SmartScreen/RemoteData/edgeSettings_2.0-a82cb2897a8bf9445d68dcc2be05af89ad4b2fda1fddb2952693be7cd5353ad3,3650,16020ca5b0d061509545fb5a06a51f3347cafdbd,16020ca5b0d061509545fb5a06a51f3347cafdbd:carcaça/SmartScreen/RemoteData/edgeSettings_2.0-a82cb2897a8bf9445d68dcc2be05af89ad4b2fda1fddb2952693be7cd5353ad3:generic-api-key:3650,SD-003/SD-004
Gitleaks,history,generic-api-key,carcaça/SmartScreen/RemoteData/edgeSettings_2.0-a82cb2897a8bf9445d68dcc2be05af89ad4b2fda1fddb2952693be7cd5353ad3,3654,16020ca5b0d061509545fb5a06a51f3347cafdbd,16020ca5b0d061509545fb5a06a51f3347cafdbd:carcaça/SmartScreen/RemoteData/edgeSettings_2.0-a82cb2897a8bf9445d68dcc2be05af89ad4b2fda1fddb2952693be7cd5353ad3:generic-api-key:3654,SD-003/SD-004
Gitleaks,history,generic-api-key,carcaça/SmartScreen/RemoteData/edgeSettings_2.0-a82cb2897a8bf9445d68dcc2be05af89ad4b2fda1fddb2952693be7cd5353ad3,3662,16020ca5b0d061509545fb5a06a51f3347cafdbd,16020ca5b0d061509545fb5a06a51f3347cafdbd:carcaça/SmartScreen/RemoteData/edgeSettings_2.0-a82cb2897a8bf9445d68dcc2be05af89ad4b2fda1fddb2952693be7cd5353ad3:generic-api-key:3662,SD-003/SD-004
Gitleaks,history,generic-api-key,carcaça/SmartScreen/RemoteData/edgeSettings_2.0-a82cb2897a8bf9445d68dcc2be05af89ad4b2fda1fddb2952693be7cd5353ad3,3666,16020ca5b0d061509545fb5a06a51f3347cafdbd,16020ca5b0d061509545fb5a06a51f3347cafdbd:carcaça/SmartScreen/RemoteData/edgeSettings_2.0-a82cb2897a8bf9445d68dcc2be05af89ad4b2fda1fddb2952693be7cd5353ad3:generic-api-key:3666,SD-003/SD-004
Gitleaks,history,generic-api-key,carcaça/SmartScreen/RemoteData/edgeSettings_2.0-a82cb2897a8bf9445d68dcc2be05af89ad4b2fda1fddb2952693be7cd5353ad3,3670,16020ca5b0d061509545fb5a06a51f3347cafdbd,16020ca5b0d061509545fb5a06a51f3347cafdbd:carcaça/SmartScreen/RemoteData/edgeSettings_2.0-a82cb2897a8bf9445d68dcc2be05af89ad4b2fda1fddb2952693be7cd5353ad3:generic-api-key:3670,SD-003/SD-004
Gitleaks,history,generic-api-key,carcaça/SmartScreen/RemoteData/edgeSettings_2.0-a82cb2897a8bf9445d68dcc2be05af89ad4b2fda1fddb2952693be7cd5353ad3,3678,16020ca5b0d061509545fb5a06a51f3347cafdbd,16020ca5b0d061509545fb5a06a51f3347cafdbd:carcaça/SmartScreen/RemoteData/edgeSettings_2.0-a82cb2897a8bf9445d68dcc2be05af89ad4b2fda1fddb2952693be7cd5353ad3:generic-api-key:3678,SD-003/SD-004
Gitleaks,history,generic-api-key,carcaça/SmartScreen/RemoteData/edgeSettings_2.0-a82cb2897a8bf9445d68dcc2be05af89ad4b2fda1fddb2952693be7cd5353ad3,3682,16020ca5b0d061509545fb5a06a51f3347cafdbd,16020ca5b0d061509545fb5a06a51f3347cafdbd:carcaça/SmartScreen/RemoteData/edgeSettings_2.0-a82cb2897a8bf9445d68dcc2be05af89ad4b2fda1fddb2952693be7cd5353ad3:generic-api-key:3682,SD-003/SD-004
Gitleaks,history,generic-api-key,carcaça/SmartScreen/RemoteData/edgeSettings_2.0-a82cb2897a8bf9445d68dcc2be05af89ad4b2fda1fddb2952693be7cd5353ad3,3690,16020ca5b0d061509545fb5a06a51f3347cafdbd,16020ca5b0d061509545fb5a06a51f3347cafdbd:carcaça/SmartScreen/RemoteData/edgeSettings_2.0-a82cb2897a8bf9445d68dcc2be05af89ad4b2fda1fddb2952693be7cd5353ad3:generic-api-key:3690,SD-003/SD-004
Gitleaks,history,generic-api-key,carcaça/SmartScreen/RemoteData/edgeSettings_2.0-a82cb2897a8bf9445d68dcc2be05af89ad4b2fda1fddb2952693be7cd5353ad3,3694,16020ca5b0d061509545fb5a06a51f3347cafdbd,16020ca5b0d061509545fb5a06a51f3347cafdbd:carcaça/SmartScreen/RemoteData/edgeSettings_2.0-a82cb2897a8bf9445d68dcc2be05af89ad4b2fda1fddb2952693be7cd5353ad3:generic-api-key:3694,SD-003/SD-004
Gitleaks,history,generic-api-key,carcaça/SmartScreen/RemoteData/edgeSettings_2.0-a82cb2897a8bf9445d68dcc2be05af89ad4b2fda1fddb2952693be7cd5353ad3,3698,16020ca5b0d061509545fb5a06a51f3347cafdbd,16020ca5b0d061509545fb5a06a51f3347cafdbd:carcaça/SmartScreen/RemoteData/edgeSettings_2.0-a82cb2897a8bf9445d68dcc2be05af89ad4b2fda1fddb2952693be7cd5353ad3:generic-api-key:3698,SD-003/SD-004
Gitleaks,history,generic-api-key,carcaça/SmartScreen/RemoteData/edgeSettings_2.0-a82cb2897a8bf9445d68dcc2be05af89ad4b2fda1fddb2952693be7cd5353ad3,3702,16020ca5b0d061509545fb5a06a51f3347cafdbd,16020ca5b0d061509545fb5a06a51f3347cafdbd:carcaça/SmartScreen/RemoteData/edgeSettings_2.0-a82cb2897a8bf9445d68dcc2be05af89ad4b2fda1fddb2952693be7cd5353ad3:generic-api-key:3702,SD-003/SD-004
Gitleaks,history,generic-api-key,carcaça/SmartScreen/RemoteData/edgeSettings_2.0-a82cb2897a8bf9445d68dcc2be05af89ad4b2fda1fddb2952693be7cd5353ad3,3706,16020ca5b0d061509545fb5a06a51f3347cafdbd,16020ca5b0d061509545fb5a06a51f3347cafdbd:carcaça/SmartScreen/RemoteData/edgeSettings_2.0-a82cb2897a8bf9445d68dcc2be05af89ad4b2fda1fddb2952693be7cd5353ad3:generic-api-key:3706,SD-003/SD-004
Gitleaks,history,generic-api-key,carcaça/SmartScreen/RemoteData/edgeSettings_2.0-a82cb2897a8bf9445d68dcc2be05af89ad4b2fda1fddb2952693be7cd5353ad3,3710,16020ca5b0d061509545fb5a06a51f3347cafdbd,16020ca5b0d061509545fb5a06a51f3347cafdbd:carcaça/SmartScreen/RemoteData/edgeSettings_2.0-a82cb2897a8bf9445d68dcc2be05af89ad4b2fda1fddb2952693be7cd5353ad3:generic-api-key:3710,SD-003/SD-004
Gitleaks,history,generic-api-key,carcaça/SmartScreen/RemoteData/edgeSettings_2.0-a82cb2897a8bf9445d68dcc2be05af89ad4b2fda1fddb2952693be7cd5353ad3,3714,16020ca5b0d061509545fb5a06a51f3347cafdbd,16020ca5b0d061509545fb5a06a51f3347cafdbd:carcaça/SmartScreen/RemoteData/edgeSettings_2.0-a82cb2897a8bf9445d68dcc2be05af89ad4b2fda1fddb2952693be7cd5353ad3:generic-api-key:3714,SD-003/SD-004
Gitleaks,history,generic-api-key,carcaça/SmartScreen/RemoteData/edgeSettings_2.0-a82cb2897a8bf9445d68dcc2be05af89ad4b2fda1fddb2952693be7cd5353ad3,3722,16020ca5b0d061509545fb5a06a51f3347cafdbd,16020ca5b0d061509545fb5a06a51f3347cafdbd:carcaça/SmartScreen/RemoteData/edgeSettings_2.0-a82cb2897a8bf9445d68dcc2be05af89ad4b2fda1fddb2952693be7cd5353ad3:generic-api-key:3722,SD-003/SD-004
Gitleaks,history,generic-api-key,carcaça/SmartScreen/RemoteData/edgeSettings_2.0-a82cb2897a8bf9445d68dcc2be05af89ad4b2fda1fddb2952693be7cd5353ad3,3726,16020ca5b0d061509545fb5a06a51f3347cafdbd,16020ca5b0d061509545fb5a06a51f3347cafdbd:carcaça/SmartScreen/RemoteData/edgeSettings_2.0-a82cb2897a8bf9445d68dcc2be05af89ad4b2fda1fddb2952693be7cd5353ad3:generic-api-key:3726,SD-003/SD-004
Gitleaks,history,generic-api-key,carcaça/SmartScreen/RemoteData/edgeSettings_2.0-a82cb2897a8bf9445d68dcc2be05af89ad4b2fda1fddb2952693be7cd5353ad3,3734,16020ca5b0d061509545fb5a06a51f3347cafdbd,16020ca5b0d061509545fb5a06a51f3347cafdbd:carcaça/SmartScreen/RemoteData/edgeSettings_2.0-a82cb2897a8bf9445d68dcc2be05af89ad4b2fda1fddb2952693be7cd5353ad3:generic-api-key:3734,SD-003/SD-004
Gitleaks,history,generic-api-key,carcaça/SmartScreen/RemoteData/edgeSettings_2.0-a82cb2897a8bf9445d68dcc2be05af89ad4b2fda1fddb2952693be7cd5353ad3,3738,16020ca5b0d061509545fb5a06a51f3347cafdbd,16020ca5b0d061509545fb5a06a51f3347cafdbd:carcaça/SmartScreen/RemoteData/edgeSettings_2.0-a82cb2897a8bf9445d68dcc2be05af89ad4b2fda1fddb2952693be7cd5353ad3:generic-api-key:3738,SD-003/SD-004
Gitleaks,history,generic-api-key,carcaça/SmartScreen/RemoteData/edgeSettings_2.0-a82cb2897a8bf9445d68dcc2be05af89ad4b2fda1fddb2952693be7cd5353ad3,3742,16020ca5b0d061509545fb5a06a51f3347cafdbd,16020ca5b0d061509545fb5a06a51f3347cafdbd:carcaça/SmartScreen/RemoteData/edgeSettings_2.0-a82cb2897a8bf9445d68dcc2be05af89ad4b2fda1fddb2952693be7cd5353ad3:generic-api-key:3742,SD-003/SD-004
Gitleaks,history,generic-api-key,carcaça/SmartScreen/RemoteData/edgeSettings_2.0-a82cb2897a8bf9445d68dcc2be05af89ad4b2fda1fddb2952693be7cd5353ad3,3746,16020ca5b0d061509545fb5a06a51f3347cafdbd,16020ca5b0d061509545fb5a06a51f3347cafdbd:carcaça/SmartScreen/RemoteData/edgeSettings_2.0-a82cb2897a8bf9445d68dcc2be05af89ad4b2fda1fddb2952693be7cd5353ad3:generic-api-key:3746,SD-003/SD-004
Gitleaks,history,generic-api-key,carcaça/SmartScreen/RemoteData/edgeSettings_2.0-a82cb2897a8bf9445d68dcc2be05af89ad4b2fda1fddb2952693be7cd5353ad3,3750,16020ca5b0d061509545fb5a06a51f3347cafdbd,16020ca5b0d061509545fb5a06a51f3347cafdbd:carcaça/SmartScreen/RemoteData/edgeSettings_2.0-a82cb2897a8bf9445d68dcc2be05af89ad4b2fda1fddb2952693be7cd5353ad3:generic-api-key:3750,SD-003/SD-004
Gitleaks,history,generic-api-key,carcaça/SmartScreen/RemoteData/edgeSettings_2.0-a82cb2897a8bf9445d68dcc2be05af89ad4b2fda1fddb2952693be7cd5353ad3,3754,16020ca5b0d061509545fb5a06a51f3347cafdbd,16020ca5b0d061509545fb5a06a51f3347cafdbd:carcaça/SmartScreen/RemoteData/edgeSettings_2.0-a82cb2897a8bf9445d68dcc2be05af89ad4b2fda1fddb2952693be7cd5353ad3:generic-api-key:3754,SD-003/SD-004
Gitleaks,history,generic-api-key,carcaça/SmartScreen/RemoteData/edgeSettings_2.0-a82cb2897a8bf9445d68dcc2be05af89ad4b2fda1fddb2952693be7cd5353ad3,3758,16020ca5b0d061509545fb5a06a51f3347cafdbd,16020ca5b0d061509545fb5a06a51f3347cafdbd:carcaça/SmartScreen/RemoteData/edgeSettings_2.0-a82cb2897a8bf9445d68dcc2be05af89ad4b2fda1fddb2952693be7cd5353ad3:generic-api-key:3758,SD-003/SD-004
Gitleaks,history,generic-api-key,carcaça/SmartScreen/RemoteData/edgeSettings_2.0-a82cb2897a8bf9445d68dcc2be05af89ad4b2fda1fddb2952693be7cd5353ad3,3762,16020ca5b0d061509545fb5a06a51f3347cafdbd,16020ca5b0d061509545fb5a06a51f3347cafdbd:carcaça/SmartScreen/RemoteData/edgeSettings_2.0-a82cb2897a8bf9445d68dcc2be05af89ad4b2fda1fddb2952693be7cd5353ad3:generic-api-key:3762,SD-003/SD-004
Gitleaks,history,generic-api-key,carcaça/SmartScreen/RemoteData/edgeSettings_2.0-a82cb2897a8bf9445d68dcc2be05af89ad4b2fda1fddb2952693be7cd5353ad3,3766,16020ca5b0d061509545fb5a06a51f3347cafdbd,16020ca5b0d061509545fb5a06a51f3347cafdbd:carcaça/SmartScreen/RemoteData/edgeSettings_2.0-a82cb2897a8bf9445d68dcc2be05af89ad4b2fda1fddb2952693be7cd5353ad3:generic-api-key:3766,SD-003/SD-004
Gitleaks,history,generic-api-key,carcaça/SmartScreen/RemoteData/edgeSettings_2.0-a82cb2897a8bf9445d68dcc2be05af89ad4b2fda1fddb2952693be7cd5353ad3,3770,16020ca5b0d061509545fb5a06a51f3347cafdbd,16020ca5b0d061509545fb5a06a51f3347cafdbd:carcaça/SmartScreen/RemoteData/edgeSettings_2.0-a82cb2897a8bf9445d68dcc2be05af89ad4b2fda1fddb2952693be7cd5353ad3:generic-api-key:3770,SD-003/SD-004
Gitleaks,history,generic-api-key,carcaça/SmartScreen/RemoteData/edgeSettings_2.0-a82cb2897a8bf9445d68dcc2be05af89ad4b2fda1fddb2952693be7cd5353ad3,3774,16020ca5b0d061509545fb5a06a51f3347cafdbd,16020ca5b0d061509545fb5a06a51f3347cafdbd:carcaça/SmartScreen/RemoteData/edgeSettings_2.0-a82cb2897a8bf9445d68dcc2be05af89ad4b2fda1fddb2952693be7cd5353ad3:generic-api-key:3774,SD-003/SD-004
Gitleaks,history,generic-api-key,carcaça/SmartScreen/RemoteData/edgeSettings_2.0-a82cb2897a8bf9445d68dcc2be05af89ad4b2fda1fddb2952693be7cd5353ad3,3778,16020ca5b0d061509545fb5a06a51f3347cafdbd,16020ca5b0d061509545fb5a06a51f3347cafdbd:carcaça/SmartScreen/RemoteData/edgeSettings_2.0-a82cb2897a8bf9445d68dcc2be05af89ad4b2fda1fddb2952693be7cd5353ad3:generic-api-key:3778,SD-003/SD-004
Gitleaks,history,generic-api-key,carcaça/SmartScreen/RemoteData/edgeSettings_2.0-a82cb2897a8bf9445d68dcc2be05af89ad4b2fda1fddb2952693be7cd5353ad3,3786,16020ca5b0d061509545fb5a06a51f3347cafdbd,16020ca5b0d061509545fb5a06a51f3347cafdbd:carcaça/SmartScreen/RemoteData/edgeSettings_2.0-a82cb2897a8bf9445d68dcc2be05af89ad4b2fda1fddb2952693be7cd5353ad3:generic-api-key:3786,SD-003/SD-004
Gitleaks,history,generic-api-key,carcaça/SmartScreen/RemoteData/edgeSettings_2.0-a82cb2897a8bf9445d68dcc2be05af89ad4b2fda1fddb2952693be7cd5353ad3,3790,16020ca5b0d061509545fb5a06a51f3347cafdbd,16020ca5b0d061509545fb5a06a51f3347cafdbd:carcaça/SmartScreen/RemoteData/edgeSettings_2.0-a82cb2897a8bf9445d68dcc2be05af89ad4b2fda1fddb2952693be7cd5353ad3:generic-api-key:3790,SD-003/SD-004
Gitleaks,history,generic-api-key,carcaça/SmartScreen/RemoteData/edgeSettings_2.0-a82cb2897a8bf9445d68dcc2be05af89ad4b2fda1fddb2952693be7cd5353ad3,3794,16020ca5b0d061509545fb5a06a51f3347cafdbd,16020ca5b0d061509545fb5a06a51f3347cafdbd:carcaça/SmartScreen/RemoteData/edgeSettings_2.0-a82cb2897a8bf9445d68dcc2be05af89ad4b2fda1fddb2952693be7cd5353ad3:generic-api-key:3794,SD-003/SD-004
Gitleaks,history,generic-api-key,carcaça/SmartScreen/RemoteData/edgeSettings_2.0-a82cb2897a8bf9445d68dcc2be05af89ad4b2fda1fddb2952693be7cd5353ad3,3798,16020ca5b0d061509545fb5a06a51f3347cafdbd,16020ca5b0d061509545fb5a06a51f3347cafdbd:carcaça/SmartScreen/RemoteData/edgeSettings_2.0-a82cb2897a8bf9445d68dcc2be05af89ad4b2fda1fddb2952693be7cd5353ad3:generic-api-key:3798,SD-003/SD-004
Gitleaks,history,generic-api-key,carcaça/SmartScreen/RemoteData/edgeSettings_2.0-a82cb2897a8bf9445d68dcc2be05af89ad4b2fda1fddb2952693be7cd5353ad3,3810,16020ca5b0d061509545fb5a06a51f3347cafdbd,16020ca5b0d061509545fb5a06a51f3347cafdbd:carcaça/SmartScreen/RemoteData/edgeSettings_2.0-a82cb2897a8bf9445d68dcc2be05af89ad4b2fda1fddb2952693be7cd5353ad3:generic-api-key:3810,SD-003/SD-004
Gitleaks,history,generic-api-key,carcaça/SmartScreen/RemoteData/edgeSettings_2.0-a82cb2897a8bf9445d68dcc2be05af89ad4b2fda1fddb2952693be7cd5353ad3,3814,16020ca5b0d061509545fb5a06a51f3347cafdbd,16020ca5b0d061509545fb5a06a51f3347cafdbd:carcaça/SmartScreen/RemoteData/edgeSettings_2.0-a82cb2897a8bf9445d68dcc2be05af89ad4b2fda1fddb2952693be7cd5353ad3:generic-api-key:3814,SD-003/SD-004
Gitleaks,history,generic-api-key,carcaça/SmartScreen/RemoteData/edgeSettings_2.0-a82cb2897a8bf9445d68dcc2be05af89ad4b2fda1fddb2952693be7cd5353ad3,3818,16020ca5b0d061509545fb5a06a51f3347cafdbd,16020ca5b0d061509545fb5a06a51f3347cafdbd:carcaça/SmartScreen/RemoteData/edgeSettings_2.0-a82cb2897a8bf9445d68dcc2be05af89ad4b2fda1fddb2952693be7cd5353ad3:generic-api-key:3818,SD-003/SD-004
Gitleaks,history,generic-api-key,carcaça/SmartScreen/RemoteData/edgeSettings_2.0-a82cb2897a8bf9445d68dcc2be05af89ad4b2fda1fddb2952693be7cd5353ad3,3822,16020ca5b0d061509545fb5a06a51f3347cafdbd,16020ca5b0d061509545fb5a06a51f3347cafdbd:carcaça/SmartScreen/RemoteData/edgeSettings_2.0-a82cb2897a8bf9445d68dcc2be05af89ad4b2fda1fddb2952693be7cd5353ad3:generic-api-key:3822,SD-003/SD-004
Gitleaks,history,generic-api-key,carcaça/SmartScreen/RemoteData/edgeSettings_2.0-a82cb2897a8bf9445d68dcc2be05af89ad4b2fda1fddb2952693be7cd5353ad3,3826,16020ca5b0d061509545fb5a06a51f3347cafdbd,16020ca5b0d061509545fb5a06a51f3347cafdbd:carcaça/SmartScreen/RemoteData/edgeSettings_2.0-a82cb2897a8bf9445d68dcc2be05af89ad4b2fda1fddb2952693be7cd5353ad3:generic-api-key:3826,SD-003/SD-004
Gitleaks,history,generic-api-key,carcaça/SmartScreen/RemoteData/edgeSettings_2.0-a82cb2897a8bf9445d68dcc2be05af89ad4b2fda1fddb2952693be7cd5353ad3,3830,16020ca5b0d061509545fb5a06a51f3347cafdbd,16020ca5b0d061509545fb5a06a51f3347cafdbd:carcaça/SmartScreen/RemoteData/edgeSettings_2.0-a82cb2897a8bf9445d68dcc2be05af89ad4b2fda1fddb2952693be7cd5353ad3:generic-api-key:3830,SD-003/SD-004
Gitleaks,history,generic-api-key,carcaça/SmartScreen/RemoteData/edgeSettings_2.0-a82cb2897a8bf9445d68dcc2be05af89ad4b2fda1fddb2952693be7cd5353ad3,3834,16020ca5b0d061509545fb5a06a51f3347cafdbd,16020ca5b0d061509545fb5a06a51f3347cafdbd:carcaça/SmartScreen/RemoteData/edgeSettings_2.0-a82cb2897a8bf9445d68dcc2be05af89ad4b2fda1fddb2952693be7cd5353ad3:generic-api-key:3834,SD-003/SD-004
Gitleaks,history,generic-api-key,carcaça/SmartScreen/RemoteData/edgeSettings_2.0-a82cb2897a8bf9445d68dcc2be05af89ad4b2fda1fddb2952693be7cd5353ad3,3838,16020ca5b0d061509545fb5a06a51f3347cafdbd,16020ca5b0d061509545fb5a06a51f3347cafdbd:carcaça/SmartScreen/RemoteData/edgeSettings_2.0-a82cb2897a8bf9445d68dcc2be05af89ad4b2fda1fddb2952693be7cd5353ad3:generic-api-key:3838,SD-003/SD-004
Gitleaks,history,generic-api-key,carcaça/SmartScreen/RemoteData/edgeSettings_2.0-a82cb2897a8bf9445d68dcc2be05af89ad4b2fda1fddb2952693be7cd5353ad3,3842,16020ca5b0d061509545fb5a06a51f3347cafdbd,16020ca5b0d061509545fb5a06a51f3347cafdbd:carcaça/SmartScreen/RemoteData/edgeSettings_2.0-a82cb2897a8bf9445d68dcc2be05af89ad4b2fda1fddb2952693be7cd5353ad3:generic-api-key:3842,SD-003/SD-004
Gitleaks,history,generic-api-key,carcaça/SmartScreen/RemoteData/edgeSettings_2.0-a82cb2897a8bf9445d68dcc2be05af89ad4b2fda1fddb2952693be7cd5353ad3,3846,16020ca5b0d061509545fb5a06a51f3347cafdbd,16020ca5b0d061509545fb5a06a51f3347cafdbd:carcaça/SmartScreen/RemoteData/edgeSettings_2.0-a82cb2897a8bf9445d68dcc2be05af89ad4b2fda1fddb2952693be7cd5353ad3:generic-api-key:3846,SD-003/SD-004
Gitleaks,history,generic-api-key,carcaça/SmartScreen/RemoteData/edgeSettings_2.0-a82cb2897a8bf9445d68dcc2be05af89ad4b2fda1fddb2952693be7cd5353ad3,3862,16020ca5b0d061509545fb5a06a51f3347cafdbd,16020ca5b0d061509545fb5a06a51f3347cafdbd:carcaça/SmartScreen/RemoteData/edgeSettings_2.0-a82cb2897a8bf9445d68dcc2be05af89ad4b2fda1fddb2952693be7cd5353ad3:generic-api-key:3862,SD-003/SD-004
Gitleaks,history,generic-api-key,carcaça/SmartScreen/RemoteData/edgeSettings_2.0-a82cb2897a8bf9445d68dcc2be05af89ad4b2fda1fddb2952693be7cd5353ad3,3866,16020ca5b0d061509545fb5a06a51f3347cafdbd,16020ca5b0d061509545fb5a06a51f3347cafdbd:carcaça/SmartScreen/RemoteData/edgeSettings_2.0-a82cb2897a8bf9445d68dcc2be05af89ad4b2fda1fddb2952693be7cd5353ad3:generic-api-key:3866,SD-003/SD-004
Gitleaks,history,generic-api-key,carcaça/SmartScreen/RemoteData/edgeSettings_2.0-a82cb2897a8bf9445d68dcc2be05af89ad4b2fda1fddb2952693be7cd5353ad3,3870,16020ca5b0d061509545fb5a06a51f3347cafdbd,16020ca5b0d061509545fb5a06a51f3347cafdbd:carcaça/SmartScreen/RemoteData/edgeSettings_2.0-a82cb2897a8bf9445d68dcc2be05af89ad4b2fda1fddb2952693be7cd5353ad3:generic-api-key:3870,SD-003/SD-004
Gitleaks,history,generic-api-key,carcaça/SmartScreen/RemoteData/edgeSettings_2.0-a82cb2897a8bf9445d68dcc2be05af89ad4b2fda1fddb2952693be7cd5353ad3,3878,16020ca5b0d061509545fb5a06a51f3347cafdbd,16020ca5b0d061509545fb5a06a51f3347cafdbd:carcaça/SmartScreen/RemoteData/edgeSettings_2.0-a82cb2897a8bf9445d68dcc2be05af89ad4b2fda1fddb2952693be7cd5353ad3:generic-api-key:3878,SD-003/SD-004
Gitleaks,history,generic-api-key,carcaça/SmartScreen/RemoteData/edgeSettings_2.0-a82cb2897a8bf9445d68dcc2be05af89ad4b2fda1fddb2952693be7cd5353ad3,3882,16020ca5b0d061509545fb5a06a51f3347cafdbd,16020ca5b0d061509545fb5a06a51f3347cafdbd:carcaça/SmartScreen/RemoteData/edgeSettings_2.0-a82cb2897a8bf9445d68dcc2be05af89ad4b2fda1fddb2952693be7cd5353ad3:generic-api-key:3882,SD-003/SD-004
Gitleaks,history,generic-api-key,carcaça/SmartScreen/RemoteData/edgeSettings_2.0-a82cb2897a8bf9445d68dcc2be05af89ad4b2fda1fddb2952693be7cd5353ad3,3886,16020ca5b0d061509545fb5a06a51f3347cafdbd,16020ca5b0d061509545fb5a06a51f3347cafdbd:carcaça/SmartScreen/RemoteData/edgeSettings_2.0-a82cb2897a8bf9445d68dcc2be05af89ad4b2fda1fddb2952693be7cd5353ad3:generic-api-key:3886,SD-003/SD-004
Gitleaks,history,generic-api-key,carcaça/SmartScreen/RemoteData/edgeSettings_2.0-a82cb2897a8bf9445d68dcc2be05af89ad4b2fda1fddb2952693be7cd5353ad3,3890,16020ca5b0d061509545fb5a06a51f3347cafdbd,16020ca5b0d061509545fb5a06a51f3347cafdbd:carcaça/SmartScreen/RemoteData/edgeSettings_2.0-a82cb2897a8bf9445d68dcc2be05af89ad4b2fda1fddb2952693be7cd5353ad3:generic-api-key:3890,SD-003/SD-004
Gitleaks,history,generic-api-key,carcaça/SmartScreen/RemoteData/edgeSettings_2.0-a82cb2897a8bf9445d68dcc2be05af89ad4b2fda1fddb2952693be7cd5353ad3,3898,16020ca5b0d061509545fb5a06a51f3347cafdbd,16020ca5b0d061509545fb5a06a51f3347cafdbd:carcaça/SmartScreen/RemoteData/edgeSettings_2.0-a82cb2897a8bf9445d68dcc2be05af89ad4b2fda1fddb2952693be7cd5353ad3:generic-api-key:3898,SD-003/SD-004
Gitleaks,history,generic-api-key,carcaça/SmartScreen/RemoteData/edgeSettings_2.0-a82cb2897a8bf9445d68dcc2be05af89ad4b2fda1fddb2952693be7cd5353ad3,3902,16020ca5b0d061509545fb5a06a51f3347cafdbd,16020ca5b0d061509545fb5a06a51f3347cafdbd:carcaça/SmartScreen/RemoteData/edgeSettings_2.0-a82cb2897a8bf9445d68dcc2be05af89ad4b2fda1fddb2952693be7cd5353ad3:generic-api-key:3902,SD-003/SD-004
Gitleaks,history,generic-api-key,carcaça/SmartScreen/RemoteData/edgeSettings_2.0-a82cb2897a8bf9445d68dcc2be05af89ad4b2fda1fddb2952693be7cd5353ad3,3906,16020ca5b0d061509545fb5a06a51f3347cafdbd,16020ca5b0d061509545fb5a06a51f3347cafdbd:carcaça/SmartScreen/RemoteData/edgeSettings_2.0-a82cb2897a8bf9445d68dcc2be05af89ad4b2fda1fddb2952693be7cd5353ad3:generic-api-key:3906,SD-003/SD-004
Gitleaks,history,generic-api-key,carcaça/SmartScreen/RemoteData/edgeSettings_2.0-a82cb2897a8bf9445d68dcc2be05af89ad4b2fda1fddb2952693be7cd5353ad3,3910,16020ca5b0d061509545fb5a06a51f3347cafdbd,16020ca5b0d061509545fb5a06a51f3347cafdbd:carcaça/SmartScreen/RemoteData/edgeSettings_2.0-a82cb2897a8bf9445d68dcc2be05af89ad4b2fda1fddb2952693be7cd5353ad3:generic-api-key:3910,SD-003/SD-004
Gitleaks,history,generic-api-key,carcaça/SmartScreen/RemoteData/edgeSettings_2.0-a82cb2897a8bf9445d68dcc2be05af89ad4b2fda1fddb2952693be7cd5353ad3,3914,16020ca5b0d061509545fb5a06a51f3347cafdbd,16020ca5b0d061509545fb5a06a51f3347cafdbd:carcaça/SmartScreen/RemoteData/edgeSettings_2.0-a82cb2897a8bf9445d68dcc2be05af89ad4b2fda1fddb2952693be7cd5353ad3:generic-api-key:3914,SD-003/SD-004
Gitleaks,history,generic-api-key,carcaça/SmartScreen/RemoteData/edgeSettings_2.0-a82cb2897a8bf9445d68dcc2be05af89ad4b2fda1fddb2952693be7cd5353ad3,3918,16020ca5b0d061509545fb5a06a51f3347cafdbd,16020ca5b0d061509545fb5a06a51f3347cafdbd:carcaça/SmartScreen/RemoteData/edgeSettings_2.0-a82cb2897a8bf9445d68dcc2be05af89ad4b2fda1fddb2952693be7cd5353ad3:generic-api-key:3918,SD-003/SD-004
Gitleaks,history,generic-api-key,carcaça/SmartScreen/RemoteData/edgeSettings_2.0-a82cb2897a8bf9445d68dcc2be05af89ad4b2fda1fddb2952693be7cd5353ad3,3922,16020ca5b0d061509545fb5a06a51f3347cafdbd,16020ca5b0d061509545fb5a06a51f3347cafdbd:carcaça/SmartScreen/RemoteData/edgeSettings_2.0-a82cb2897a8bf9445d68dcc2be05af89ad4b2fda1fddb2952693be7cd5353ad3:generic-api-key:3922,SD-003/SD-004
Gitleaks,history,generic-api-key,carcaça/SmartScreen/RemoteData/edgeSettings_2.0-a82cb2897a8bf9445d68dcc2be05af89ad4b2fda1fddb2952693be7cd5353ad3,3926,16020ca5b0d061509545fb5a06a51f3347cafdbd,16020ca5b0d061509545fb5a06a51f3347cafdbd:carcaça/SmartScreen/RemoteData/edgeSettings_2.0-a82cb2897a8bf9445d68dcc2be05af89ad4b2fda1fddb2952693be7cd5353ad3:generic-api-key:3926,SD-003/SD-004
Gitleaks,history,generic-api-key,carcaça/SmartScreen/RemoteData/edgeSettings_2.0-a82cb2897a8bf9445d68dcc2be05af89ad4b2fda1fddb2952693be7cd5353ad3,3930,16020ca5b0d061509545fb5a06a51f3347cafdbd,16020ca5b0d061509545fb5a06a51f3347cafdbd:carcaça/SmartScreen/RemoteData/edgeSettings_2.0-a82cb2897a8bf9445d68dcc2be05af89ad4b2fda1fddb2952693be7cd5353ad3:generic-api-key:3930,SD-003/SD-004
Gitleaks,history,generic-api-key,carcaça/SmartScreen/RemoteData/edgeSettings_2.0-a82cb2897a8bf9445d68dcc2be05af89ad4b2fda1fddb2952693be7cd5353ad3,3934,16020ca5b0d061509545fb5a06a51f3347cafdbd,16020ca5b0d061509545fb5a06a51f3347cafdbd:carcaça/SmartScreen/RemoteData/edgeSettings_2.0-a82cb2897a8bf9445d68dcc2be05af89ad4b2fda1fddb2952693be7cd5353ad3:generic-api-key:3934,SD-003/SD-004
Gitleaks,history,generic-api-key,carcaça/SmartScreen/RemoteData/edgeSettings_2.0-a82cb2897a8bf9445d68dcc2be05af89ad4b2fda1fddb2952693be7cd5353ad3,3938,16020ca5b0d061509545fb5a06a51f3347cafdbd,16020ca5b0d061509545fb5a06a51f3347cafdbd:carcaça/SmartScreen/RemoteData/edgeSettings_2.0-a82cb2897a8bf9445d68dcc2be05af89ad4b2fda1fddb2952693be7cd5353ad3:generic-api-key:3938,SD-003/SD-004
Gitleaks,history,generic-api-key,carcaça/SmartScreen/RemoteData/edgeSettings_2.0-a82cb2897a8bf9445d68dcc2be05af89ad4b2fda1fddb2952693be7cd5353ad3,3946,16020ca5b0d061509545fb5a06a51f3347cafdbd,16020ca5b0d061509545fb5a06a51f3347cafdbd:carcaça/SmartScreen/RemoteData/edgeSettings_2.0-a82cb2897a8bf9445d68dcc2be05af89ad4b2fda1fddb2952693be7cd5353ad3:generic-api-key:3946,SD-003/SD-004
Gitleaks,history,generic-api-key,carcaça/SmartScreen/RemoteData/edgeSettings_2.0-a82cb2897a8bf9445d68dcc2be05af89ad4b2fda1fddb2952693be7cd5353ad3,3950,16020ca5b0d061509545fb5a06a51f3347cafdbd,16020ca5b0d061509545fb5a06a51f3347cafdbd:carcaça/SmartScreen/RemoteData/edgeSettings_2.0-a82cb2897a8bf9445d68dcc2be05af89ad4b2fda1fddb2952693be7cd5353ad3:generic-api-key:3950,SD-003/SD-004
Gitleaks,history,generic-api-key,carcaça/SmartScreen/RemoteData/edgeSettings_2.0-a82cb2897a8bf9445d68dcc2be05af89ad4b2fda1fddb2952693be7cd5353ad3,3958,16020ca5b0d061509545fb5a06a51f3347cafdbd,16020ca5b0d061509545fb5a06a51f3347cafdbd:carcaça/SmartScreen/RemoteData/edgeSettings_2.0-a82cb2897a8bf9445d68dcc2be05af89ad4b2fda1fddb2952693be7cd5353ad3:generic-api-key:3958,SD-003/SD-004
Gitleaks,history,generic-api-key,carcaça/SmartScreen/RemoteData/edgeSettings_2.0-a82cb2897a8bf9445d68dcc2be05af89ad4b2fda1fddb2952693be7cd5353ad3,3962,16020ca5b0d061509545fb5a06a51f3347cafdbd,16020ca5b0d061509545fb5a06a51f3347cafdbd:carcaça/SmartScreen/RemoteData/edgeSettings_2.0-a82cb2897a8bf9445d68dcc2be05af89ad4b2fda1fddb2952693be7cd5353ad3:generic-api-key:3962,SD-003/SD-004
Gitleaks,history,generic-api-key,carcaça/SmartScreen/RemoteData/edgeSettings_2.0-a82cb2897a8bf9445d68dcc2be05af89ad4b2fda1fddb2952693be7cd5353ad3,3966,16020ca5b0d061509545fb5a06a51f3347cafdbd,16020ca5b0d061509545fb5a06a51f3347cafdbd:carcaça/SmartScreen/RemoteData/edgeSettings_2.0-a82cb2897a8bf9445d68dcc2be05af89ad4b2fda1fddb2952693be7cd5353ad3:generic-api-key:3966,SD-003/SD-004
Gitleaks,history,generic-api-key,carcaça/Default/Extensions/pefhciejnkgdgoahgfeklebcbpmhnhhd/6.60.22_0/components.js,1,16020ca5b0d061509545fb5a06a51f3347cafdbd,16020ca5b0d061509545fb5a06a51f3347cafdbd:carcaça/Default/Extensions/pefhciejnkgdgoahgfeklebcbpmhnhhd/6.60.22_0/components.js:generic-api-key:1,SD-003/SD-004
Gitleaks,history,generic-api-key,carcaça/Default/Extensions/pefhciejnkgdgoahgfeklebcbpmhnhhd/6.60.22_0/components.js,1,16020ca5b0d061509545fb5a06a51f3347cafdbd,16020ca5b0d061509545fb5a06a51f3347cafdbd:carcaça/Default/Extensions/pefhciejnkgdgoahgfeklebcbpmhnhhd/6.60.22_0/components.js:generic-api-key:1,SD-003/SD-004
Gitleaks,history,generic-api-key,carcaça/Edge Sidebar/2026.2.24.1/edge_hub_apps_manifest_gz/4.11.81/asset,1,16020ca5b0d061509545fb5a06a51f3347cafdbd,16020ca5b0d061509545fb5a06a51f3347cafdbd:carcaça/Edge Sidebar/2026.2.24.1/edge_hub_apps_manifest_gz/4.11.81/asset:generic-api-key:1,SD-003/SD-004
Gitleaks,history,generic-api-key,carcaça/Edge Sidebar/2026.2.24.1/edge_hub_apps_manifest_gz/4.11.81/asset,1,16020ca5b0d061509545fb5a06a51f3347cafdbd,16020ca5b0d061509545fb5a06a51f3347cafdbd:carcaça/Edge Sidebar/2026.2.24.1/edge_hub_apps_manifest_gz/4.11.81/asset:generic-api-key:1,SD-003/SD-004
Gitleaks,history,generic-api-key,carcaça/Edge Sidebar/2026.2.24.1/edge_hub_apps_manifest_gz/4.11.81/asset,1,16020ca5b0d061509545fb5a06a51f3347cafdbd,16020ca5b0d061509545fb5a06a51f3347cafdbd:carcaça/Edge Sidebar/2026.2.24.1/edge_hub_apps_manifest_gz/4.11.81/asset:generic-api-key:1,SD-003/SD-004
Gitleaks,history,generic-api-key,carcaça/Edge Sidebar/2026.2.24.1/edge_hub_apps_manifest_gz/4.11.81/asset,1,16020ca5b0d061509545fb5a06a51f3347cafdbd,16020ca5b0d061509545fb5a06a51f3347cafdbd:carcaça/Edge Sidebar/2026.2.24.1/edge_hub_apps_manifest_gz/4.11.81/asset:generic-api-key:1,SD-003/SD-004
Gitleaks,history,generic-api-key,carcaça/Edge Sidebar/2026.2.24.1/edge_hub_apps_manifest_gz/4.11.81/asset,1,16020ca5b0d061509545fb5a06a51f3347cafdbd,16020ca5b0d061509545fb5a06a51f3347cafdbd:carcaça/Edge Sidebar/2026.2.24.1/edge_hub_apps_manifest_gz/4.11.81/asset:generic-api-key:1,SD-003/SD-004
Gitleaks,history,generic-api-key,carcaça/Edge Sidebar/2026.2.24.1/edge_hub_apps_manifest_gz/4.11.81/asset,1,16020ca5b0d061509545fb5a06a51f3347cafdbd,16020ca5b0d061509545fb5a06a51f3347cafdbd:carcaça/Edge Sidebar/2026.2.24.1/edge_hub_apps_manifest_gz/4.11.81/asset:generic-api-key:1,SD-003/SD-004
Gitleaks,history,generic-api-key,carcaça/Edge Sidebar/2026.2.24.1/edge_hub_apps_manifest_gz/4.11.81/asset,1,16020ca5b0d061509545fb5a06a51f3347cafdbd,16020ca5b0d061509545fb5a06a51f3347cafdbd:carcaça/Edge Sidebar/2026.2.24.1/edge_hub_apps_manifest_gz/4.11.81/asset:generic-api-key:1,SD-003/SD-004
Gitleaks,history,generic-api-key,carcaça/Edge Sidebar/2026.2.24.1/edge_hub_apps_manifest_gz/4.11.81/asset,1,16020ca5b0d061509545fb5a06a51f3347cafdbd,16020ca5b0d061509545fb5a06a51f3347cafdbd:carcaça/Edge Sidebar/2026.2.24.1/edge_hub_apps_manifest_gz/4.11.81/asset:generic-api-key:1,SD-003/SD-004
Gitleaks,history,generic-api-key,carcaça/Edge Sidebar/2026.2.24.1/edge_hub_apps_manifest_gz/4.11.81/asset,1,16020ca5b0d061509545fb5a06a51f3347cafdbd,16020ca5b0d061509545fb5a06a51f3347cafdbd:carcaça/Edge Sidebar/2026.2.24.1/edge_hub_apps_manifest_gz/4.11.81/asset:generic-api-key:1,SD-003/SD-004
Gitleaks,history,generic-api-key,carcaça/Edge Sidebar/2026.2.24.1/edge_hub_apps_manifest_gz/4.11.81/asset,1,16020ca5b0d061509545fb5a06a51f3347cafdbd,16020ca5b0d061509545fb5a06a51f3347cafdbd:carcaça/Edge Sidebar/2026.2.24.1/edge_hub_apps_manifest_gz/4.11.81/asset:generic-api-key:1,SD-003/SD-004
Gitleaks,history,generic-api-key,carcaça/Edge Sidebar/2026.2.24.1/edge_hub_apps_manifest_gz/4.11.81/asset,1,16020ca5b0d061509545fb5a06a51f3347cafdbd,16020ca5b0d061509545fb5a06a51f3347cafdbd:carcaça/Edge Sidebar/2026.2.24.1/edge_hub_apps_manifest_gz/4.11.81/asset:generic-api-key:1,SD-003/SD-004
Gitleaks,history,generic-api-key,carcaça/Edge Sidebar/2026.2.24.1/edge_hub_apps_manifest_gz/4.11.81/asset,1,16020ca5b0d061509545fb5a06a51f3347cafdbd,16020ca5b0d061509545fb5a06a51f3347cafdbd:carcaça/Edge Sidebar/2026.2.24.1/edge_hub_apps_manifest_gz/4.11.81/asset:generic-api-key:1,SD-003/SD-004
Gitleaks,history,generic-api-key,carcaça/Edge Sidebar/2026.2.24.1/edge_hub_apps_manifest_gz/4.11.81/asset,1,16020ca5b0d061509545fb5a06a51f3347cafdbd,16020ca5b0d061509545fb5a06a51f3347cafdbd:carcaça/Edge Sidebar/2026.2.24.1/edge_hub_apps_manifest_gz/4.11.81/asset:generic-api-key:1,SD-003/SD-004
Gitleaks,history,generic-api-key,carcaça/Edge Sidebar/2026.2.24.1/edge_hub_apps_manifest_gz/4.11.81/asset,1,16020ca5b0d061509545fb5a06a51f3347cafdbd,16020ca5b0d061509545fb5a06a51f3347cafdbd:carcaça/Edge Sidebar/2026.2.24.1/edge_hub_apps_manifest_gz/4.11.81/asset:generic-api-key:1,SD-003/SD-004
Gitleaks,history,generic-api-key,carcaça/Edge Sidebar/2026.2.24.1/edge_hub_apps_manifest_gz/4.11.81/asset,1,16020ca5b0d061509545fb5a06a51f3347cafdbd,16020ca5b0d061509545fb5a06a51f3347cafdbd:carcaça/Edge Sidebar/2026.2.24.1/edge_hub_apps_manifest_gz/4.11.81/asset:generic-api-key:1,SD-003/SD-004
Gitleaks,history,generic-api-key,carcaça/Edge Sidebar/2026.2.24.1/edge_hub_apps_manifest_gz/4.11.81/asset,1,16020ca5b0d061509545fb5a06a51f3347cafdbd,16020ca5b0d061509545fb5a06a51f3347cafdbd:carcaça/Edge Sidebar/2026.2.24.1/edge_hub_apps_manifest_gz/4.11.81/asset:generic-api-key:1,SD-003/SD-004
Gitleaks,history,generic-api-key,carcaça/Edge Sidebar/2026.2.24.1/edge_hub_apps_manifest_gz/4.11.81/asset,1,16020ca5b0d061509545fb5a06a51f3347cafdbd,16020ca5b0d061509545fb5a06a51f3347cafdbd:carcaça/Edge Sidebar/2026.2.24.1/edge_hub_apps_manifest_gz/4.11.81/asset:generic-api-key:1,SD-003/SD-004
Gitleaks,history,generic-api-key,carcaça/Edge Sidebar/2026.2.24.1/edge_hub_apps_manifest_gz/4.11.81/asset,1,16020ca5b0d061509545fb5a06a51f3347cafdbd,16020ca5b0d061509545fb5a06a51f3347cafdbd:carcaça/Edge Sidebar/2026.2.24.1/edge_hub_apps_manifest_gz/4.11.81/asset:generic-api-key:1,SD-003/SD-004
Gitleaks,history,generic-api-key,carcaça/Edge Sidebar/2026.2.24.1/edge_hub_apps_manifest_gz/4.11.81/asset,1,16020ca5b0d061509545fb5a06a51f3347cafdbd,16020ca5b0d061509545fb5a06a51f3347cafdbd:carcaça/Edge Sidebar/2026.2.24.1/edge_hub_apps_manifest_gz/4.11.81/asset:generic-api-key:1,SD-003/SD-004
Gitleaks,history,generic-api-key,carcaça/Edge Sidebar/2026.2.24.1/edge_hub_apps_manifest_gz/4.11.81/asset,1,16020ca5b0d061509545fb5a06a51f3347cafdbd,16020ca5b0d061509545fb5a06a51f3347cafdbd:carcaça/Edge Sidebar/2026.2.24.1/edge_hub_apps_manifest_gz/4.11.81/asset:generic-api-key:1,SD-003/SD-004
Gitleaks,history,generic-api-key,carcaça/Edge Sidebar/2026.2.24.1/edge_hub_apps_manifest_gz/4.11.81/asset,1,16020ca5b0d061509545fb5a06a51f3347cafdbd,16020ca5b0d061509545fb5a06a51f3347cafdbd:carcaça/Edge Sidebar/2026.2.24.1/edge_hub_apps_manifest_gz/4.11.81/asset:generic-api-key:1,SD-003/SD-004
Gitleaks,history,generic-api-key,carcaça/Edge Sidebar/2026.2.24.1/edge_hub_apps_manifest_gz/4.11.81/asset,1,16020ca5b0d061509545fb5a06a51f3347cafdbd,16020ca5b0d061509545fb5a06a51f3347cafdbd:carcaça/Edge Sidebar/2026.2.24.1/edge_hub_apps_manifest_gz/4.11.81/asset:generic-api-key:1,SD-003/SD-004
Gitleaks,history,generic-api-key,carcaça/Edge Sidebar/2026.2.24.1/edge_hub_apps_manifest_gz/4.11.81/asset,1,16020ca5b0d061509545fb5a06a51f3347cafdbd,16020ca5b0d061509545fb5a06a51f3347cafdbd:carcaça/Edge Sidebar/2026.2.24.1/edge_hub_apps_manifest_gz/4.11.81/asset:generic-api-key:1,SD-003/SD-004
Gitleaks,history,generic-api-key,carcaça/Edge Sidebar/2026.2.24.1/edge_hub_apps_manifest_gz/4.11.81/asset,1,16020ca5b0d061509545fb5a06a51f3347cafdbd,16020ca5b0d061509545fb5a06a51f3347cafdbd:carcaça/Edge Sidebar/2026.2.24.1/edge_hub_apps_manifest_gz/4.11.81/asset:generic-api-key:1,SD-003/SD-004
Gitleaks,history,generic-api-key,carcaça/Edge Sidebar/2026.2.24.1/edge_hub_apps_manifest_gz/4.11.81/asset,1,16020ca5b0d061509545fb5a06a51f3347cafdbd,16020ca5b0d061509545fb5a06a51f3347cafdbd:carcaça/Edge Sidebar/2026.2.24.1/edge_hub_apps_manifest_gz/4.11.81/asset:generic-api-key:1,SD-003/SD-004
Gitleaks,history,generic-api-key,carcaça/Edge Sidebar/2026.2.24.1/edge_hub_apps_manifest_gz/4.11.81/asset,1,16020ca5b0d061509545fb5a06a51f3347cafdbd,16020ca5b0d061509545fb5a06a51f3347cafdbd:carcaça/Edge Sidebar/2026.2.24.1/edge_hub_apps_manifest_gz/4.11.81/asset:generic-api-key:1,SD-003/SD-004
Gitleaks,history,generic-api-key,carcaça/Edge Sidebar/2026.2.24.1/edge_hub_apps_manifest_gz/4.11.81/asset,1,16020ca5b0d061509545fb5a06a51f3347cafdbd,16020ca5b0d061509545fb5a06a51f3347cafdbd:carcaça/Edge Sidebar/2026.2.24.1/edge_hub_apps_manifest_gz/4.11.81/asset:generic-api-key:1,SD-003/SD-004
Gitleaks,history,generic-api-key,carcaça/Edge Sidebar/2026.2.24.1/edge_hub_apps_manifest_gz/4.11.81/asset,1,16020ca5b0d061509545fb5a06a51f3347cafdbd,16020ca5b0d061509545fb5a06a51f3347cafdbd:carcaça/Edge Sidebar/2026.2.24.1/edge_hub_apps_manifest_gz/4.11.81/asset:generic-api-key:1,SD-003/SD-004
Gitleaks,history,generic-api-key,carcaça/Edge Sidebar/2026.2.24.1/edge_hub_apps_manifest_gz/4.11.81/asset,1,16020ca5b0d061509545fb5a06a51f3347cafdbd,16020ca5b0d061509545fb5a06a51f3347cafdbd:carcaça/Edge Sidebar/2026.2.24.1/edge_hub_apps_manifest_gz/4.11.81/asset:generic-api-key:1,SD-003/SD-004
Gitleaks,history,generic-api-key,carcaça/Edge Sidebar/2026.2.24.1/edge_hub_apps_manifest_gz/4.11.81/asset,1,16020ca5b0d061509545fb5a06a51f3347cafdbd,16020ca5b0d061509545fb5a06a51f3347cafdbd:carcaça/Edge Sidebar/2026.2.24.1/edge_hub_apps_manifest_gz/4.11.81/asset:generic-api-key:1,SD-003/SD-004
Gitleaks,history,generic-api-key,carcaça/Edge Sidebar/2026.2.24.1/edge_hub_apps_manifest_gz/4.11.81/asset,1,16020ca5b0d061509545fb5a06a51f3347cafdbd,16020ca5b0d061509545fb5a06a51f3347cafdbd:carcaça/Edge Sidebar/2026.2.24.1/edge_hub_apps_manifest_gz/4.11.81/asset:generic-api-key:1,SD-003/SD-004
Gitleaks,history,generic-api-key,carcaça/Edge Sidebar/2026.2.24.1/edge_hub_apps_manifest_gz/4.11.81/asset,1,16020ca5b0d061509545fb5a06a51f3347cafdbd,16020ca5b0d061509545fb5a06a51f3347cafdbd:carcaça/Edge Sidebar/2026.2.24.1/edge_hub_apps_manifest_gz/4.11.81/asset:generic-api-key:1,SD-003/SD-004
Gitleaks,history,generic-api-key,carcaça/Edge Sidebar/2026.2.24.1/edge_hub_apps_manifest_gz/4.11.81/asset,1,16020ca5b0d061509545fb5a06a51f3347cafdbd,16020ca5b0d061509545fb5a06a51f3347cafdbd:carcaça/Edge Sidebar/2026.2.24.1/edge_hub_apps_manifest_gz/4.11.81/asset:generic-api-key:1,SD-003/SD-004
Gitleaks,history,generic-api-key,carcaça/Edge Sidebar/2026.2.24.1/edge_hub_apps_manifest_gz/4.11.81/asset,1,16020ca5b0d061509545fb5a06a51f3347cafdbd,16020ca5b0d061509545fb5a06a51f3347cafdbd:carcaça/Edge Sidebar/2026.2.24.1/edge_hub_apps_manifest_gz/4.11.81/asset:generic-api-key:1,SD-003/SD-004
Gitleaks,history,generic-api-key,carcaça/Edge Sidebar/2026.2.24.1/edge_hub_apps_manifest_gz/4.11.81/asset,1,16020ca5b0d061509545fb5a06a51f3347cafdbd,16020ca5b0d061509545fb5a06a51f3347cafdbd:carcaça/Edge Sidebar/2026.2.24.1/edge_hub_apps_manifest_gz/4.11.81/asset:generic-api-key:1,SD-003/SD-004
Gitleaks,history,generic-api-key,carcaça/Edge Sidebar/2026.2.24.1/edge_hub_apps_manifest_gz/4.11.81/asset,1,16020ca5b0d061509545fb5a06a51f3347cafdbd,16020ca5b0d061509545fb5a06a51f3347cafdbd:carcaça/Edge Sidebar/2026.2.24.1/edge_hub_apps_manifest_gz/4.11.81/asset:generic-api-key:1,SD-003/SD-004
Gitleaks,history,generic-api-key,carcaça/Edge Sidebar/2026.2.24.1/edge_hub_apps_manifest_gz/4.11.81/asset,1,16020ca5b0d061509545fb5a06a51f3347cafdbd,16020ca5b0d061509545fb5a06a51f3347cafdbd:carcaça/Edge Sidebar/2026.2.24.1/edge_hub_apps_manifest_gz/4.11.81/asset:generic-api-key:1,SD-003/SD-004
Gitleaks,history,sourcegraph-access-token,carcaça/Default/Extensions/pefhciejnkgdgoahgfeklebcbpmhnhhd/6.60.22_0/content.js,1,16020ca5b0d061509545fb5a06a51f3347cafdbd,16020ca5b0d061509545fb5a06a51f3347cafdbd:carcaça/Default/Extensions/pefhciejnkgdgoahgfeklebcbpmhnhhd/6.60.22_0/content.js:sourcegraph-access-token:1,SD-003/SD-004
Gitleaks,history,generic-api-key,carcaça/Default/Extensions/pefhciejnkgdgoahgfeklebcbpmhnhhd/6.60.22_0/content.js,1,16020ca5b0d061509545fb5a06a51f3347cafdbd,16020ca5b0d061509545fb5a06a51f3347cafdbd:carcaça/Default/Extensions/pefhciejnkgdgoahgfeklebcbpmhnhhd/6.60.22_0/content.js:generic-api-key:1,SD-003/SD-004
Gitleaks,history,private-key,carcaça/Default/Extensions/pefhciejnkgdgoahgfeklebcbpmhnhhd/6.60.22_0/vendor.js,27,16020ca5b0d061509545fb5a06a51f3347cafdbd,16020ca5b0d061509545fb5a06a51f3347cafdbd:carcaça/Default/Extensions/pefhciejnkgdgoahgfeklebcbpmhnhhd/6.60.22_0/vendor.js:private-key:27,SD-003/SD-004
Gitleaks,history,private-key,carcaça/Default/Extensions/pefhciejnkgdgoahgfeklebcbpmhnhhd/6.60.22_0/background.js,36,16020ca5b0d061509545fb5a06a51f3347cafdbd,16020ca5b0d061509545fb5a06a51f3347cafdbd:carcaça/Default/Extensions/pefhciejnkgdgoahgfeklebcbpmhnhhd/6.60.22_0/background.js:private-key:36,SD-003/SD-004
